residue_i,residue_j,bp_type,bp_group,ProteinResName,ProteinResNo,StructureName
16S:1100,16S:1102,uS2,NPN,ARG,96,1VY4
16S:1100,16S:1103,uS2,NPN,ARG,96,1VY4
16S:1102,16S:1103,uS2,NPN,ARG,96,1VY4
16S:1074,16S:1101,uS2,NPN,THR,103,1VY4
16S:1073,16S:1074,uS2,NPN,ASN,104,1VY4
16S:1060,16S:1061,uS3,NPN,GLY,2,1VY4
16S:1191,16S:1193,uS3,NPN,ASN,3,1VY4
16S:1190,16S:1191,uS3,NPN,LYS,4,1VY4
16S:1190,16S:1192,uS3,NPN,LYS,4,1VY4
16S:1191,16S:1192,uS3,NPN,LYS,4,1VY4
16S:1255,16S:1256,uS3,NPN,LYS,26,1VY4
16S:1255,16S:1279,uS3,NPN,LYS,26,1VY4
16S:1256,16S:1279,uS3,NPN,LYS,26,1VY4
16S:1057,16S:1058,uS3,NPN,SER,154,1VY4
16S:1056,16S:1196,uS3,NPN,GLN,162,1VY4
16S:1108,16S:1109,uS3,NPN,HIS,176,1VY4
16S:1108,16S:1111,uS3,NPN,HIS,176,1VY4
16S:1108,16S:1112,uS3,NPN,HIS,176,1VY4
16S:1109,16S:1111,uS3,NPN,HIS,176,1VY4
16S:1109,16S:1112,uS3,NPN,HIS,176,1VY4
16S:1111,16S:1112,uS3,NPN,HIS,176,1VY4
16S:1111,16S:1112,uS3,NPN,THR,177,1VY4
16S:421,16S:1206,uS3,NPN,THR,192,1VY4
16S:1055,16S:1206,uS3,NPN,TYR,193,1VY4
16S:405,16S:547,uS4,NPN,GLY,2,1VY4
16S:405,16S:406,uS4,NPN,ARG,3,1VY4
16S:429,16S:430,uS4,NPN,CYS,9,1VY4
16S:427,16S:428,uS4,NPN,ARG,10,1VY4
16S:427,16S:542,uS4,NPN,ARG,10,1VY4
16S:427,16S:543,uS4,NPN,ARG,10,1VY4
16S:428,16S:542,uS4,NPN,ARG,10,1VY4
16S:428,16S:543,uS4,NPN,ARG,10,1VY4
16S:542,16S:543,uS4,NPN,ARG,10,1VY4
16S:542,16S:543,uS4,NPN,ARG,14,1VY4
16S:408,16S:409,uS4,NPN,LYS,22,1VY4
16S:408,16S:429,uS4,NPN,LYS,22,1VY4
16S:409,16S:429,uS4,NPN,LYS,22,1VY4
16S:409,16S:410,uS4,NPN,ARG,25,1VY4
16S:409,16S:411,uS4,NPN,ARG,25,1VY4
16S:410,16S:411,uS4,NPN,ARG,25,1VY4
16S:410,16S:411,uS4,NPN,LYS,30,1VY4
16S:412,16S:413,uS4,NPN,ARG,35,1VY4
16S:426,16S:427,uS4,NPN,ARG,36,1VY4
16S:426,16S:428,uS4,NPN,ARG,36,1VY4
16S:426,16S:429,uS4,NPN,ARG,36,1VY4
16S:427,16S:428,uS4,NPN,ARG,36,1VY4
16S:427,16S:429,uS4,NPN,ARG,36,1VY4
16S:428,16S:429,uS4,NPN,ARG,36,1VY4
16S:427,16S:542,uS4,NPN,PRO,40,1VY4
16S:426,16S:427,uS4,NPN,GLY,41,1VY4
16S:426,16S:512,uS4,NPN,GLN,42,1VY4
16S:426,16S:541,uS4,NPN,GLN,42,1VY4
16S:512,16S:541,uS4,NPN,GLN,42,1VY4
16S:511,16S:512,uS4,NPN,HIS,43,1VY4
16S:544,16S:545,uS4,NPN,GLN,62,1VY4
16S:545,16S:546,uS4,NPN,GLU,72,1VY4
16S:400,16S:401,uS4,NPN,ARG,73,1VY4
16S:400,16S:546,uS4,NPN,ARG,73,1VY4
16S:401,16S:546,uS4,NPN,ARG,73,1VY4
16S:402,16S:403,uS4,NPN,GLN,74,1VY4
16S:407,16S:408,uS4,NPN,ARG,115,1VY4
16S:406,16S:407,uS4,NPN,GLN,119,1VY4
16S:437,16S:438,uS4,NPN,HIS,123,1VY4
16S:437,16S:438,uS4,NPN,HIS,125,1VY4
16S:619,16S:620,uS4,NPN,LEU,135,1VY4
16S:8,16S:26,uS4,NPN,ARG,209,1VY4
16S:8,16S:508,uS4,NPN,ARG,209,1VY4
16S:26,16S:508,uS4,NPN,ARG,209,1VY4
16S:18,16S:1079,uS5,NPN,ARG,14,1VY4
16S:16,16S:1080,uS5,NPN,THR,16,1VY4
16S:16,16S:1081,uS5,NPN,THR,16,1VY4
16S:1080,16S:1081,uS5,NPN,THR,16,1VY4
16S:921,16S:922,uS5,NPN,MET,19,1VY4
16S:15,16S:1397,uS5,NPN,ARG,24,1VY4
16S:1069,16S:1070,uS5,NPN,ARG,25,1VY4
16S:1069,16S:1192,uS5,NPN,ARG,25,1VY4
16S:1069,16S:1193,uS5,NPN,ARG,25,1VY4
16S:1070,16S:1192,uS5,NPN,ARG,25,1VY4
16S:1070,16S:1193,uS5,NPN,ARG,25,1VY4
16S:1192,16S:1193,uS5,NPN,ARG,25,1VY4
16S:5,16S:6,uS5,NPN,ALA,95,1VY4
16S:7,16S:8,uS5,NPN,THR,120,1VY4
16S:9,16S:559,uS5,NPN,LYS,121,1VY4
16S:10,16S:559,uS5,NPN,ARG,126,1VY4
16S:18,16S:19,uS5,NPN,ASN,130,1VY4
16S:18,16S:1078,uS5,NPN,ASN,130,1VY4
16S:19,16S:1078,uS5,NPN,ASN,130,1VY4
16S:1078,16S:1079,uS5,NPN,TYR,133,1VY4
16S:738,16S:739,bS6,NPN,ARG,2,1VY4
16S:670,16S:737,bS6,NPN,ASN,73,1VY4
16S:673,16S:674,bS6,NPN,ARG,87,1VY4
16S:737,16S:738,bS6,NPN,LYS,92,1VY4
16S:1377,16S:1379,uS7,NPN,ALA,2,1VY4
16S:1377,16S:1380,uS7,NPN,ALA,2,1VY4
16S:1379,16S:1380,uS7,NPN,ALA,2,1VY4
16S:933,16S:935,uS7,NPN,ARG,3,1VY4
16S:933,16S:1380,uS7,NPN,ARG,3,1VY4
16S:935,16S:1380,uS7,NPN,ARG,3,1VY4
16S:1378,16S:1379,uS7,NPN,ARG,6,1VY4
16S:1346,16S:1376,uS7,NPN,ARG,10,1VY4
16S:940,16S:1375,uS7,NPN,LYS,29,1VY4
16S:1350,16S:1351,uS7,NPN,ASP,33,1VY4
16S:1241,16S:1290,uS7,NPN,LYS,35,1VY4
16S:1291,16S:1292,uS7,NPN,ARG,41,1VY4
16S:1376,16S:1377,uS7,NPN,ARG,94,1VY4
16S:939,16S:940,uS7,NPN,ARG,102,1VY4
16S:1239,16S:1297,uS7,NPN,ARG,114,1VY4
16S:1239,16S:1298,uS7,NPN,ARG,114,1VY4
16S:1297,16S:1298,uS7,NPN,ARG,114,1VY4
16S:587,16S:877,uS8,NPN,THR,3,1VY4
16S:875,16S:876,uS8,NPN,THR,11,1VY4
16S:875,16S:876,uS8,NPN,ARG,14,1VY4
16S:826,16S:875,uS8,NPN,ASN,15,1VY4
16S:860,16S:861,uS8,NPN,ARG,75,1VY4
16S:877,16S:878,uS8,NPN,LYS,88,1VY4
16S:587,16S:644,uS8,NPN,ARG,92,1VY4
16S:597,16S:598,uS8,NPN,TYR,94,1VY4
16S:640,16S:641,uS8,NPN,SER,115,1VY4
16S:1118,16S:1149,uS9,NPN,ARG,9,1VY4
16S:1371,16S:1372,uS9,NPN,LYS,11,1VY4
16S:1251,16S:1370,uS9,NPN,GLU,12,1VY4
16S:1251,16S:1371,uS9,NPN,GLU,12,1VY4
16S:1370,16S:1371,uS9,NPN,GLU,12,1VY4
16S:1130,16S:1147,uS9,NPN,ARG,16,1VY4
16S:1130,16S:1148,uS9,NPN,ARG,16,1VY4
16S:1147,16S:1148,uS9,NPN,ARG,16,1VY4
16S:1130,16S:1131,uS9,NPN,ARG,20,1VY4
16S:1291,16S:1292,uS9,NPN,GLN,38,1VY4
16S:1249,16S:1250,uS9,NPN,GLY,68,1VY4
16S:1371,16S:1372,uS9,NPN,GLY,69,1VY4
16S:1248,16S:1249,uS9,NPN,LYS,70,1VY4
16S:1372,16S:1373,uS9,NPN,SER,71,1VY4
16S:1179,16S:1180,uS9,NPN,THR,103,1VY4
16S:1117,16S:1118,uS9,NPN,ARG,104,1VY4
16S:1116,16S:1347,uS9,NPN,VAL,108,1VY4
16S:1187,16S:1368,uS9,NPN,ARG,111,1VY4
16S:1367,16S:1368,uS9,NPN,LYS,112,1VY4
16S:1367,16S:1369,uS9,NPN,LYS,112,1VY4
16S:1368,16S:1369,uS9,NPN,LYS,112,1VY4
16S:1186,16S:1187,uS9,NPN,LYS,113,1VY4
16S:1367,16S:1368,uS9,NPN,TYR,114,1VY4
16S:1233,16S:1366,uS9,NPN,HIS,117,1VY4
16S:1349,16S:1350,uS9,NPN,LYS,118,1VY4
16S:1349,16S:1351,uS9,NPN,LYS,118,1VY4
16S:1350,16S:1351,uS9,NPN,LYS,118,1VY4
16S:1344,16S:1345,uS9,NPN,ARG,120,1VY4
16S:1344,16S:1346,uS9,NPN,ARG,120,1VY4
16S:1344,16S:1349,uS9,NPN,ARG,120,1VY4
16S:1345,16S:1346,uS9,NPN,ARG,120,1VY4
16S:1345,16S:1349,uS9,NPN,ARG,120,1VY4
16S:1346,16S:1349,uS9,NPN,ARG,120,1VY4
16S:1349,16S:1350,uS9,NPN,ARG,121,1VY4
16S:942,16S:943,uS9,NPN,GLN,124,1VY4
16S:942,16S:1232,uS9,NPN,GLN,124,1VY4
16S:942,16S:1233,uS9,NPN,GLN,124,1VY4
16S:942,16S:1342,uS9,NPN,GLN,124,1VY4
16S:943,16S:1232,uS9,NPN,GLN,124,1VY4
16S:943,16S:1233,uS9,NPN,GLN,124,1VY4
16S:943,16S:1342,uS9,NPN,GLN,124,1VY4
16S:1232,16S:1233,uS9,NPN,GLN,124,1VY4
16S:1232,16S:1342,uS9,NPN,GLN,124,1VY4
16S:1233,16S:1342,uS9,NPN,GLN,124,1VY4
16S:967,16S:1342,uS9,NPN,TYR,125,1VY4
16S:966,16S:970,uS9,NPN,ARG,128,1VY4
16S:1125,16S:1126,uS10,NPN,ARG,5,1VY4
16S:1124,16S:1125,uS10,NPN,SER,35,1VY4
16S:1123,16S:1124,uS10,NPN,GLY,36,1VY4
16S:1150,16S:1151,uS10,NPN,PRO,39,1VY4
16S:1150,16S:1280,uS10,NPN,PRO,41,1VY4
16S:1255,16S:1279,uS10,NPN,ARG,43,1VY4
16S:1253,16S:1254,uS10,NPN,VAL,44,1VY4
16S:975,16S:1367,uS10,NPN,THR,48,1VY4
16S:963,16S:973,uS10,NPN,PHE,54,1VY4
16S:963,16S:1198,uS10,NPN,PHE,54,1VY4
16S:973,16S:1198,uS10,NPN,PHE,54,1VY4
16S:964,16S:969,uS10,NPN,LYS,55,1VY4
16S:964,16S:972,uS10,NPN,LYS,55,1VY4
16S:964,16S:973,uS10,NPN,LYS,55,1VY4
16S:969,16S:972,uS10,NPN,LYS,55,1VY4
16S:969,16S:973,uS10,NPN,LYS,55,1VY4
16S:972,16S:973,uS10,NPN,LYS,55,1VY4
16S:1060,16S:1061,uS10,NPN,HIS,56,1VY4
16S:972,16S:973,uS10,NPN,LYS,57,1VY4
16S:975,16S:1366,uS10,NPN,ARG,60,1VY4
16S:1367,16S:1368,uS10,NPN,HIS,62,1VY4
16S:691,16S:692,uS11,NPN,ASN,26,1VY4
16S:689,16S:690,uS11,NPN,ASN,27,1VY4
16S:684,16S:707,uS11,NPN,PRO,39,1VY4
16S:686,16S:704,uS11,NPN,TRP,42,1VY4
16S:688,16S:689,uS11,NPN,SER,44,1VY4
16S:688,16S:689,uS11,NPN,GLY,46,1VY4
16S:692,16S:695,uS11,NPN,GLY,52,1VY4
16S:692,16S:694,uS11,NPN,SER,53,1VY4
16S:692,16S:695,uS11,NPN,SER,53,1VY4
16S:694,16S:695,uS11,NPN,SER,53,1VY4
16S:689,16S:690,uS11,NPN,LYS,55,1VY4
16S:689,16S:691,uS11,NPN,LYS,55,1VY4
16S:690,16S:691,uS11,NPN,LYS,55,1VY4
16S:707,16S:708,uS11,NPN,ARG,85,1VY4
16S:675,16S:718,uS11,NPN,HIS,116,1VY4
16S:778,16S:779,uS11,NPN,ARG,120,1VY4
16S:778,16S:1524,uS11,NPN,ARG,120,1VY4
16S:778,16S:1525,uS11,NPN,ARG,120,1VY4
16S:779,16S:1524,uS11,NPN,ARG,120,1VY4
16S:779,16S:1525,uS11,NPN,ARG,120,1VY4
16S:1524,16S:1525,uS11,NPN,ARG,120,1VY4
16S:779,16S:798,uS11,NPN,LYS,122,1VY4
16S:780,16S:1523,uS11,NPN,LYS,123,1VY4
16S:567,16S:568,uS12,NPN,PRO,5,1VY4
16S:585,16S:880,uS12,NPN,ASN,8,1VY4
16S:880,16S:881,uS12,NPN,GLN,9,1VY4
16S:880,16S:881,uS12,NPN,ARG,12,1VY4
16S:881,16S:882,uS12,NPN,LYS,13,1VY4
16S:562,16S:563,uS12,NPN,ARG,15,1VY4
16S:562,16S:564,uS12,NPN,ARG,15,1VY4
16S:562,16S:567,uS12,NPN,ARG,15,1VY4
16S:563,16S:564,uS12,NPN,ARG,15,1VY4
16S:563,16S:567,uS12,NPN,ARG,15,1VY4
16S:564,16S:567,uS12,NPN,ARG,15,1VY4
16S:33,16S:363,uS12,NPN,PHE,32,1VY4
16S:527,16S:528,uS12,NPN,ASN,49,1VY4
16S:527,16S:529,uS12,NPN,ASN,49,1VY4
16S:528,16S:529,uS12,NPN,ASN,49,1VY4
16S:519,16S:529,uS12,NPN,SER,50,1VY4
16S:522,16S:523,uS12,NPN,ARG,53,1VY4
16S:521,16S:522,uS12,NPN,GLY,72,1VY4
16S:538,16S:539,uS12,NPN,LYS,114,1VY4
16S:538,16S:539,uS12,NPN,LYS,115,1VY4
16S:502,16S:503,uS12,NPN,SER,116,1VY4
16S:36,16S:501,uS12,NPN,ARG,117,1VY4
16S:36,16S:502,uS12,NPN,ARG,117,1VY4
16S:501,16S:502,uS12,NPN,ARG,117,1VY4
16S:35,16S:502,uS12,NPN,SER,118,1VY4
16S:1295,16S:1302,uS13,NPN,ARG,14,1VY4
16S:1329,16S:1330,uS13,NPN,GLY,24,1VY4
16S:1329,16S:1330,uS13,NPN,ILE,25,1VY4
16S:1328,16S:1329,uS13,NPN,ARG,29,1VY4
16S:1309,16S:1310,uS13,NPN,ARG,88,1VY4
16S:1308,16S:1309,uS13,NPN,HIS,92,1VY4
16S:1308,16S:1309,uS13,NPN,ARG,99,1VY4
16S:949,16S:1307,uS13,NPN,GLN,101,1VY4
16S:949,16S:1308,uS13,NPN,GLN,101,1VY4
16S:1307,16S:1308,uS13,NPN,GLN,101,1VY4
16S:950,16S:951,uS13,NPN,ARG,102,1VY4
16S:1225,16S:1226,uS13,NPN,THR,103,1VY4
16S:952,16S:953,uS13,NPN,ARG,104,1VY4
16S:952,16S:1226,uS13,NPN,ARG,104,1VY4
16S:952,16S:1228,uS13,NPN,ARG,104,1VY4
16S:953,16S:1226,uS13,NPN,ARG,104,1VY4
16S:953,16S:1228,uS13,NPN,ARG,104,1VY4
16S:1226,16S:1228,uS13,NPN,ARG,104,1VY4
16S:950,16S:952,uS13,NPN,THR,105,1VY4
16S:950,16S:1229,uS13,NPN,THR,105,1VY4
16S:952,16S:1229,uS13,NPN,THR,105,1VY4
16S:948,16S:1228,uS13,NPN,ARG,108,1VY4
16S:947,16S:948,uS13,NPN,THR,109,1VY4
16S:947,16S:1306,uS13,NPN,THR,109,1VY4
16S:948,16S:1306,uS13,NPN,THR,109,1VY4
16S:1226,16S:1227,uS13,NPN,LYS,111,1VY4
16S:1226,16S:1228,uS13,NPN,LYS,111,1VY4
16S:1227,16S:1228,uS13,NPN,LYS,111,1VY4
16S:946,16S:947,uS13,NPN,ARG,114,1VY4
16S:946,16S:1228,uS13,NPN,ARG,114,1VY4
16S:946,16S:1229,uS13,NPN,ARG,114,1VY4
16S:947,16S:1228,uS13,NPN,ARG,114,1VY4
16S:947,16S:1229,uS13,NPN,ARG,114,1VY4
16S:1228,16S:1229,uS13,NPN,ARG,114,1VY4
16S:1227,16S:1228,uS13,NPN,LYS,115,1VY4
16S:1049,16S:1203,uS14,NPN,ARG,3,1VY4
16S:1047,16S:1048,uS14,NPN,LYS,4,1VY4
16S:1217,16S:1218,uS14,NPN,LYS,9,1VY4
16S:1316,16S:1317,uS14,NPN,LYS,17,1VY4
16S:979,16S:1316,uS14,NPN,VAL,18,1VY4
16S:979,16S:980,uS14,NPN,ARG,19,1VY4
16S:979,16S:1219,uS14,NPN,ARG,19,1VY4
16S:980,16S:1219,uS14,NPN,ARG,19,1VY4
16S:973,16S:974,uS14,NPN,ARG,29,1VY4
16S:973,16S:1202,uS14,NPN,ARG,29,1VY4
16S:974,16S:1202,uS14,NPN,ARG,29,1VY4
16S:975,16S:976,uS14,NPN,SER,32,1VY4
16S:975,16S:1357,uS14,NPN,TYR,34,1VY4
16S:1358,16S:1360,uS14,NPN,ARG,35,1VY4
16S:973,16S:974,uS14,NPN,ARG,41,1VY4
16S:1059,16S:1060,uS14,NPN,ARG,45,1VY4
16S:1114,16S:1187,uS14,NPN,SER,60,1VY4
16S:1114,16S:1188,uS14,NPN,SER,60,1VY4
16S:1187,16S:1188,uS14,NPN,SER,60,1VY4
16S:1186,16S:1187,uS14,NPN,TRP,61,1VY4
16S:1186,16S:1369,uS14,NPN,TRP,61,1VY4
16S:1187,16S:1369,uS14,NPN,TRP,61,1VY4
16S:658,16S:659,uS15,NPN,LYS,8,1VY4
16S:658,16S:750,uS15,NPN,THR,22,1VY4
16S:657,16S:750,uS15,NPN,GLY,23,1VY4
16S:657,16S:751,uS15,NPN,GLY,23,1VY4
16S:750,16S:751,uS15,NPN,GLY,23,1VY4
16S:656,16S:657,uS15,NPN,GLN,28,1VY4
16S:741,16S:742,uS15,NPN,ARG,35,1VY4
16S:667,16S:730,uS15,NPN,HIS,51,1VY4
16S:666,16S:740,uS15,NPN,SER,52,1VY4
16S:666,16S:741,uS15,NPN,SER,52,1VY4
16S:740,16S:741,uS15,NPN,SER,52,1VY4
16S:579,16S:728,uS15,NPN,ARG,54,1VY4
16S:581,16S:755,uS15,NPN,ARG,65,1VY4
16S:752,16S:754,uS15,NPN,TYR,69,1VY4
16S:376,16S:377,bS16,NPN,ARG,5,1VY4
16S:375,16S:376,bS16,NPN,LEU,6,1VY4
16S:391,16S:392,bS16,NPN,ARG,8,1VY4
16S:624,16S:625,bS16,NPN,GLY,10,1VY4
16S:44,16S:393,bS16,NPN,LYS,12,1VY4
16S:392,16S:393,bS16,NPN,HIS,13,1VY4
16S:608,16S:609,bS16,NPN,ARG,18,1VY4
16S:110,16S:134,bS16,NPN,ARG,25,1VY4
16S:112,16S:310,bS16,NPN,LYS,27,1VY4
16S:375,16S:390,bS16,NPN,ARG,28,1VY4
16S:375,16S:391,bS16,NPN,ARG,28,1VY4
16S:390,16S:391,bS16,NPN,ARG,28,1VY4
16S:450,16S:452,bS16,NPN,LYS,43,1VY4
16S:227,16S:228,bS16,NPN,VAL,62,1VY4
16S:136,16S:137,bS16,NPN,GLY,63,1VY4
16S:452,16S:453,bS16,NPN,ARG,72,1VY4
16S:128,16S:129,uS17,NPN,LYS,3,1VY4
16S:253,16S:254,uS17,NPN,MET,15,1VY4
16S:253,16S:275,uS17,NPN,MET,15,1VY4
16S:254,16S:275,uS17,NPN,MET,15,1VY4
16S:254,16S:255,uS17,NPN,GLN,16,1VY4
16S:254,16S:273,uS17,NPN,GLN,16,1VY4
16S:255,16S:273,uS17,NPN,GLN,16,1VY4
16S:255,16S:256,uS17,NPN,LYS,17,1VY4
16S:237,16S:238,uS17,NPN,ARG,25,1VY4
16S:585,16S:879,uS17,NPN,LYS,34,1VY4
16S:236,16S:237,uS17,NPN,LYS,40,1VY4
16S:277,16S:278,uS17,NPN,LYS,41,1VY4
16S:130,16S:189F,uS17,NPN,ARG,63,1VY4
16S:130,16S:189G,uS17,NPN,ARG,63,1VY4
16S:189F,16S:189G,uS17,NPN,ARG,63,1VY4
16S:264,16S:265,uS17,NPN,PRO,64,1VY4
16S:254,16S:255,uS17,NPN,SER,66,1VY4
16S:254,16S:265,uS17,NPN,SER,66,1VY4
16S:255,16S:265,uS17,NPN,SER,66,1VY4
16S:253,16S:254,uS17,NPN,LYS,67,1VY4
16S:253,16S:265,uS17,NPN,LYS,67,1VY4
16S:253,16S:266,uS17,NPN,LYS,67,1VY4
16S:253,16S:267,uS17,NPN,LYS,67,1VY4
16S:254,16S:265,uS17,NPN,LYS,67,1VY4
16S:254,16S:266,uS17,NPN,LYS,67,1VY4
16S:254,16S:267,uS17,NPN,LYS,67,1VY4
16S:265,16S:266,uS17,NPN,LYS,67,1VY4
16S:265,16S:267,uS17,NPN,LYS,67,1VY4
16S:266,16S:267,uS17,NPN,LYS,67,1VY4
16S:234,16S:235,uS17,NPN,ARG,70,1VY4
16S:280,16S:583,uS17,NPN,ARG,91,1VY4
16S:280,16S:584,uS17,NPN,ARG,91,1VY4
16S:583,16S:584,uS17,NPN,ARG,91,1VY4
16S:246,16S:279,uS17,NPN,LEU,98,1VY4
16S:246,16S:760,uS17,NPN,LEU,98,1VY4
16S:279,16S:760,uS17,NPN,LEU,98,1VY4
16S:244,16S:247,uS17,NPN,LYS,100,1VY4
16S:835,16S:836,bS18,NPN,LYS,61,1VY4
16S:664,16S:835,bS18,NPN,ARG,64,1VY4
16S:720,16S:734,bS18,NPN,LYS,71,1VY4
16S:718,16S:719,bS18,NPN,ARG,74,1VY4
16S:674,16S:718,bS18,NPN,PHE,81,1VY4
16S:1312,16S:1313,uS19,NPN,PRO,2,1VY4
16S:1312,16S:1314,uS19,NPN,PRO,2,1VY4
16S:1313,16S:1314,uS19,NPN,PRO,2,1VY4
16S:1316,16S:1318,uS19,NPN,LYS,7,1VY4
16S:1014,16S:1219,uS19,NPN,TRP,34,1VY4
16S:1014,16S:1220,uS19,NPN,TRP,34,1VY4
16S:1219,16S:1220,uS19,NPN,TRP,34,1VY4
16S:1220,16S:1320,uS19,NPN,ARG,36,1VY4
16S:1317,16S:1318,uS19,NPN,ARG,37,1VY4
16S:986,16S:987,uS19,NPN,TYR,52,1VY4
16S:986,16S:1220,uS19,NPN,TYR,52,1VY4
16S:987,16S:1220,uS19,NPN,TYR,52,1VY4
16S:986,16S:1220,uS19,NPN,GLY,54,1VY4
16S:958,16S:986,uS19,NPN,LYS,55,1VY4
16S:958,16S:959,uS19,NPN,THR,77,1VY4
16S:958,16S:1221,uS19,NPN,THR,77,1VY4
16S:958,16S:1222,uS19,NPN,THR,77,1VY4
16S:958,16S:1321,uS19,NPN,THR,77,1VY4
16S:959,16S:1221,uS19,NPN,THR,77,1VY4
16S:959,16S:1222,uS19,NPN,THR,77,1VY4
16S:959,16S:1321,uS19,NPN,THR,77,1VY4
16S:1221,16S:1222,uS19,NPN,THR,77,1VY4
16S:1221,16S:1321,uS19,NPN,THR,77,1VY4
16S:1222,16S:1321,uS19,NPN,THR,77,1VY4
16S:1222,16S:1223,uS19,NPN,ARG,78,1VY4
16S:1222,16S:1321,uS19,NPN,ARG,78,1VY4
16S:1222,16S:1322,uS19,NPN,ARG,78,1VY4
16S:1223,16S:1321,uS19,NPN,ARG,78,1VY4
16S:1223,16S:1322,uS19,NPN,ARG,78,1VY4
16S:1321,16S:1322,uS19,NPN,ARG,78,1VY4
16S:1226,16S:1227,uS19,NPN,TYR,80,1VY4
16S:955,16S:1226,uS19,NPN,HIS,83,1VY4
16S:107,16S:108,bS20,NPN,ARG,15,1VY4
16S:323,16S:324,bS20,NPN,ARG,22,1VY4
16S:322,16S:323,bS20,NPN,ARG,23,1VY4
16S:322,16S:1436,bS20,NPN,ARG,23,1VY4
16S:323,16S:1436,bS20,NPN,ARG,23,1VY4
16S:323,16S:324,bS20,NPN,ASN,26,1VY4
16S:1458,16S:1459,bS20,NPN,SER,31,1VY4
16S:1456,16S:1457,bS20,NPN,LYS,39,1VY4
16S:193,16S:194,bS20,NPN,SER,61,1VY4
16S:194,16S:195,bS20,NPN,LYS,68,1VY4
16S:194,16S:196,bS20,NPN,LYS,68,1VY4
16S:195,16S:196,bS20,NPN,LYS,68,1VY4
16S:324,16S:325,bS20,NPN,SER,70,1VY4
16S:261,16S:263,bS20,NPN,ARG,79,1VY4
16S:186,16S:187,bS20,NPN,SER,82,1VY4
16S:186,16S:187,bS20,NPN,MET,85,1VY4
16S:187,16S:191,bS20,NPN,GLY,103,1VY4
16S:1236,16S:1304,Thx,NPN,GLY,2,1VY4
16S:1236,16S:1305,Thx,NPN,GLY,2,1VY4
16S:1304,16S:1305,Thx,NPN,GLY,2,1VY4
16S:1236,16S:1352,Thx,NPN,LYS,3,1VY4
16S:1328,16S:1329,Thx,NPN,ARG,7,1VY4
16S:1328,16S:1331,Thx,NPN,ARG,7,1VY4
16S:1329,16S:1331,Thx,NPN,ARG,7,1VY4
16S:1244,16S:1289,Thx,NPN,ARG,9,1VY4
16S:1288,16S:1353,Thx,NPN,ARG,10,1VY4
16S:1326,16S:1327,Thx,NPN,LYS,12,1VY4
16S:1325,16S:1326,Thx,NPN,THR,17,1VY4
16S:1269,16S:1286,Thx,NPN,TYR,18,1VY4
16S:1267,16S:1327,Thx,NPN,LYS,20,1VY4
16S:1327,16S:1328,Thx,NPN,TYR,21,1VY4
23S:1694,23S:1695,uL2,NPN,PRO,8,1VY4
23S:727,23S:728,uL2,NPN,TYR,9,1VY4
23S:1693,23S:1695,uL2,NPN,ARG,14,1VY4
23S:1426,23S:1427,uL2,NPN,LYS,31,1VY4
23S:692,23S:1354,uL2,NPN,LYS,38,1VY4
23S:1813,23S:1814,uL2,NPN,THR,40,1VY4
23S:690,23S:691,uL2,NPN,ARG,43,1VY4
23S:1806,23S:1812,uL2,NPN,ASN,44,1VY4
23S:1370,23S:1811,uL2,NPN,ASN,45,1VY4
23S:1370,23S:1812,uL2,NPN,ASN,45,1VY4
23S:1811,23S:1812,uL2,NPN,ASN,45,1VY4
23S:773,23S:1806,uL2,NPN,GLN,46,1VY4
23S:773,23S:1807,uL2,NPN,GLN,46,1VY4
23S:1806,23S:1807,uL2,NPN,GLN,46,1VY4
23S:773,23S:774,uL2,NPN,ARG,48,1VY4
23S:773,23S:777,uL2,NPN,ARG,48,1VY4
23S:774,23S:777,uL2,NPN,ARG,48,1VY4
23S:779,23S:780,uL2,NPN,ILE,49,1VY4
23S:1805,23S:1813,uL2,NPN,THR,50,1VY4
23S:1815,23S:1822,uL2,NPN,ARG,54,1VY4
23S:1815,23S:1823,uL2,NPN,ARG,54,1VY4
23S:1822,23S:1823,uL2,NPN,ARG,54,1VY4
23S:1567,23S:1568,uL2,NPN,HIS,58,1VY4
23S:694,23S:1568,uL2,NPN,LYS,59,1VY4
23S:694,23S:1569,uL2,NPN,LYS,59,1VY4
23S:1568,23S:1569,uL2,NPN,LYS,59,1VY4
23S:1816,23S:1817,uL2,NPN,TYR,62,1VY4
23S:1567,23S:1568,uL2,NPN,ARG,63,1VY4
23S:1490,23S:1491,uL2,NPN,ASP,99,1VY4
23S:1490,23S:1500,uL2,NPN,ASP,99,1VY4
23S:1491,23S:1500,uL2,NPN,ASP,99,1VY4
23S:1500,23S:1501,uL2,NPN,GLY,100,1VY4
23S:1500,23S:1501,uL2,NPN,LYS,102,1VY4
23S:1801,23S:2222,uL2,NPN,GLU,148,1VY4
23S:2202,23S:2203,uL2,NPN,LYS,151,1VY4
23S:1801,23S:1818,uL2,NPN,LYS,154,1VY4
23S:1818,23S:1819,uL2,NPN,ALA,156,1VY4
23S:1817,23S:1818,uL2,NPN,ARG,157,1VY4
23S:1817,23S:1819,uL2,NPN,ARG,157,1VY4
23S:1818,23S:1819,uL2,NPN,ARG,157,1VY4
16S:712,16S:713,uL2,NPN,GLN,166,1VY4
23S:2222,23S:2223,uL2,NPN,TYR,172,1VY4
23S:1799,23S:1819,uL2,NPN,SER,179,1VY4
23S:1799,23S:1800,uL2,NPN,ARG,183,1VY4
16S:773,16S:774,uL2,NPN,LYS,202,1VY4
16S:773,23S:1820,uL2,NPN,LYS,202,1VY4
16S:774,23S:1820,uL2,NPN,LYS,202,1VY4
23S:729,23S:1790,uL2,NPN,ALA,209,1VY4
23S:729,23S:764,uL2,NPN,GLY,210,1VY4
23S:764,23S:1566,uL2,NPN,TRP,214,1VY4
23S:691,23S:780,uL2,NPN,ARG,218,1VY4
23S:691,23S:781,uL2,NPN,ARG,218,1VY4
23S:780,23S:781,uL2,NPN,ARG,218,1VY4
23S:781,23S:1789,uL2,NPN,PRO,219,1VY4
23S:1790,23S:1824,uL2,NPN,HIS,220,1VY4
23S:1790,23S:1825,uL2,NPN,HIS,220,1VY4
23S:1824,23S:1825,uL2,NPN,HIS,220,1VY4
23S:1788,23S:1789,uL2,NPN,ARG,222,1VY4
23S:1788,23S:1827,uL2,NPN,ARG,222,1VY4
23S:1788,23S:1828,uL2,NPN,ARG,222,1VY4
23S:1789,23S:1827,uL2,NPN,ARG,222,1VY4
23S:1789,23S:1828,uL2,NPN,ARG,222,1VY4
23S:1827,23S:1828,uL2,NPN,ARG,222,1VY4
23S:2073,23S:2074,uL2,NPN,PRO,228,1VY4
23S:784,23S:2073,uL2,NPN,VAL,229,1VY4
23S:1825,23S:1826,uL2,NPN,HIS,233,1VY4
23S:2599,23S:2600,uL2,NPN,GLU,237,1VY4
23S:1787,23S:1971,uL2,NPN,ARG,239,1VY4
23S:1787,23S:2590,uL2,NPN,ARG,239,1VY4
23S:1787,23S:2591,uL2,NPN,ARG,239,1VY4
23S:1971,23S:2590,uL2,NPN,ARG,239,1VY4
23S:1971,23S:2591,uL2,NPN,ARG,239,1VY4
23S:2590,23S:2591,uL2,NPN,ARG,239,1VY4
23S:1903,23S:1971,uL2,NPN,PRO,241,1VY4
23S:1826,23S:1902,uL2,NPN,ARG,242,1VY4
23S:1826,23S:1971,uL2,NPN,ARG,242,1VY4
23S:1902,23S:1971,uL2,NPN,ARG,242,1VY4
23S:1902,23S:1903,uL2,NPN,GLY,243,1VY4
23S:1902,23S:2596,uL2,NPN,GLY,243,1VY4
23S:1903,23S:2596,uL2,NPN,GLY,243,1VY4
23S:2075,23S:2239,uL2,NPN,ARG,244,1VY4
23S:1824,23S:1825,uL2,NPN,PRO,249,1VY4
23S:1804,23S:1805,uL2,NPN,TRP,252,1VY4
23S:1842,23S:1843,uL2,NPN,GLN,253,1VY4
23S:1824,23S:1825,uL2,NPN,THR,254,1VY4
23S:1795,23S:1825,uL2,NPN,LYS,255,1VY4
23S:1795,23S:1901,uL2,NPN,LYS,255,1VY4
23S:1825,23S:1901,uL2,NPN,LYS,255,1VY4
23S:1796,23S:1843,uL2,NPN,GLY,256,1VY4
23S:1796,23S:1844,uL2,NPN,GLY,256,1VY4
23S:1843,23S:1844,uL2,NPN,GLY,256,1VY4
23S:1797,23S:1844,uL2,NPN,LEU,257,1VY4
23S:1844,23S:1845,uL2,NPN,LYS,258,1VY4
23S:1797,23S:1798,uL2,NPN,THR,259,1VY4
23S:1797,23S:1803,uL2,NPN,THR,259,1VY4
23S:1797,23S:1804,uL2,NPN,THR,259,1VY4
23S:1798,23S:1803,uL2,NPN,THR,259,1VY4
23S:1798,23S:1804,uL2,NPN,THR,259,1VY4
23S:1803,23S:1804,uL2,NPN,THR,259,1VY4
23S:1798,23S:1799,uL2,NPN,ARG,260,1VY4
23S:1798,23S:1800,uL2,NPN,ARG,260,1VY4
23S:1799,23S:1800,uL2,NPN,ARG,260,1VY4
23S:2085,23S:2228,uL2,NPN,LYS,261,1VY4
23S:2086,23S:2227,uL2,NPN,ARG,263,1VY4
23S:2086,23S:2228,uL2,NPN,ARG,263,1VY4
23S:2227,23S:2228,uL2,NPN,ARG,263,1VY4
23S:1797,23S:1798,uL2,NPN,ARG,273,1VY4
23S:2635,23S:2784,uL3,NPN,ARG,37,1VY4
23S:2830,23S:2831,uL3,NPN,ARG,58,1VY4
23S:2787,23S:2788,uL3,NPN,ARG,61,1VY4
23S:2787,23S:2811,uL3,NPN,ARG,61,1VY4
23S:2788,23S:2811,uL3,NPN,ARG,61,1VY4
23S:2786,23S:2787,uL3,NPN,PRO,62,1VY4
23S:2785,23S:2786,uL3,NPN,HIS,66,1VY4
23S:2785,23S:2786,uL3,NPN,LYS,69,1VY4
23S:2829,23S:2830,uL3,NPN,ARG,76,1VY4
23S:2635,23S:2636,uL3,NPN,ARG,79,1VY4
23S:2635,23S:2636,uL3,NPN,GLU,80,1VY4
23S:2637,23S:2638,uL3,NPN,ARG,82,1VY4
23S:2680,23S:2681,uL3,NPN,LYS,109,1VY4
23S:2680,23S:2723,uL3,NPN,LYS,109,1VY4
23S:2680,23S:2820,uL3,NPN,LYS,109,1VY4
23S:2681,23S:2723,uL3,NPN,LYS,109,1VY4
23S:2681,23S:2820,uL3,NPN,LYS,109,1VY4
23S:2723,23S:2820,uL3,NPN,LYS,109,1VY4
23S:2821,23S:2822,uL3,NPN,GLY,110,1VY4
23S:2680,23S:2724,uL3,NPN,ARG,111,1VY4
23S:2822,23S:2823,uL3,NPN,GLY,112,1VY4
23S:1654,23S:1655,uL3,NPN,PHE,113,1VY4
23S:1654,23S:2823,uL3,NPN,PHE,113,1VY4
23S:1655,23S:2823,uL3,NPN,PHE,113,1VY4
23S:1999,23S:2724,uL3,NPN,LYS,118,1VY4
23S:2620,23S:2621,uL3,NPN,ARG,119,1VY4
23S:1997,23S:2512,uL3,NPN,ALA,123,1VY4
23S:1675,23S:1993,uL3,NPN,SER,128,1VY4
23S:1670,23S:1673,uL3,NPN,HIS,129,1VY4
23S:1670,23S:1675,uL3,NPN,HIS,129,1VY4
23S:1673,23S:1675,uL3,NPN,HIS,129,1VY4
23S:743,23S:2580,uL3,NPN,GLY,130,1VY4
23S:744,23S:2579,uL3,NPN,HIS,132,1VY4
23S:745,23S:1657,uL3,NPN,LYS,133,1VY4
23S:1657,23S:1658,uL3,NPN,HIS,135,1VY4
23S:1656,23S:1657,uL3,NPN,ARG,136,1VY4
23S:1656,23S:1998,uL3,NPN,ARG,136,1VY4
23S:1657,23S:1998,uL3,NPN,ARG,136,1VY4
23S:1656,23S:2051,uL3,NPN,HIS,137,1VY4
23S:2511,23S:2512,uL3,NPN,PRO,138,1VY4
23S:2052,23S:2511,uL3,NPN,SER,140,1VY4
23S:2052,23S:2512,uL3,NPN,SER,140,1VY4
23S:2052,23S:2574,uL3,NPN,SER,140,1VY4
23S:2052,23S:2575,uL3,NPN,SER,140,1VY4
23S:2511,23S:2512,uL3,NPN,SER,140,1VY4
23S:2511,23S:2574,uL3,NPN,SER,140,1VY4
23S:2511,23S:2575,uL3,NPN,SER,140,1VY4
23S:2512,23S:2574,uL3,NPN,SER,140,1VY4
23S:2512,23S:2575,uL3,NPN,SER,140,1VY4
23S:2574,23S:2575,uL3,NPN,SER,140,1VY4
23S:2051,23S:2052,uL3,NPN,ILE,141,1VY4
23S:2052,23S:2574,uL3,NPN,GLY,142,1VY4
23S:2052,23S:2513,uL3,NPN,ASN,143,1VY4
23S:2052,23S:2572,uL3,NPN,ASN,143,1VY4
23S:2052,23S:2574,uL3,NPN,ASN,143,1VY4
23S:2513,23S:2572,uL3,NPN,ASN,143,1VY4
23S:2513,23S:2574,uL3,NPN,ASN,143,1VY4
23S:2572,23S:2574,uL3,NPN,ASN,143,1VY4
23S:2052,23S:2053,uL3,NPN,ARG,144,1VY4
23S:2052,23S:2506,uL3,NPN,ARG,144,1VY4
23S:2052,23S:2572,uL3,NPN,ARG,144,1VY4
23S:2052,23S:2574,uL3,NPN,ARG,144,1VY4
23S:2053,23S:2506,uL3,NPN,ARG,144,1VY4
23S:2053,23S:2572,uL3,NPN,ARG,144,1VY4
23S:2053,23S:2574,uL3,NPN,ARG,144,1VY4
23S:2506,23S:2572,uL3,NPN,ARG,144,1VY4
23S:2506,23S:2574,uL3,NPN,ARG,144,1VY4
23S:2572,23S:2574,uL3,NPN,ARG,144,1VY4
23S:574,23S:2032,uL3,NPN,LYS,145,1VY4
23S:2032,23S:2571,uL3,NPN,THR,146,1VY4
23S:2032,23S:2572,uL3,NPN,THR,146,1VY4
23S:2571,23S:2572,uL3,NPN,THR,146,1VY4
23S:2052,23S:2053,uL3,NPN,GLY,148,1VY4
23S:1130,23S:2024,uL3,NPN,ARG,149,1VY4
23S:1130,23S:2025,uL3,NPN,ARG,149,1VY4
23S:2024,23S:2025,uL3,NPN,ARG,149,1VY4
23S:2618,23S:2619,uL3,NPN,VAL,150,1VY4
23S:2513,23S:2514,uL3,NPN,TYR,151,1VY4
23S:2513,23S:2619,uL3,NPN,TYR,151,1VY4
23S:2514,23S:2619,uL3,NPN,TYR,151,1VY4
23S:2513,23S:2620,uL3,NPN,LYS,154,1VY4
23S:2619,23S:2620,uL3,NPN,MET,156,1VY4
23S:2621,23S:2622,uL3,NPN,HIS,159,1VY4
23S:2621,23S:2822,uL3,NPN,HIS,159,1VY4
23S:2621,23S:2823,uL3,NPN,HIS,159,1VY4
23S:2622,23S:2822,uL3,NPN,HIS,159,1VY4
23S:2622,23S:2823,uL3,NPN,HIS,159,1VY4
23S:2822,23S:2823,uL3,NPN,HIS,159,1VY4
23S:2730,23S:2771,uL3,NPN,MET,168,1VY4
23S:2729,23S:2730,uL3,NPN,LYS,185,1VY4
23S:2731,23S:2732,uL3,NPN,LYS,203,1VY4
23S:599,23S:600,uL4,NPN,ASN,29,1VY4
23S:660,23S:661,uL4,NPN,ARG,38,1VY4
23S:660,23S:1246,uL4,NPN,ARG,38,1VY4
23S:661,23S:1246,uL4,NPN,ARG,38,1VY4
23S:443,23S:1246,uL4,NPN,ARG,45,1VY4
23S:39,23S:441,uL4,NPN,ARG,46,1VY4
23S:39,23S:443,uL4,NPN,ARG,46,1VY4
23S:441,23S:443,uL4,NPN,ARG,46,1VY4
23S:38,23S:442,uL4,NPN,THR,48,1VY4
23S:673,23S:674,uL4,NPN,ARG,54,1VY4
23S:673,23S:801,uL4,NPN,ARG,54,1VY4
23S:674,23S:801,uL4,NPN,ARG,54,1VY4
23S:469,23S:470,uL4,NPN,TYR,59,1VY4
23S:469,23S:797,uL4,NPN,SER,60,1VY4
23S:674,23S:675,uL4,NPN,LYS,63,1VY4
23S:674,23S:675,uL4,NPN,GLN,67,1VY4
23S:674,23S:2444,uL4,NPN,GLN,67,1VY4
23S:675,23S:2444,uL4,NPN,GLN,67,1VY4
23S:2060,23S:2061,uL4,NPN,LYS,68,1VY4
23S:2060,23S:2443,uL4,NPN,LYS,68,1VY4
23S:2060,23S:2444,uL4,NPN,LYS,68,1VY4
23S:2061,23S:2443,uL4,NPN,LYS,68,1VY4
23S:2061,23S:2444,uL4,NPN,LYS,68,1VY4
23S:2443,23S:2444,uL4,NPN,LYS,68,1VY4
23S:2059,23S:2060,uL4,NPN,HIS,69,1VY4
23S:1255,23S:2059,uL4,NPN,GLY,71,1VY4
23S:674,23S:2445,uL4,NPN,ARG,74,1VY4
23S:1256,23S:1257,uL4,NPN,HIS,75,1VY4
23S:1256,23S:1257,uL4,NPN,ILE,82,1VY4
23S:448,23S:1257,uL4,NPN,VAL,84,1VY4
23S:589,23S:590,uL4,NPN,ARG,95,1VY4
23S:589,23S:1247,uL4,NPN,ARG,95,1VY4
23S:590,23S:1247,uL4,NPN,ARG,95,1VY4
23S:608,23S:659,uL4,NPN,THR,100,1VY4
23S:607,23S:619,uL4,NPN,LYS,103,1VY4
23S:607,23S:620,uL4,NPN,LYS,103,1VY4
23S:619,23S:620,uL4,NPN,LYS,103,1VY4
23S:601,23S:605,uL4,NPN,LYS,104,1VY4
23S:601,23S:606,uL4,NPN,LYS,104,1VY4
23S:605,23S:606,uL4,NPN,LYS,104,1VY4
23S:320,23S:321,uL4,NPN,LYS,135,1VY4
23S:320,23S:321,uL4,NPN,THR,136,1VY4
23S:322,23S:340,uL4,NPN,ARG,168,1VY4
23S:320,23S:322,uL4,NPN,ASN,169,1VY4
23S:320,23S:323,uL4,NPN,ASN,169,1VY4
23S:322,23S:323,uL4,NPN,ASN,169,1VY4
5S:55,5S:57,uL5,NPN,TRP,29,1VY4
23S:2312,23S:2313,uL5,NPN,ASN,40,1VY4
23S:2306,23S:2307,uL5,NPN,GLU,45,1VY4
5S:42,5S:43,uL5,NPN,GLN,66,1VY4
23S:2314,5S:42,uL5,NPN,ARG,91,1VY4
5S:43,5S:45,uL5,NPN,ARG,95,1VY4
5S:43,5S:44,uL5,NPN,ARG,98,1VY4
23S:2303,23S:2304,uL5,NPN,SER,124,1VY4
23S:2302,23S:2315,uL5,NPN,ASP,126,1VY4
23S:2303,23S:2304,uL5,NPN,ASN,132,1VY4
23S:2304,23S:2305,uL5,NPN,ASP,156,1VY4
23S:2748,23S:2749,uL6,NPN,ARG,3,1VY4
23S:2748,23S:2752,uL6,NPN,ILE,4,1VY4
23S:1035,23S:1036,uL6,NPN,ARG,59,1VY4
23S:2749,23S:2750,uL6,NPN,LYS,62,1VY4
23S:2748,23S:2749,uL6,NPN,SER,63,1VY4
23S:2747,23S:2748,uL6,NPN,LEU,67,1VY4
23S:2653,23S:2667,uL6,NPN,SER,110,1VY4
23S:2745,23S:2746,uL6,NPN,GLN,139,1VY4
23S:2744,23S:2745,uL6,NPN,GLN,143,1VY4
23S:2530,23S:2531,uL6,NPN,TYR,157,1VY4
23S:2658,23S:2659,uL6,NPN,HIS,158,1VY4
23S:2529,23S:2530,uL6,NPN,LYS,172,1VY4
23S:2531,23S:2659,uL6,NPN,LYS,175,1VY4
23S:2531,23S:2660,uL6,NPN,LYS,175,1VY4
23S:2659,23S:2660,uL6,NPN,LYS,175,1VY4
23S:2093,23S:2198,bL9,NPN,TYR,25,1VY4
23S:2092,23S:2198,bL9,NPN,ASN,28,1VY4
23S:271P,23S:271Q,bL9,NPN,SER,42,1VY4
23S:271K,23S:271L,bL9,NPN,ARG,50,1VY4
23S:271K,23S:271M,bL9,NPN,ARG,50,1VY4
23S:271L,23S:271M,bL9,NPN,ARG,50,1VY4
23S:1139,23S:1140,uL13,NPN,GLY,24,1VY4
23S:1012,23S:1140,uL13,NPN,ARG,25,1VY4
23S:1012,23S:1141,uL13,NPN,ARG,25,1VY4
23S:1012,23S:1142A,uL13,NPN,ARG,25,1VY4
23S:1012,23S:1143,uL13,NPN,ARG,25,1VY4
23S:1140,23S:1141,uL13,NPN,ARG,25,1VY4
23S:1140,23S:1142A,uL13,NPN,ARG,25,1VY4
23S:1140,23S:1143,uL13,NPN,ARG,25,1VY4
23S:1141,23S:1142A,uL13,NPN,ARG,25,1VY4
23S:1141,23S:1143,uL13,NPN,ARG,25,1VY4
23S:1142A,23S:1143,uL13,NPN,ARG,25,1VY4
23S:1005,23S:1006,uL13,NPN,THR,28,1VY4
23S:1005,23S:1012,uL13,NPN,THR,28,1VY4
23S:1006,23S:1012,uL13,NPN,THR,28,1VY4
23S:1007,23S:1009,uL13,NPN,LYS,37,1VY4
23S:537,23S:557,uL13,NPN,ASN,45,1VY4
23S:537,23S:558,uL13,NPN,ASN,45,1VY4
23S:557,23S:558,uL13,NPN,ASN,45,1VY4
23S:1021,23S:1022,uL13,NPN,LYS,65,1VY4
23S:1022,23S:1140,uL13,NPN,LYS,66,1VY4
23S:2640,23S:2641,uL13,NPN,ARG,74,1VY4
23S:2641,23S:2642,uL13,NPN,SER,76,1VY4
23S:2639,23S:2640,uL13,NPN,ARG,97,1VY4
23S:1137,23S:1138,uL13,NPN,GLY,105,1VY4
23S:1006,23S:1007,uL13,NPN,MET,106,1VY4
23S:1006,23S:1138,uL13,NPN,MET,106,1VY4
23S:1007,23S:1138,uL13,NPN,MET,106,1VY4
23S:528,23S:529,uL13,NPN,ARG,114,1VY4
23S:7,23S:8,uL13,NPN,LYS,121,1VY4
23S:6,23S:7,uL13,NPN,GLN,133,1VY4
23S:1668,23S:1669,uL14,NPN,GLN,5,1VY4
23S:2547,23S:2561,uL14,NPN,ARG,23,1VY4
23S:2547,23S:2562,uL14,NPN,ARG,23,1VY4
23S:2561,23S:2562,uL14,NPN,ARG,23,1VY4
23S:2565,23S:2566,uL14,NPN,SER,28,1VY4
23S:2674,23S:2675,uL14,NPN,ASN,29,1VY4
23S:1996,23S:2675,uL14,NPN,LYS,31,1VY4
23S:1951,23S:1952,uL14,NPN,LYS,44,1VY4
16S:1422,16S:1423,uL14,NPN,ARG,49,1VY4
23S:1664,23S:2726,uL14,NPN,LYS,67,1VY4
23S:2684,23S:2685,uL14,NPN,GLU,68,1VY4
23S:2683,23S:2727,uL14,NPN,LYS,70,1VY4
23S:1243,23S:1244,uL15,NPN,ARG,7,1VY4
23S:598,23S:660,uL15,NPN,ALA,12,1VY4
23S:1245,23S:1246,uL15,NPN,ASN,13,1VY4
23S:661,23S:662,uL15,NPN,LYS,14,1VY4
23S:661,23S:1193,uL15,NPN,LYS,14,1VY4
23S:662,23S:1193,uL15,NPN,LYS,14,1VY4
23S:589,23S:662,uL15,NPN,ARG,16,1VY4
23S:589,23S:1247,uL15,NPN,ARG,16,1VY4
23S:662,23S:1247,uL15,NPN,ARG,16,1VY4
23S:663,23S:1191,uL15,NPN,LYS,17,1VY4
23S:663,23S:1192,uL15,NPN,LYS,17,1VY4
23S:1191,23S:1192,uL15,NPN,LYS,17,1VY4
23S:1249,23S:1250,uL15,NPN,ARG,18,1VY4
23S:810,23S:811,uL15,NPN,GLY,20,1VY4
23S:587,23S:811,uL15,NPN,ARG,21,1VY4
23S:587,23S:1250,uL15,NPN,ARG,21,1VY4
23S:811,23S:1250,uL15,NPN,ARG,21,1VY4
23S:813,23S:814,uL15,NPN,GLY,24,1VY4
23S:566,23S:567,uL15,NPN,LYS,29,1VY4
23S:566,23S:810,uL15,NPN,LYS,29,1VY4
23S:566,23S:811,uL15,NPN,LYS,29,1VY4
23S:567,23S:810,uL15,NPN,LYS,29,1VY4
23S:567,23S:811,uL15,NPN,LYS,29,1VY4
23S:810,23S:811,uL15,NPN,LYS,29,1VY4
23S:1190,23S:1191,uL15,NPN,THR,32,1VY4
23S:587,23S:671,uL15,NPN,ARG,33,1VY4
23S:587,23S:1190,uL15,NPN,ARG,33,1VY4
23S:671,23S:1190,uL15,NPN,ARG,33,1VY4
23S:567,23S:943,uL15,NPN,HIS,35,1VY4
23S:568,23S:807,uL15,NPN,LYS,36,1VY4
23S:196,23S:805,uL15,NPN,GLN,38,1VY4
23S:196,23S:806,uL15,NPN,GLN,38,1VY4
23S:196,23S:831,uL15,NPN,GLN,38,1VY4
23S:196,23S:832,uL15,NPN,GLN,38,1VY4
23S:805,23S:806,uL15,NPN,GLN,38,1VY4
23S:805,23S:831,uL15,NPN,GLN,38,1VY4
23S:805,23S:832,uL15,NPN,GLN,38,1VY4
23S:806,23S:831,uL15,NPN,GLN,38,1VY4
23S:806,23S:832,uL15,NPN,GLN,38,1VY4
23S:831,23S:832,uL15,NPN,GLN,38,1VY4
23S:832,23S:942,uL15,NPN,LYS,39,1VY4
23S:806,23S:807,uL15,NPN,ARG,41,1VY4
23S:670,23S:672,uL15,NPN,SER,42,1VY4
23S:670,23S:671,uL15,NPN,GLY,43,1VY4
23S:832,23S:833,uL15,NPN,LEU,45,1VY4
23S:195,23S:196,uL15,NPN,LYS,46,1VY4
23S:832,23S:833,uL15,NPN,GLU,52,1VY4
23S:826,23S:831,uL15,NPN,GLY,53,1VY4
23S:826,23S:832,uL15,NPN,GLY,53,1VY4
23S:831,23S:832,uL15,NPN,GLY,53,1VY4
23S:825,23S:826,uL15,NPN,ARG,55,1VY4
23S:825,23S:833,uL15,NPN,ARG,55,1VY4
23S:826,23S:833,uL15,NPN,ARG,55,1VY4
23S:2428,23S:2429,uL15,NPN,SER,56,1VY4
23S:2360,23S:2392,uL15,NPN,ARG,61,1VY4
23S:2360,23S:2428,uL15,NPN,ARG,61,1VY4
23S:2360,23S:2429,uL15,NPN,ARG,61,1VY4
23S:2392,23S:2428,uL15,NPN,ARG,61,1VY4
23S:2392,23S:2429,uL15,NPN,ARG,61,1VY4
23S:2428,23S:2429,uL15,NPN,ARG,61,1VY4
23S:249,23S:2394,uL15,NPN,LYS,64,1VY4
23S:631,23S:2416,uL15,NPN,ARG,65,1VY4
23S:631,23S:2417,uL15,NPN,ARG,65,1VY4
23S:2416,23S:2417,uL15,NPN,ARG,65,1VY4
23S:631,23S:2415,uL15,NPN,GLY,66,1VY4
23S:631,23S:2416,uL15,NPN,GLY,66,1VY4
23S:2415,23S:2416,uL15,NPN,GLY,66,1VY4
23S:631,23S:632,uL15,NPN,MET,67,1VY4
23S:631,23S:2415,uL15,NPN,MET,67,1VY4
23S:632,23S:2415,uL15,NPN,MET,67,1VY4
23S:245,23S:389,uL15,NPN,GLN,70,1VY4
23S:245,23S:2406,uL15,NPN,GLN,70,1VY4
23S:389,23S:2406,uL15,NPN,GLN,70,1VY4
23S:245,23S:246,uL15,NPN,VAL,71,1VY4
23S:245,23S:385,uL15,NPN,VAL,71,1VY4
23S:245,23S:389,uL15,NPN,VAL,71,1VY4
23S:245,23S:411,uL15,NPN,VAL,71,1VY4
23S:246,23S:385,uL15,NPN,VAL,71,1VY4
23S:246,23S:389,uL15,NPN,VAL,71,1VY4
23S:246,23S:411,uL15,NPN,VAL,71,1VY4
23S:385,23S:389,uL15,NPN,VAL,71,1VY4
23S:385,23S:411,uL15,NPN,VAL,71,1VY4
23S:389,23S:411,uL15,NPN,VAL,71,1VY4
23S:244,23S:245,uL15,NPN,GLY,73,1VY4
23S:244,23S:2406,uL15,NPN,GLY,73,1VY4
23S:245,23S:2406,uL15,NPN,GLY,73,1VY4
23S:244,23S:2406,uL15,NPN,GLU,74,1VY4
23S:227,23S:228,uL15,NPN,LYS,76,1VY4
23S:2404,23S:2405,uL15,NPN,ARG,77,1VY4
23S:603,23S:604,uL15,NPN,ARG,90,1VY4
23S:625,23S:626,uL15,NPN,LYS,107,1VY4
23S:621,23S:622,uL15,NPN,LYS,108,1VY4
23S:636,23S:637,uL15,NPN,SER,131,1VY4
23S:635,23S:636,uL15,NPN,LYS,132,1VY4
23S:868,23S:912,uL16,NPN,LYS,8,1VY4
23S:911,23S:912,uL16,NPN,TYR,9,1VY4
23S:910,23S:911,uL16,NPN,LYS,11,1VY4
23S:910,23S:955,uL16,NPN,GLN,13,1VY4
23S:954,23S:955,uL16,NPN,ARG,14,1VY4
23S:954,23S:956,uL16,NPN,ARG,14,1VY4
23S:954,23S:958,uL16,NPN,ARG,14,1VY4
23S:955,23S:956,uL16,NPN,ARG,14,1VY4
23S:955,23S:958,uL16,NPN,ARG,14,1VY4
23S:956,23S:958,uL16,NPN,ARG,14,1VY4
23S:952,23S:953,uL16,NPN,ARG,16,1VY4
23S:952,5S:91,uL16,NPN,ARG,16,1VY4
23S:953,5S:91,uL16,NPN,ARG,16,1VY4
23S:863,23S:864,uL16,NPN,LYS,22,1VY4
23S:863,23S:908,uL16,NPN,LYS,22,1VY4
23S:863,23S:909,uL16,NPN,LYS,22,1VY4
23S:864,23S:908,uL16,NPN,LYS,22,1VY4
23S:864,23S:909,uL16,NPN,LYS,22,1VY4
23S:908,23S:909,uL16,NPN,LYS,22,1VY4
23S:906,23S:907,uL16,NPN,TYR,26,1VY4
23S:957,23S:958,uL16,NPN,TYR,74,1VY4
23S:2493,23S:2494,uL16,NPN,GLU,80,1VY4
23S:2251,23S:2495,uL16,NPN,ARG,82,1VY4
23S:2251,23S:2496,uL16,NPN,ARG,82,1VY4
23S:2495,23S:2496,uL16,NPN,ARG,82,1VY4
23S:959,23S:2250,uL16,NPN,MET,83,1VY4
23S:959,23S:2495,uL16,NPN,MET,83,1VY4
23S:959,23S:2496,uL16,NPN,MET,83,1VY4
23S:2250,23S:2495,uL16,NPN,MET,83,1VY4
23S:2250,23S:2496,uL16,NPN,MET,83,1VY4
23S:2495,23S:2496,uL16,NPN,MET,83,1VY4
23S:2250,23S:2275,uL16,NPN,LYS,85,1VY4
23S:955,23S:956,uL16,NPN,LYS,87,1VY4
23S:955,23S:2277,uL16,NPN,LYS,87,1VY4
23S:956,23S:2277,uL16,NPN,LYS,87,1VY4
23S:2467,23S:2484,uL16,NPN,HIS,123,1VY4
23S:2467,23S:2482,uL16,NPN,LYS,124,1VY4
23S:2467,23S:2483,uL16,NPN,LYS,124,1VY4
23S:2467,23S:2484,uL16,NPN,LYS,124,1VY4
23S:2482,23S:2483,uL16,NPN,LYS,124,1VY4
23S:2482,23S:2484,uL16,NPN,LYS,124,1VY4
23S:2483,23S:2484,uL16,NPN,LYS,124,1VY4
23S:1029,23S:1030,uL16,NPN,LYS,128,1VY4
23S:1654,23S:2723,bL17,NPN,MET,1,1VY4
23S:1653,23S:2820,bL17,NPN,ARG,2,1VY4
23S:1653,23S:2822,bL17,NPN,ARG,2,1VY4
23S:2820,23S:2822,bL17,NPN,ARG,2,1VY4
23S:2722,23S:2723,bL17,NPN,HIS,3,1VY4
23S:2722,23S:2820,bL17,NPN,HIS,3,1VY4
23S:2722,23S:2821,bL17,NPN,HIS,3,1VY4
23S:2723,23S:2820,bL17,NPN,HIS,3,1VY4
23S:2723,23S:2821,bL17,NPN,HIS,3,1VY4
23S:2820,23S:2821,bL17,NPN,HIS,3,1VY4
23S:2001,23S:2002,bL17,NPN,LYS,9,1VY4
23S:1651,23S:1652,bL17,NPN,ASN,11,1VY4
23S:1651,23S:1653,bL17,NPN,ASN,11,1VY4
23S:1652,23S:1653,bL17,NPN,ASN,11,1VY4
23S:2690,23S:2713,bL17,NPN,SER,14,1VY4
23S:1275,23S:1276,bL17,NPN,HIS,16,1VY4
23S:2708,23S:2709,bL17,NPN,ARG,22,1VY4
23S:1278,23S:1279,bL17,NPN,THR,35,1VY4
23S:2817,23S:2818,bL17,NPN,LYS,42,1VY4
23S:2840,23S:2841,bL17,NPN,HIS,53,1VY4
23S:2850,23S:2869,bL17,NPN,HIS,61,1VY4
23S:1453,23S:2705,bL17,NPN,ARG,64,1VY4
23S:1453,23S:2851,bL17,NPN,ARG,64,1VY4
23S:1453,23S:2852,bL17,NPN,ARG,64,1VY4
23S:2705,23S:2851,bL17,NPN,ARG,64,1VY4
23S:2705,23S:2852,bL17,NPN,ARG,64,1VY4
23S:2851,23S:2852,bL17,NPN,ARG,64,1VY4
23S:1452,23S:1453,bL17,NPN,ARG,77,1VY4
23S:2839,23S:2880,bL17,NPN,GLN,91,1VY4
23S:2839,23S:2880,bL17,NPN,GLY,92,1VY4
23S:2839,23S:2880,bL17,NPN,GLY,93,1VY4
23S:2839,23S:2881,bL17,NPN,GLY,93,1VY4
23S:2880,23S:2881,bL17,NPN,GLY,93,1VY4
23S:2881,23S:2882,bL17,NPN,ARG,96,1VY4
23S:2816,23S:2817,bL17,NPN,LYS,99,1VY4
23S:1327,23S:1328,bL17,NPN,ARG,105,1VY4
23S:1287,23S:1288,bL17,NPN,GLY,106,1VY4
23S:1287,23S:2009,bL17,NPN,GLY,106,1VY4
23S:1288,23S:2009,bL17,NPN,GLY,106,1VY4
23S:1649,23S:1650,bL17,NPN,ASP,107,1VY4
23S:2318,23S:2319,uL18,NPN,ARG,3,1VY4
5S:8,5S:9,uL18,NPN,ARG,15,1VY4
23S:2292,23S:2379,uL18,NPN,ARG,17,1VY4
23S:2292,23S:2380,uL18,NPN,ARG,17,1VY4
23S:2379,23S:2380,uL18,NPN,ARG,17,1VY4
5S:29,5S:30,uL18,NPN,LEU,32,1VY4
5S:27,5S:28,uL18,NPN,TYR,36,1VY4
5S:114,5S:115,uL18,NPN,THR,47,1VY4
5S:50,5S:51,uL18,NPN,LYS,62,1VY4
23S:2293,23S:2294,uL18,NPN,ARG,89,1VY4
5S:37,5S:38,uL18,NPN,HIS,95,1VY4
23S:2875,23S:2876,bL19,NPN,ASN,2,1VY4
23S:2875,23S:2876,bL19,NPN,ARG,3,1VY4
23S:2849,23S:2867,bL19,NPN,ARG,23,1VY4
16S:345,16S:346,bL19,NPN,ARG,41,1VY4
23S:2683,23S:2684,bL19,NPN,ARG,53,1VY4
23S:2845,23S:2846,bL19,NPN,ARG,54,1VY4
23S:1753,23S:2848,bL19,NPN,ARG,95,1VY4
23S:1753,23S:2849,bL19,NPN,ARG,95,1VY4
23S:2848,23S:2849,bL19,NPN,ARG,95,1VY4
23S:1754,23S:2717,bL19,NPN,ARG,96,1VY4
23S:2718,23S:2847,bL19,NPN,LYS,98,1VY4
23S:2718,23S:2719,bL19,NPN,TYR,100,1VY4
16S:1463,16S:1464,bL19,NPN,ARG,111,1VY4
23S:1754,23S:1755,bL19,NPN,LYS,113,1VY4
16S:1442A,16S:1442B,bL19,NPN,ARG,118,1VY4
16S:1442A,23S:2865,bL19,NPN,LYS,119,1VY4
16S:1442A,23S:2867,bL19,NPN,LYS,119,1VY4
23S:2865,23S:2867,bL19,NPN,LYS,119,1VY4
23S:444,23S:445,bL20,NPN,PRO,2,1VY4
23S:444,23S:1248,bL20,NPN,PRO,2,1VY4
23S:445,23S:1248,bL20,NPN,PRO,2,1VY4
23S:445,23S:446,bL20,NPN,ARG,3,1VY4
23S:445,23S:449,bL20,NPN,ARG,3,1VY4
23S:445,23S:1199,bL20,NPN,ARG,3,1VY4
23S:446,23S:449,bL20,NPN,ARG,3,1VY4
23S:446,23S:1199,bL20,NPN,ARG,3,1VY4
23S:449,23S:1199,bL20,NPN,ARG,3,1VY4
23S:30,23S:447,bL20,NPN,LYS,5,1VY4
23S:584,23S:1251,bL20,NPN,THR,6,1VY4
23S:29,23S:30,bL20,NPN,GLY,7,1VY4
23S:1215,23S:1216,bL20,NPN,VAL,8,1VY4
23S:583,23S:584,bL20,NPN,ARG,10,1VY4
23S:583,23S:1251,bL20,NPN,ARG,10,1VY4
23S:584,23S:1251,bL20,NPN,ARG,10,1VY4
23S:29,23S:1215,bL20,NPN,ARG,11,1VY4
23S:29,23S:1216,bL20,NPN,ARG,11,1VY4
23S:1215,23S:1216,bL20,NPN,ARG,11,1VY4
23S:1215,23S:1216,bL20,NPN,ARG,12,1VY4
23S:582,23S:1252,bL20,NPN,HIS,14,1VY4
23S:1226,23S:1227,bL20,NPN,LYS,16,1VY4
23S:18,23S:19,bL20,NPN,GLY,23,1VY4
23S:533,23S:534,bL20,NPN,TYR,24,1VY4
23S:17,23S:532,bL20,NPN,TRP,25,1VY4
23S:17,23S:533,bL20,NPN,TRP,25,1VY4
23S:17,23S:2021,bL20,NPN,TRP,25,1VY4
23S:532,23S:533,bL20,NPN,TRP,25,1VY4
23S:532,23S:2021,bL20,NPN,TRP,25,1VY4
23S:533,23S:2021,bL20,NPN,TRP,25,1VY4
23S:2019,23S:2020,bL20,NPN,LEU,27,1VY4
23S:580,23S:581,bL20,NPN,SER,31,1VY4
23S:581,23S:1252,bL20,NPN,PHE,32,1VY4
23S:578,23S:581,bL20,NPN,ARG,33,1VY4
23S:578,23S:1252,bL20,NPN,ARG,33,1VY4
23S:581,23S:1252,bL20,NPN,ARG,33,1VY4
23S:2018,23S:2019,bL20,NPN,LYS,34,1VY4
23S:532,23S:533,bL20,NPN,TYR,45,1VY4
23S:532,23S:534,bL20,NPN,TYR,45,1VY4
23S:532,23S:561,bL20,NPN,TYR,45,1VY4
23S:533,23S:534,bL20,NPN,TYR,45,1VY4
23S:533,23S:561,bL20,NPN,TYR,45,1VY4
23S:534,23S:561,bL20,NPN,TYR,45,1VY4
23S:990,23S:992,bL20,NPN,TYR,47,1VY4
23S:534,23S:535,bL20,NPN,HIS,49,1VY4
23S:534,23S:559,bL20,NPN,HIS,49,1VY4
23S:534,23S:560,bL20,NPN,HIS,49,1VY4
23S:535,23S:559,bL20,NPN,HIS,49,1VY4
23S:535,23S:560,bL20,NPN,HIS,49,1VY4
23S:559,23S:560,bL20,NPN,HIS,49,1VY4
23S:535,23S:536,bL20,NPN,ARG,53,1VY4
23S:535,23S:994,bL20,NPN,ARG,53,1VY4
23S:536,23S:994,bL20,NPN,ARG,53,1VY4
23S:994,23S:995,bL20,NPN,LYS,54,1VY4
23S:1155,23S:1156,bL20,NPN,ARG,55,1VY4
23S:997,23S:998,bL20,NPN,ARG,58,1VY4
23S:997,23S:1154,bL20,NPN,ARG,58,1VY4
23S:998,23S:1154,bL20,NPN,ARG,58,1VY4
23S:1008,23S:1009,bL20,NPN,ARG,59,1VY4
23S:1010,23S:1011,bL20,NPN,ASN,66,1VY4
23S:1011,23S:1012,bL20,NPN,ARG,70,1VY4
23S:1011,23S:1012,bL20,NPN,ASN,75,1VY4
23S:1152,23S:1153,bL20,NPN,TYR,76,1VY4
23S:1011,23S:1151,bL20,NPN,SER,77,1VY4
23S:1011,23S:1152,bL20,NPN,SER,77,1VY4
23S:1151,23S:1152,bL20,NPN,SER,77,1VY4
23S:997,23S:998,bL20,NPN,ARG,92,1VY4
23S:997,23S:1153,bL20,NPN,ARG,92,1VY4
23S:998,23S:1153,bL20,NPN,ARG,92,1VY4
23S:993,23S:1161,bL21,NPN,GLU,23,1VY4
23S:1223,23S:1225,bL21,NPN,LYS,69,1VY4
23S:991,23S:992,bL21,NPN,LYS,74,1VY4
23S:565,23S:566,bL21,NPN,LYS,78,1VY4
23S:565,23S:571,bL21,NPN,LYS,78,1VY4
23S:565,23S:572,bL21,NPN,LYS,78,1VY4
23S:565,23S:573,bL21,NPN,LYS,78,1VY4
23S:566,23S:571,bL21,NPN,LYS,78,1VY4
23S:566,23S:572,bL21,NPN,LYS,78,1VY4
23S:566,23S:573,bL21,NPN,LYS,78,1VY4
23S:571,23S:572,bL21,NPN,LYS,78,1VY4
23S:571,23S:573,bL21,NPN,LYS,78,1VY4
23S:572,23S:573,bL21,NPN,LYS,78,1VY4
23S:814,23S:815,bL21,NPN,ARG,83,1VY4
23S:814,23S:1226,bL21,NPN,LYS,84,1VY4
23S:992,23S:993,bL21,NPN,HIS,87,1VY4
23S:993,23S:1162,bL21,NPN,GLN,89,1VY4
23S:493,23S:494,uL22,NPN,ILE,6,1VY4
23S:493,23S:494,uL22,NPN,ARG,8,1VY4
23S:2011,23S:2012,uL22,NPN,LYS,16,1VY4
23S:2009,23S:2010,uL22,NPN,LYS,41,1VY4
23S:2010,23S:2011,uL22,NPN,ARG,42,1VY4
23S:488,23S:489,uL22,NPN,LYS,49,1VY4
23S:488,23S:491,uL22,NPN,LYS,49,1VY4
23S:489,23S:491,uL22,NPN,LYS,49,1VY4
23S:494,23S:495,uL22,NPN,ASN,57,1VY4
23S:23,23S:24,uL22,NPN,ASP,77,1VY4
23S:24,23S:25,uL22,NPN,GLU,78,1VY4
23S:1322,23S:1323,uL22,NPN,ARG,84,1VY4
23S:748,23S:1614,uL22,NPN,ARG,88,1VY4
23S:748,23S:2013,uL22,NPN,ARG,88,1VY4
23S:1614,23S:2013,uL22,NPN,ARG,88,1VY4
23S:748,23S:751,uL22,NPN,ARG,90,1VY4
23S:747,23S:1614,uL22,NPN,ARG,92,1VY4
23S:747,23S:2014,uL22,NPN,ARG,92,1VY4
23S:1614,23S:2014,uL22,NPN,ARG,92,1VY4
23S:1262,23S:2013,uL22,NPN,LYS,97,1VY4
23S:1338,23S:1339,uL23,NPN,SER,14,1VY4
23S:1339,23S:1340,uL23,NPN,LYS,16,1VY4
23S:1339,23S:1341,uL23,NPN,LYS,16,1VY4
23S:1339,23S:1394,uL23,NPN,LYS,16,1VY4
23S:1340,23S:1341,uL23,NPN,LYS,16,1VY4
23S:1340,23S:1394,uL23,NPN,LYS,16,1VY4
23S:1341,23S:1394,uL23,NPN,LYS,16,1VY4
23S:1398,23S:1399,uL23,NPN,LYS,25,1VY4
23S:143,23S:1599,uL23,NPN,THR,35,1VY4
23S:1342,23S:1599,uL23,NPN,LYS,36,1VY4
23S:139,23S:142A,uL23,NPN,THR,37,1VY4
23S:139,23S:143,uL23,NPN,THR,37,1VY4
23S:139,23S:1598,uL23,NPN,THR,37,1VY4
23S:142A,23S:143,uL23,NPN,THR,37,1VY4
23S:142A,23S:1598,uL23,NPN,THR,37,1VY4
23S:143,23S:1598,uL23,NPN,THR,37,1VY4
23S:1341,23S:1342,uL23,NPN,ASN,55,1VY4
23S:1341,23S:1398,uL23,NPN,ASN,55,1VY4
23S:1342,23S:1398,uL23,NPN,ASN,55,1VY4
23S:1600,23S:1601,uL23,NPN,HIS,58,1VY4
23S:64,23S:1336,uL23,NPN,LYS,64,1VY4
23S:1334,23S:1335,uL23,NPN,ARG,65,1VY4
23S:64,23S:456,uL23,NPN,TYR,69,1VY4
23S:64,23S:65,uL23,NPN,GLY,71,1VY4
23S:58,23S:65,uL23,NPN,LYS,72,1VY4
23S:81,23S:295,uL24,NPN,MET,1,1VY4
23S:84,23S:99,uL24,NPN,LYS,8,1VY4
23S:309,23S:310,uL24,NPN,GLY,18,1VY4
23S:309,23S:329,uL24,NPN,GLY,18,1VY4
23S:310,23S:329,uL24,NPN,GLY,18,1VY4
23S:480,23S:498,uL24,NPN,LYS,46,1VY4
23S:480,23S:499,uL24,NPN,LYS,46,1VY4
23S:498,23S:499,uL24,NPN,LYS,46,1VY4
23S:481,23S:483,uL24,NPN,ALA,48,1VY4
23S:328,23S:335,uL24,NPN,SER,70,1VY4
23S:328,23S:336,uL24,NPN,SER,70,1VY4
23S:335,23S:336,uL24,NPN,SER,70,1VY4
23S:302,23S:335,uL24,NPN,ARG,73,1VY4
23S:300,23S:301,uL24,NPN,ARG,84,1VY4
23S:300,23S:336,uL24,NPN,ARG,84,1VY4
23S:301,23S:336,uL24,NPN,ARG,84,1VY4
23S:297,23S:298,uL24,NPN,LYS,87,1VY4
23S:83,23S:296,uL24,NPN,LYS,95,1VY4
23S:83,23S:297,uL24,NPN,LYS,95,1VY4
23S:296,23S:297,uL24,NPN,LYS,95,1VY4
5S:75,5S:76,bL25,NPN,ARG,10,1VY4
5S:104,5S:105,bL25,NPN,TYR,29,1VY4
5S:106,5S:107,bL25,NPN,ARG,31,1VY4
5S:73,5S:74,bL25,NPN,ASN,34,1VY4
5S:104,5S:105,bL25,NPN,ARG,72,1VY4
5S:75,5S:103,bL25,NPN,GLN,73,1VY4
5S:75,5S:104,bL25,NPN,GLN,73,1VY4
5S:103,5S:104,bL25,NPN,GLN,73,1VY4
5S:75,5S:76,bL25,NPN,HIS,85,1VY4
23S:2251,23S:2252,bL27,NPN,LYS,4,1VY4
23S:2277,23S:2278,bL27,NPN,ASN,12,1VY4
23S:2278,23S:2279,bL27,NPN,ARG,14,1VY4
23S:2278,23S:2280,bL27,NPN,ARG,14,1VY4
23S:2279,23S:2280,bL27,NPN,ARG,14,1VY4
23S:2263,23S:2264,bL27,NPN,ASP,15,1VY4
23S:2271,23S:2272,bL27,NPN,ALA,18,1VY4
23S:2261,23S:2262,bL27,NPN,LYS,19,1VY4
23S:2270,23S:2271,bL27,NPN,ARG,20,1VY4
23S:2270,23S:2356,bL27,NPN,ARG,20,1VY4
23S:2270,23S:2357,bL27,NPN,ARG,20,1VY4
23S:2271,23S:2356,bL27,NPN,ARG,20,1VY4
23S:2271,23S:2357,bL27,NPN,ARG,20,1VY4
23S:2356,23S:2357,bL27,NPN,ARG,20,1VY4
23S:855,23S:856,bL27,NPN,GLU,27,1VY4
23S:922,23S:923,bL27,NPN,GLN,29,1VY4
23S:2354,23S:2355,bL27,NPN,ARG,39,1VY4
23S:2354,23S:2363,bL27,NPN,ARG,39,1VY4
23S:2355,23S:2363,bL27,NPN,ARG,39,1VY4
23S:2331,23S:2336,bL27,NPN,THR,43,1VY4
23S:2364,23S:2365,bL27,NPN,ARG,55,1VY4
23S:2364,23S:2384,bL27,NPN,ARG,55,1VY4
23S:2364,23S:2386,bL27,NPN,ARG,55,1VY4
23S:2364,23S:2387,bL27,NPN,ARG,55,1VY4
23S:2365,23S:2384,bL27,NPN,ARG,55,1VY4
23S:2365,23S:2386,bL27,NPN,ARG,55,1VY4
23S:2365,23S:2387,bL27,NPN,ARG,55,1VY4
23S:2384,23S:2386,bL27,NPN,ARG,55,1VY4
23S:2384,23S:2387,bL27,NPN,ARG,55,1VY4
23S:2386,23S:2387,bL27,NPN,ARG,55,1VY4
23S:2363,23S:2364,bL27,NPN,ASP,56,1VY4
5S:10,5S:11,bL27,NPN,ARG,72,1VY4
23S:2334,5S:12,bL27,NPN,ARG,74,1VY4
23S:857,23S:858,bL27,NPN,ARG,77,1VY4
23S:1364,23S:1365,bL28,NPN,LYS,3,1VY4
23S:1364,23S:1366,bL28,NPN,LYS,3,1VY4
23S:1365,23S:1366,bL28,NPN,LYS,3,1VY4
23S:380,23S:381,bL28,NPN,ASN,16,1VY4
23S:2079,23S:2080,bL28,NPN,ARG,21,1VY4
23S:388,23S:2396,bL28,NPN,LYS,25,1VY4
23S:2079,23S:2080,bL28,NPN,THR,35,1VY4
23S:189,23S:190,bL28,NPN,LYS,39,1VY4
23S:189,23S:205,bL28,NPN,LYS,39,1VY4
23S:190,23S:205,bL28,NPN,LYS,39,1VY4
23S:379,23S:396,bL28,NPN,GLN,42,1VY4
23S:379,23S:2231,bL28,NPN,GLN,42,1VY4
23S:379,23S:2232,bL28,NPN,GLN,42,1VY4
23S:396,23S:2231,bL28,NPN,GLN,42,1VY4
23S:396,23S:2232,bL28,NPN,GLN,42,1VY4
23S:2231,23S:2232,bL28,NPN,GLN,42,1VY4
23S:396,23S:1365,bL28,NPN,TYR,43,1VY4
23S:396,23S:2230,bL28,NPN,TYR,43,1VY4
23S:396,23S:2231,bL28,NPN,TYR,43,1VY4
23S:1365,23S:2230,bL28,NPN,TYR,43,1VY4
23S:1365,23S:2231,bL28,NPN,TYR,43,1VY4
23S:2230,23S:2231,bL28,NPN,TYR,43,1VY4
23S:396,23S:397,bL28,NPN,PRO,44,1VY4
23S:396,23S:2230,bL28,NPN,PRO,44,1VY4
23S:397,23S:2230,bL28,NPN,PRO,44,1VY4
23S:397,23S:398,bL28,NPN,ASN,45,1VY4
23S:397,23S:2090,bL28,NPN,ASN,45,1VY4
23S:397,23S:2230,bL28,NPN,ASN,45,1VY4
23S:398,23S:2090,bL28,NPN,ASN,45,1VY4
23S:398,23S:2230,bL28,NPN,ASN,45,1VY4
23S:2090,23S:2230,bL28,NPN,ASN,45,1VY4
23S:2090,23S:2091,bL28,NPN,GLN,47,1VY4
23S:2090,23S:2228,bL28,NPN,GLN,47,1VY4
23S:2090,23S:2229,bL28,NPN,GLN,47,1VY4
23S:2091,23S:2228,bL28,NPN,GLN,47,1VY4
23S:2091,23S:2229,bL28,NPN,GLN,47,1VY4
23S:2228,23S:2229,bL28,NPN,GLN,47,1VY4
23S:271Q,23S:271R,bL28,NPN,ARG,76,1VY4
23S:97,23S:98,uL29,NPN,LYS,2,1VY4
23S:77,23S:78,uL29,NPN,ARG,14,1VY4
23S:94A,23S:95,uL29,NPN,SER,45,1VY4
23S:61,23S:94A,uL29,NPN,ASN,47,1VY4
23S:95,23S:96,uL29,NPN,HIS,48,1VY4
23S:76,23S:77,uL29,NPN,ARG,59,1VY4
23S:111,23S:112,uL29,NPN,ASN,65,1VY4
23S:988,23S:989,uL30,NPN,SER,11,1VY4
23S:969,23S:970,uL30,NPN,GLY,14,1VY4
23S:931,23S:933,uL30,NPN,LYS,24,1VY4
23S:850,23S:851,uL30,NPN,ASN,46,1VY4
23S:850,23S:851,uL30,NPN,LYS,49,1VY4
5S:42,5S:43,bL31,NPN,LYS,2,1VY4
5S:42,5S:43,bL31,NPN,HIS,6,1VY4
23S:2611,23S:2612,bL32,NPN,ALA,2,1VY4
23S:2056,23S:2057,bL32,NPN,LYS,3,1VY4
23S:2056,23S:2505,bL32,NPN,LYS,3,1VY4
23S:2056,23S:2576,bL32,NPN,LYS,3,1VY4
23S:2056,23S:2577,bL32,NPN,LYS,3,1VY4
23S:2056,23S:2611,bL32,NPN,LYS,3,1VY4
23S:2057,23S:2505,bL32,NPN,LYS,3,1VY4
23S:2057,23S:2576,bL32,NPN,LYS,3,1VY4
23S:2057,23S:2577,bL32,NPN,LYS,3,1VY4
23S:2057,23S:2611,bL32,NPN,LYS,3,1VY4
23S:2505,23S:2576,bL32,NPN,LYS,3,1VY4
23S:2505,23S:2577,bL32,NPN,LYS,3,1VY4
23S:2505,23S:2611,bL32,NPN,LYS,3,1VY4
23S:2576,23S:2577,bL32,NPN,LYS,3,1VY4
23S:2576,23S:2611,bL32,NPN,LYS,3,1VY4
23S:2577,23S:2611,bL32,NPN,LYS,3,1VY4
23S:2015,23S:2056,bL32,NPN,HIS,4,1VY4
23S:2015,23S:2016,bL32,NPN,VAL,6,1VY4
23S:2015,23S:2615,bL32,NPN,VAL,6,1VY4
23S:2016,23S:2615,bL32,NPN,VAL,6,1VY4
23S:1264,23S:2016,bL32,NPN,PRO,7,1VY4
23S:2017,23S:2054,bL32,NPN,LYS,8,1VY4
23S:2017,23S:2055,bL32,NPN,LYS,8,1VY4
23S:2017,23S:2056,bL32,NPN,LYS,8,1VY4
23S:2017,23S:2615,bL32,NPN,LYS,8,1VY4
23S:2054,23S:2055,bL32,NPN,LYS,8,1VY4
23S:2054,23S:2056,bL32,NPN,LYS,8,1VY4
23S:2054,23S:2615,bL32,NPN,LYS,8,1VY4
23S:2055,23S:2056,bL32,NPN,LYS,8,1VY4
23S:2055,23S:2615,bL32,NPN,LYS,8,1VY4
23S:2056,23S:2615,bL32,NPN,LYS,8,1VY4
23S:2017,23S:2018,bL32,NPN,LYS,9,1VY4
23S:2017,23S:2019,bL32,NPN,LYS,9,1VY4
23S:2017,23S:2022,bL32,NPN,LYS,9,1VY4
23S:2018,23S:2019,bL32,NPN,LYS,9,1VY4
23S:2018,23S:2022,bL32,NPN,LYS,9,1VY4
23S:2019,23S:2022,bL32,NPN,LYS,9,1VY4
23S:1262,23S:2017,bL32,NPN,LYS,10,1VY4
23S:516,23S:517,bL32,NPN,LYS,13,1VY4
23S:2021,23S:2022,bL32,NPN,ARG,15,1VY4
23S:517,23S:1263,bL32,NPN,ARG,16,1VY4
23S:1264,23S:1266,bL32,NPN,ARG,19,1VY4
23S:1264,23S:2046,bL32,NPN,ARG,19,1VY4
23S:1266,23S:2046,bL32,NPN,ARG,19,1VY4
23S:1265,23S:1266,bL32,NPN,ARG,20,1VY4
23S:14,23S:2045,bL32,NPN,SER,21,1VY4
23S:2045,23S:2046,bL32,NPN,HIS,22,1VY4
23S:2045,23S:2623,bL32,NPN,HIS,22,1VY4
23S:2046,23S:2623,bL32,NPN,HIS,22,1VY4
23S:2815,23S:2884,bL32,NPN,HIS,43,1VY4
23S:2815,23S:2885,bL32,NPN,HIS,43,1VY4
23S:2884,23S:2885,bL32,NPN,HIS,43,1VY4
23S:2883,23S:2884,bL32,NPN,TYR,52,1VY4
23S:2400,23S:2401,bL33,NPN,ARG,18,1VY4
23S:2285,23S:2286,bL33,NPN,GLU,24,1VY4
23S:2285,23S:2286,bL33,NPN,ASN,29,1VY4
23S:2345,23S:2347,bL33,NPN,LYS,38,1VY4
23S:643,23S:2370,bL33,NPN,ARG,44,1VY4
23S:2345,23S:2371,bL33,NPN,HIS,46,1VY4
23S:752,23S:1619,bL34,NPN,MET,1,1VY4
23S:752,23S:1620,bL34,NPN,MET,1,1VY4
23S:1619,23S:1620,bL34,NPN,MET,1,1VY4
23S:687,23S:688,bL34,NPN,LYS,2,1VY4
23S:752,23S:789,bL34,NPN,ARG,3,1VY4
23S:752,23S:1613,bL34,NPN,ARG,3,1VY4
23S:789,23S:1613,bL34,NPN,ARG,3,1VY4
23S:686,23S:687,bL34,NPN,THR,4,1VY4
23S:686,23S:788,bL34,NPN,THR,4,1VY4
23S:687,23S:788,bL34,NPN,THR,4,1VY4
23S:464,23S:686,bL34,NPN,TRP,5,1VY4
23S:464,23S:1612,bL34,NPN,TRP,5,1VY4
23S:686,23S:1612,bL34,NPN,TRP,5,1VY4
23S:1309,23S:1310,bL34,NPN,ARG,9,1VY4
23S:1309,23S:1311,bL34,NPN,ARG,9,1VY4
23S:1310,23S:1311,bL34,NPN,ARG,9,1VY4
23S:771,23S:1377,bL34,NPN,ARG,10,1VY4
23S:771,23S:1378,bL34,NPN,ARG,10,1VY4
23S:1377,23S:1378,bL34,NPN,ARG,10,1VY4
23S:685,23S:686,bL34,NPN,LYS,11,1VY4
23S:464,23S:465,bL34,NPN,ARG,12,1VY4
23S:464,23S:686,bL34,NPN,ARG,12,1VY4
23S:465,23S:686,bL34,NPN,ARG,12,1VY4
23S:464,23S:465,bL34,NPN,HIS,16,1VY4
23S:464,23S:684,bL34,NPN,HIS,16,1VY4
23S:464,23S:686,bL34,NPN,HIS,16,1VY4
23S:465,23S:684,bL34,NPN,HIS,16,1VY4
23S:465,23S:686,bL34,NPN,HIS,16,1VY4
23S:684,23S:686,bL34,NPN,HIS,16,1VY4
23S:124,23S:125,bL34,NPN,ARG,19,1VY4
23S:124,23S:126,bL34,NPN,ARG,19,1VY4
23S:125,23S:126,bL34,NPN,ARG,19,1VY4
23S:465,23S:684,bL34,NPN,ARG,21,1VY4
23S:209,23S:210,bL34,NPN,LYS,29,1VY4
23S:466,23S:467,bL34,NPN,ARG,33,1VY4
23S:466,23S:467,bL34,NPN,ARG,34,1VY4
23S:458,23S:468,bL34,NPN,LYS,37,1VY4
23S:458,23S:469,bL34,NPN,LYS,37,1VY4
23S:468,23S:469,bL34,NPN,LYS,37,1VY4
23S:459,23S:467,bL34,NPN,ARG,39,1VY4
23S:459,23S:468,bL34,NPN,ARG,39,1VY4
23S:459,23S:469,bL34,NPN,ARG,39,1VY4
23S:467,23S:468,bL34,NPN,ARG,39,1VY4
23S:467,23S:469,bL34,NPN,ARG,39,1VY4
23S:468,23S:469,bL34,NPN,ARG,39,1VY4
23S:458,23S:459,bL34,NPN,TRP,40,1VY4
23S:125,23S:127,bL34,NPN,LYS,48,1VY4
23S:591,23S:666,bL35,NPN,PRO,2,1VY4
23S:591,23S:667,bL35,NPN,PRO,2,1VY4
23S:666,23S:667,bL35,NPN,PRO,2,1VY4
23S:592,23S:593,bL35,NPN,MET,4,1VY4
23S:242,23S:253,bL35,NPN,LYS,5,1VY4
23S:242,23S:254,bL35,NPN,LYS,5,1VY4
23S:253,23S:254,bL35,NPN,LYS,5,1VY4
23S:242,23S:243,bL35,NPN,THR,6,1VY4
23S:243,23S:245,bL35,NPN,LYS,8,1VY4
23S:243,23S:247,bL35,NPN,LYS,8,1VY4
23S:245,23S:247,bL35,NPN,LYS,8,1VY4
23S:247,23S:249,bL35,NPN,LYS,12,1VY4
23S:250,23S:2393,bL35,NPN,ARG,13,1VY4
23S:650,23S:651,bL35,NPN,THR,17,1VY4
23S:2361,23S:2392,bL35,NPN,THR,27,1VY4
23S:2361,23S:2393,bL35,NPN,THR,27,1VY4
23S:2392,23S:2393,bL35,NPN,THR,27,1VY4
23S:2394,23S:2420,bL35,NPN,ARG,30,1VY4
23S:2392,23S:2422,bL35,NPN,HIS,31,1VY4
23S:2391,23S:2420,bL35,NPN,LEU,32,1VY4
23S:2419,23S:2420,bL35,NPN,ASN,33,1VY4
23S:2351,23S:2365,bL35,NPN,LYS,39,1VY4
23S:2348,23S:2349,bL35,NPN,ARG,42,1VY4
23S:2348,23S:2382,bL35,NPN,ARG,42,1VY4
23S:2349,23S:2382,bL35,NPN,ARG,42,1VY4
23S:2351,23S:2365,bL35,NPN,GLN,43,1VY4
23S:641,23S:2350,bL35,NPN,ARG,46,1VY4
23S:630,23S:631,bL35,NPN,LYS,47,1VY4
23S:2359,23S:2360,bL35,NPN,ALA,51,1VY4
23S:242,23S:592,bL35,NPN,TYR,64,1VY4
23S:2526,23S:2527,bL36,NPN,MET,1,1VY4
23S:2526,23S:2742,bL36,NPN,MET,1,1VY4
23S:2527,23S:2742,bL36,NPN,MET,1,1VY4
23S:2466,23S:2477,bL36,NPN,ARG,4,1VY4
23S:1030,23S:2466,bL36,NPN,ALA,5,1VY4
23S:1031,23S:2466,bL36,NPN,SER,6,1VY4
23S:1031,23S:2467,bL36,NPN,SER,6,1VY4
23S:2466,23S:2467,bL36,NPN,SER,6,1VY4
23S:1031,23S:1032,bL36,NPN,VAL,7,1VY4
23S:2753,23S:2754,bL36,NPN,LYS,15,1VY4
23S:2754,23S:2755,bL36,NPN,ARG,19,1VY4
23S:2754,23S:2756,bL36,NPN,ARG,19,1VY4
23S:2754,23S:2757,bL36,NPN,ARG,19,1VY4
23S:2755,23S:2756,bL36,NPN,ARG,19,1VY4
23S:2755,23S:2757,bL36,NPN,ARG,19,1VY4
23S:2756,23S:2757,bL36,NPN,ARG,19,1VY4
23S:2756,23S:2757,bL36,NPN,HIS,20,1VY4
23S:2526,23S:2743,bL36,NPN,LYS,33,1VY4
23S:2539,23S:2742,bL36,NPN,ARG,35,1VY4
23S:1031,23S:1124,bL36,NPN,GLN,36,1VY4
16S:405,16S:547,uS4,NPN,GLY,2,1VY4
16S:405,16S:406,uS4,NPN,ARG,3,1VY4
16S:429,16S:430,uS4,NPN,CYS,9,1VY4
16S:427,16S:428,uS4,NPN,ARG,10,1VY4
16S:427,16S:542,uS4,NPN,ARG,10,1VY4
16S:427,16S:543,uS4,NPN,ARG,10,1VY4
16S:428,16S:542,uS4,NPN,ARG,10,1VY4
16S:428,16S:543,uS4,NPN,ARG,10,1VY4
16S:542,16S:543,uS4,NPN,ARG,10,1VY4
16S:542,16S:543,uS4,NPN,ARG,14,1VY4
16S:408,16S:409,uS4,NPN,LYS,22,1VY4
16S:408,16S:429,uS4,NPN,LYS,22,1VY4
16S:409,16S:429,uS4,NPN,LYS,22,1VY4
16S:409,16S:410,uS4,NPN,ARG,25,1VY4
16S:409,16S:411,uS4,NPN,ARG,25,1VY4
16S:410,16S:411,uS4,NPN,ARG,25,1VY4
16S:410,16S:411,uS4,NPN,LYS,30,1VY4
16S:412,16S:413,uS4,NPN,ARG,35,1VY4
16S:426,16S:427,uS4,NPN,ARG,36,1VY4
16S:426,16S:428,uS4,NPN,ARG,36,1VY4
16S:426,16S:429,uS4,NPN,ARG,36,1VY4
16S:427,16S:428,uS4,NPN,ARG,36,1VY4
16S:427,16S:429,uS4,NPN,ARG,36,1VY4
16S:428,16S:429,uS4,NPN,ARG,36,1VY4
16S:427,16S:542,uS4,NPN,PRO,40,1VY4
16S:426,16S:427,uS4,NPN,GLY,41,1VY4
16S:426,16S:512,uS4,NPN,GLN,42,1VY4
16S:426,16S:541,uS4,NPN,GLN,42,1VY4
16S:512,16S:541,uS4,NPN,GLN,42,1VY4
16S:511,16S:512,uS4,NPN,HIS,43,1VY4
16S:544,16S:545,uS4,NPN,GLN,62,1VY4
16S:545,16S:546,uS4,NPN,GLU,72,1VY4
16S:400,16S:401,uS4,NPN,ARG,73,1VY4
16S:400,16S:546,uS4,NPN,ARG,73,1VY4
16S:401,16S:546,uS4,NPN,ARG,73,1VY4
16S:402,16S:403,uS4,NPN,GLN,74,1VY4
16S:407,16S:408,uS4,NPN,ARG,115,1VY4
16S:406,16S:407,uS4,NPN,GLN,119,1VY4
16S:437,16S:438,uS4,NPN,HIS,123,1VY4
16S:437,16S:438,uS4,NPN,HIS,125,1VY4
16S:619,16S:620,uS4,NPN,LEU,135,1VY4
16S:8,16S:26,uS4,NPN,ARG,209,1VY4
16S:8,16S:508,uS4,NPN,ARG,209,1VY4
16S:26,16S:508,uS4,NPN,ARG,209,1VY4
