id,Species_Name,Species_Abr,Subunit,DataSetName,StructureName,MapType,Orientation,SS_Table,Font_Size_SVG,Font_Size_Canvas,Circle_Radius,PDB_chains,New_PDB_Chains,Molecule_Names,PDB_chains_rProtein,Molecule_Names_rProtein,PDB_File_rRNA,PDB_File_rProtein,Jmol_Script,Jmol_Model_Num_rRNA,Jmol_Model_Num_rProtein,TextLabels,LineLabels,ProteinMenu,AlnMenu,StructDataMenu,InterActionMenu,ConservationTable
1,Drosophila melanogaster,DM,LSU,<b>3D-based Structure</b> (recommended),4V6W,3D-based,portrait,DM_LSU_3D,3.2,2.5,1.2,5879,,28S:5.8S:5S:2S,ABCJHEGKOLVMaNIDQRSTPUXYWZrhbFcdefgijklmnpoqz,L8:L3:L4:L11:L9:L6:L7A:L12:L13A:L13:L23:L14:L27A:L15:L10:L5:L18:L19:L18A:L21:L17:L22:L23A:L26:L24:L27:L28:L35:L29:L7:L30:L31:L32:L35A:L34A:L36:L37A1:L38:L39:L40:L41:L37A:L36A:P0:L10a,DM_60S_rRNA.pdb,DM_60S_rProteins.pdb,DM_LSU_SSU.spt,1,3,DM_LSU_3D_TextLabels,DM_LSU_3D_LineLabels,L2(L8):L8:A;L3(L3):L3:B;L4(L4):L4:C;L5(L11):L11:J;L6(L9):L9:H;L6e(L6):L6:E;L8e(L7A):L7A:G;L11(L12):L12:K;L13(L13A):L13A:O;L13e(L13):L13:L;L14(L23):L23:V;L14e(L14):L14:M;L15(L27A):L27A:a;L15e(L15):L15:N;L16(L10):L10:I;L18(L5):L5:D;L18e(L18):L18:Q;L19e(L19):L19:R;L20e(L18A):L18A:S;L21e(L21):L21:T;L22(L17):L17:P;L22e(L22):L22:U;L23(L23A):L23A:X;L24(L26):L26:Y;L24e(L24):L24:W;L27e(L27):L27:Z;L28e(L28):L28:r;L29(L35):L35:h;L29e(L29):L29:b;L30(L7):L7:F;L30e(L30):L30:c;L31e(L31):L31:d;L32e(L32):L32:e;L33e(L35A):L35A:f;L34e(L34A):L34A:g;L36e(L36):L36:i;L37e(L37A1):L37A1:j;L38e(L38):L38:k;L39e(L39):L39:l;L40e(L40):L40:m;L41e(L41):L41:n;L43e(L37A):L37A:p;L44e(L36A):L36A:o; P0(P0):P0:q;L1(L10a):L10a:z,Shannon Entropy:Shannon_Entropy,"None:\'""""'\;Rainbow:\'map_Index\';Onion:\'Onion\',OnionColors,\'1\';FineOnion:\'FineOnion\'';B factors:\'mean_tempFactor\';Domains:\'Domains_Color\',DomainColors,\'1\'",Base Pairs:DM_LSU_BasePairs;Base Stacking:DM_LSU_Stacking;Base Phosphate:DM_LSU_BasePhosphate;Base Sugar:DM_LSU_BaseSugar;Protein Interactions:DM_LSU_NPN,DM_LSU_ConservationTable
2,Drosophila melanogaster,DM,LSU,Phylogeny Structure,,Phylogeny-based,landscape,DM_LSU_Phylo,3.2,2.5,1.2,5879,,28S:5.8S:5S:2S,ABCJHEGKOLVMaNIDQRSTPUXYWZrhbFcdefgijklmnpoqz,L8:L3:L4:L11:L9:L6:L7A:L12:L13A:L13:L23:L14:L27A:L15:L10:L5:L18:L19:L18A:L21:L17:L22:L23A:L26:L24:L27:L28:L35:L29:L7:L30:L31:L32:L35A:L34A:L36:L37A1:L38:L39:L40:L41:L37A:L36A:P0:L10a,DM_60S_rRNA.pdb,DM_60S_rProteins.pdb,DM_LSU_SSU_d6.spt,1,3,,,L2(L8):L8:A;L3(L3):L3:B;L4(L4):L4:C;L5(L11):L11:J;L6(L9):L9:H;L6e(L6):L6:E;L8e(L7A):L7A:G;L11(L12):L12:K;L13(L13A):L13A:O;L13e(L13):L13:L;L14(L23):L23:V;L14e(L14):L14:M;L15(L27A):L27A:a;L15e(L15):L15:N;L16(L10):L10:I;L18(L5):L5:D;L18e(L18):L18:Q;L19e(L19):L19:R;L20e(L18A):L18A:S;L21e(L21):L21:T;L22(L17):L17:P;L22e(L22):L22:U;L23(L23A):L23A:X;L24(L26):L26:Y;L24e(L24):L24:W;L27e(L27):L27:Z;L28e(L28):L28:r;L29(L35):L35:h;L29e(L29):L29:b;L30(L7):L7:F;L30e(L30):L30:c;L31e(L31):L31:d;L32e(L32):L32:e;L33e(L35A):L35A:f;L34e(L34A):L34A:g;L36e(L36):L36:i;L37e(L37A1):L37A1:j;L38e(L38):L38:k;L39e(L39):L39:l;L40e(L40):L40:m;L41e(L41):L41:n;L43e(L37A):L37A:p;L44e(L36A):L36A:o; P0(P0):P0:q;L1(L10a):L10a:z,Shannon Entropy:Shannon_Entropy,"None:\'""""'\;Rainbow:\'map_Index\';Onion:\'Onion\',OnionColors,\'1\';FineOnion:\'FineOnion\'';B factors:\'mean_tempFactor\';Domains:\'Domains_Color\',DomainColors,\'1\'",Base Pairs:DM_LSU_BasePairs;Base Stacking:DM_LSU_Stacking;Base Phosphate:DM_LSU_BasePhosphate;Base Sugar:DM_LSU_BaseSugar;Protein Interactions:DM_LSU_NPN,DM_LSU_ConservationTable
3,Drosophila melanogaster,DM,SSU,<b>3D-based Structure</b> (recommended),4V6W,3D-based,portrait,DM_SSU_3D,3.9,3.1,1.7,2,,18S,BADJECGFHWIQUKOXMSdNLRPTVYZabcefh,S3A:SA:S3:S9:S4:S2:S6:S5A:S7:S15A:S8:S16:S20:S10A:S14:S23:S12:S18:S29:S13:S11:S17:S15:S19A:S21:S24:S25:S26:S27:S28:S30:S27A:Vig2,DM_40S_rRNA.pdb,DM_40S_rProteins.pdb,DM_LSU_SSU.spt,2,4,DM_SSU_3D_TextLabels,DM_SSU_3D_LineLabels,S1e(S3A):S3A:B;S2(SA):SA:A;S3(S3):S3:D;S4(S9):S9:J;S4e(S4):S4:E;S5(S2):S2:C;S6e(S6):S6:G;S7(S5A):S5A:F;S7e(S7):S7:H;S8(S15A):S15A:W;S8e(S8):S8:I;S9(S16):S16:Q;S10(S20):S20:U;S10e(S10A):S10A:K;S11(S14):S14:O;S12(S23):S23:X;S12e(S12):S12:M;S13(S18):S18:S;S14(S29):S29:d;S15(S13):S13:N;S17(S11):S11:L;S17e(S17):S17:R;S19(S15):S15:P;S19e(S19A):S19A:T;S21e(S21):S21:V;S24e(S24):S24:Y;S25e(S25):S25:Z;S26e(S26):S26:a;S27e(S27):S27:b;S28e(S28):S28:c;S30e(S30):S30:e;S31e(S27A):S27A:f;Vig2(Vig2):Vig2:h,Shannon Entropy:Shannon_Entropy,"None:\'""""'\;Rainbow:\'map_Index\';Onion:\'Onion\',OnionColors,\'1\';FineOnion:\'FineOnion\'';B factors:\'mean_tempFactor\';Domains:\'Domains_Color\',DomainColors,\'1\'",Base Pairs:DM_SSU_BasePairs;Base Stacking:DM_SSU_Stacking;Base Phosphate:DM_SSU_BasePhosphate;Base Sugar:DM_SSU_BaseSugar;Protein Interactions:DM_SSU_NPN,DM_SSU_ConservationTable
4,Drosophila melanogaster,DM,SSU,Phylogeny Structure,,Phylogeny-based,portrait,DM_SSU_Phylo,3.9,3.1,1.7,2,,18S,BADJECGFHWIQUKOXMSdNLRPTVYZabcefh,S3A:SA:S3:S9:S4:S2:S6:S5A:S7:S15A:S8:S16:S20:S10A:S14:S23:S12:S18:S29:S13:S11:S17:S15:S19A:S21:S24:S25:S26:S27:S28:S30:S27A:Vig2,DM_40S_rRNA.pdb,DM_40S_rProteins.pdb,DM_LSU_SSU_d6.spt,2,4,,,S1e(S3A):S3A:B;S2(SA):SA:A;S3(S3):S3:D;S4(S9):S9:J;S4e(S4):S4:E;S5(S2):S2:C;S6e(S6):S6:G;S7(S5A):S5A:F;S7e(S7):S7:H;S8(S15A):S15A:W;S8e(S8):S8:I;S9(S16):S16:Q;S10(S20):S20:U;S10e(S10A):S10A:K;S11(S14):S14:O;S12(S23):S23:X;S12e(S12):S12:M;S13(S18):S18:S;S14(S29):S29:d;S15(S13):S13:N;S17(S11):S11:L;S17e(S17):S17:R;S19(S15):S15:P;S19e(S19A):S19A:T;S21e(S21):S21:V;S24e(S24):S24:Y;S25e(S25):S25:Z;S26e(S26):S26:a;S27e(S27):S27:b;S28e(S28):S28:c;S30e(S30):S30:e;S31e(S27A):S27A:f;Vig2(Vig2):Vig2:h,Shannon Entropy:Shannon_Entropy,"None:\'""""'\;Rainbow:\'map_Index\';Onion:\'Onion\',OnionColors,\'1\';FineOnion:\'FineOnion\'';B factors:\'mean_tempFactor\';Domains:\'Domains_Color\',DomainColors,\'1\'",Base Pairs:DM_SSU_BasePairs;Base Stacking:DM_SSU_Stacking;Base Phosphate:DM_SSU_BasePhosphate;Base Sugar:DM_SSU_BaseSugar;Protein Interactions:DM_SSU_NPN,DM_SSU_ConservationTable
5,Escherichia coli,EC,LSU,<b>3D-based Structure</b> (recommended),4V9D,3D-based,portrait,EC_LSU_3D,3.9,3.1,1.7,AB,CA:CB,23S:5S,CDEFGHIJKLMNOPQRSTUVWXYZ01234,L2:L3:L4:L5:L6:L9:L11:L13:L14:L15:L16:L17:L18:L19:L20:L21:L22:L23:L24:L25:L27:L28:L29:L30:L32:L33:L34:L35:L36,EC_50S.pdb,EC_50S.pdb,EC_LSU_SSU.spt,1,1,EC_LSU_3D_TextLabels,EC_LSU_3D_LineLabels,L2:L2:C;L3:L3:D;L4:L4:E;L5:L5:F;L6:L6:G;L9:L9:H;L11:L11:I;L13:L13:J;L14:L14:K;L15:L15:L;L16:L16:M;L17:L17:N;L18:L18:O;L19:L19:P;L20:L20:Q;L21:L21:R;L22:L22:S;L23:L23:T;L24:L24:U;L25:L25:V;L27:L27:W;L28:L28:X;L29:L29:Y;L30:L30:Z;L32:L32:0;L33:L33:1;L34:L34:2;L35:L35:3;L36:L36:4,Shannon Entropy:Shannon_Entropy,"None:\'""""'\;Rainbow:\'map_Index\';Onion:\'Onion\',OnionColors,\'1\';B factors:\'mean_tempFactor\';Domains:\'Domains_Color\',DomainColors,\'1\';Helices:\'Helix_Color\',HelixColors,\'1\',\'Helix_Num\';Mg ions, 2.4 Å:\'Mg_ions_24\',BinaryColors,\'1\';Mg ions, 2.6 Å:\'Mg_ions_26\',BinaryColors,\'1\';Mg ions, 6.0 Å:\'Mg_ions_60\',BinaryColors,\'1\'",Base Pairs:EC_LSU_BasePairs;Base Stacking:EC_LSU_Stacking;Base Phosphate:EC_LSU_BasePhosphate;Base Sugar:EC_LSU_BaseSugar;Magnesium2.4A:EC_LSU_NMN;Protein Interactions:EC_LSU_NPN,EC_LSU_ConservationTable
6,Escherichia coli,EC,LSU,Phylogeny Structure,4V9D,Phylogeny-based,landscape,EC_LSU_Phylo,3.9,3.1,1.7,AB,CA:CB,23S:5S,CDEFGHIJKLMNOPQRSTUVWXYZ01234,L2:L3:L4:L5:L6:L9:L11:L13:L14:L15:L16:L17:L18:L19:L20:L21:L22:L23:L24:L25:L27:L28:L29:L30:L32:L33:L34:L35:L36,EC_50S.pdb,EC_50S.pdb,EC_LSU_SSU_d6.spt,1,1,EC_LSU_Phylo_TextLabels,EC_LSU_Phylo_LineLabels,L2:L2:C;L3:L3:D;L4:L4:E;L5:L5:F;L6:L6:G;L9:L9:H;L11:L11:I;L13:L13:J;L14:L14:K;L15:L15:L;L16:L16:M;L17:L17:N;L18:L18:O;L19:L19:P;L20:L20:Q;L21:L21:R;L22:L22:S;L23:L23:T;L24:L24:U;L25:L25:V;L27:L27:W;L28:L28:X;L29:L29:Y;L30:L30:Z;L32:L32:0;L33:L33:1;L34:L34:2;L35:L35:3;L36:L36:4,Shannon Entropy:Shannon_Entropy,"None:\'""""'\;Rainbow:\'map_Index\';Onion:\'Onion\',OnionColors,\'1\';B factors:\'mean_tempFactor\';Domains:\'Domains_Color\',DomainColors,\'1\';Helices:\'Helix_Color\',HelixColors,\'1\',\'Helix_Num\';Mg ions, 2.4 Å:\'Mg_ions_24\',BinaryColors,\'1\';Mg ions, 2.6 Å:\'Mg_ions_26\',BinaryColors,\'1\';Mg ions, 6.0 Å:\'Mg_ions_60\',BinaryColors,\'1\'",Base Pairs:EC_LSU_BasePairs;Base Stacking:EC_LSU_Stacking;Base Phosphate:EC_LSU_BasePhosphate;Base Sugar:EC_LSU_BaseSugar;Magnesium2.4A:EC_LSU_NMN;Protein Interactions:EC_LSU_NPN,EC_LSU_ConservationTable
7,Escherichia coli,EC,SSU,<b>3D-based Structure</b> (recommended),4V9D,3D-based,portrait,EC_SSU_3D,3.9,3.1,1.7,A,AA,16S,BCDEFGHIJKLMNOPQRSTU,S2:S3:S4:S5:S6:S7:S8:S9:S10:S11:S12:S13:S14:S15:S16:S17:S18:S19:S20:S21,EC_30S.pdb,EC_30S.pdb,EC_LSU_SSU.spt,2,2,EC_SSU_3D_TextLabels,EC_SSU_3D_LineLabels,S2:S2:B;S3:S3:C;S4:S4:D;S5:S5:E;S6:S6:F;S7:S7:G;S8:S8:H;S9:S9:I;S10:S10:J;S11:S11:K;S12:S12:L;S13:S13:M;S14:S14:N;S15:S15:O;S16:S16:P;S17:S17:Q;S18:S18:R;S19:S19:S;S20:S20:T;S21:S21:U,Shannon Entropy:Shannon_Entropy;CoVar_Entropy:CoVar_Entropy,"None:\'""""'\;Rainbow:\'map_Index\';Onion:\'Onion\',OnionColors,\'1\';B factors:\'mean_tempFactor\';Domains:\'Domains_Color\',DomainColors,\'1\';Helices:\'Helix_Color\',HelixColors,\'1\',\'Helix_Num\';Mg ions, 2.4 Å:\'Mg_ions_24\',BinaryColors,\'1\';Mg ions, 2.6 Å:\'Mg_ions_26\',BinaryColors,\'1\';Mg ions, 6.0 Å:\'Mg_ions_60\',BinaryColors,\'1\'",Base Pairs:EC_SSU_BasePairs;Base Stacking:EC_SSU_Stacking;Base Phosphate:EC_SSU_BasePhosphate;Base Sugar:EC_SSU_BaseSugar;Magnesium2.4A:EC_SSU_NMN;Protein Interactions:EC_SSU_NPN,EC_SSU_ConservationTable
8,Escherichia coli,EC,SSU,Phylogeny Structure,4V9D,Phylogeny-based,portrait,EC_SSU_Phylo,3.9,3.1,1.7,A,AA,16S,BCDEFGHIJKLMNOPQRSTU,S2:S3:S4:S5:S6:S7:S8:S9:S10:S11:S12:S13:S14:S15:S16:S17:S18:S19:S20:S21,EC_30S.pdb,EC_30S.pdb,EC_LSU_SSU_d6.spt,2,2,EC_SSU_Phylo_TextLabels,EC_SSU_Phylo_LineLabels,S2:S2:B;S3:S3:C;S4:S4:D;S5:S5:E;S6:S6:F;S7:S7:G;S8:S8:H;S9:S9:I;S10:S10:J;S11:S11:K;S12:S12:L;S13:S13:M;S14:S14:N;S15:S15:O;S16:S16:P;S17:S17:Q;S18:S18:R;S19:S19:S;S20:S20:T;S21:S21:U,Shannon Entropy:Shannon_Entropy,"None:\'""""'\;Rainbow:\'map_Index\';Onion:\'Onion\',OnionColors,\'1\';B factors:\'mean_tempFactor\';Domains:\'Domains_Color\',DomainColors,\'1\';Helices:\'Helix_Color\',HelixColors,\'1\',\'Helix_Num\';Mg ions, 2.4 Å:\'Mg_ions_24\',BinaryColors,\'1\';Mg ions, 2.6 Å:\'Mg_ions_26\',BinaryColors,\'1\';Mg ions, 6.0 Å:\'Mg_ions_60\',BinaryColors,\'1\'",Base Pairs:EC_SSU_BasePairs;Base Stacking:EC_SSU_Stacking;Base Phosphate:EC_SSU_BasePhosphate;Base Sugar:EC_SSU_BaseSugar;Magnesium2.4A:EC_SSU_NMN;Protein Interactions:EC_SSU_NPN,EC_SSU_ConservationTable
9,Haloarcula marismortui,HM,LSU,<b>3D-based Structure</b> (recommended),4V9F,3D-based,portrait,HM_LSU_3D,3.9,3.1,1.7,9,,23S:5S,ABCDEFGHIJKLMNOPQRSTUVWXYZ12,L2:L3:L4:L5:L6:7AE:L10:L10E:L13:L14:L15:L15E:L18:L18E:L19E:L21E:L22:L23:L24:L24E:L29:L30:L31E:L32E:L37Ae:L37E:L39E:L44E,HM_50S.pdb,HM_50S.pdb,HM_LSU.spt,1,1,HM_LSU_3D_TextLabels,HM_LSU_3D_LineLabels,L2:L2:A;L3:L3:B;L4:L4:C;L5:L5:D;L6:L6:E;7AE:7AE:F;L10:L10:G;L10E:L10E:H;L13:L13:I;L14:L14:J;L15:L15:K;L15E:L15E:L;L18:L18:M;L18E:L18E:N;L19E:L19E:O;L21E:L21E:P;L22:L22:Q;L23:L23:R;L24:L24:S;L24E:L24E:T;L29:L29:U;L30:L30:V;L31E:L31E:W;L32E:L32E:X;L37Ae:L37Ae:Y;L37E:L37E:Z;L39E:L39E:1;L44E:L44E:2,Shannon Entropy:Shannon_Entropy,"None:\'""""'\;Rainbow:\'map_Index\';Onion:\'Onion\',OnionColors,\'1\';B factors:\'mean_tempFactor\';Domains:\'Domains_Color\',DomainColors,\'1\';Helices:\'Helix_Color\',HelixColors,\'1\',\'Helix_Num\';Mg ions, 2.4 Å:\'Mg_ions_24\',BinaryColors,\'1\';Mg ions, 2.6 Å:\'Mg_ions_26\',BinaryColors,\'1\';Mg ions, 6.0 Å:\'Mg_ions_60\',BinaryColors,\'1\'",Base Pairs:HM_LSU_BasePairs;Base Stacking:HM_LSU_Stacking;Base Phosphate:HM_LSU_BasePhosphate;Base Sugar:HM_LSU_BaseSugar;Magnesium2.4A:HM_LSU_NMN;Protein Interactions:HM_LSU_NPN,HM_LSU_ConservationTable
25,Haloarcula marismortui,HM,SSU,<b>3D-based Structure</b> (recommended),4V9F,3D-based,portrait,HM_SSU_3D,3.9,3.1,1.7,A,,16S,,,HM_50S.pdb,HM_50S.pdb,HM_LSU_d6.spt,1,1,,,,Shannon Entropy:Shannon_Entropy,"None:\'""""'\;Rainbow:\'map_Index\'",Base Pairs:HM_LSU_BasePairs;Base Stacking:HM_LSU_Stacking;Base Phosphate:HM_LSU_BasePhosphate;Base Sugar:HM_LSU_BaseSugar;Magnesium2.4A:HM_LSU_NMN;Protein Interactions:HM_LSU_NPN,HM_LSU_ConservationTable
11,Homo sapiens,HS,LSU,<b>3D-based Structure</b> (recommended),4V6X,3D-based,portrait,HS_LSU_3D,3,2.5,1.2,587,,28S:5.8S:5S,ABCJHEGKOLVMaNIDQRSTPUXYWZrhbFcdefgijklmnpoqzstuv,L8:L3:L4:L11:L9:L6:L7A:L12:L13A:L13:L23:L14:L27A:L15:L10:L5:L18:L19:L18A:L21:L17:L22:L23A:L26:L24:L27:L28:L35:L29:L7:L30:L31:L32:L35A:L34:L36:L37:L38:L39:L40:L41:L37A:L36A:P0:L10A:P1a:P1b:P2a:P2b,HS_60S_rRNA.pdb,HS_60S_rProteins.pdb,HS_LSU_SSU.spt,1,3,HS_LSU_3D_TextLabels,HS_LSU_3D_LineLabels,L2(L8):L8:A;L3(L3):L3:B;L4(L4):L4:C;L5(L11):L11:J;L6(L9):L9:H;L6e(L6):L6:E;L8e(L7A):L7A:G;L11(L12):L12:K;L13(L13A):L13A:O;L13e(L13):L13:L;L14(L23):L23:V;L14e(L14):L14:M;L15(L27A):L27A:a;L15e(L15):L15:N;L16(L10):L10:I;L18(L5):L5:D;L18e(L18):L18:Q;L19e(L19):L19:R;L20e(L18A):L18A:S;L21e(L21):L21:T;L22(L17):L17:P;L22e(L22):L22:U;L23(L23A):L23A:X;L24(L26):L26:Y;L24e(L24):L24:W;L27e(L27):L27:Z;L28e(L28):L28:r;L29(L35):L35:h;L29e(L29):L29:b;L30(L7):L7:F;L30e(L30):L30:c;L31e(L31):L31:d;L32e(L32):L32:e;L33e(L35A):L35A:f;L34e(L34):L34:g;L36e(L36):L36:i;L37e(L37):L37:j;L38e(L38):L38:k;L39e(L39):L39:l;L40e(L40):L40:m;L41e(L41):L41:n;L43e(L37A):L37A:p;L44e(L36A):L36A:o;P0(P0):P0:q;L1(L10A):L10A:z;P1a(P1a):P1a:s;P1b(P1b):P1b:t;P2a(P2a):P2a:u;P2b(P2b):P2b:v,Shannon Entropy:Shannon_Entropy,"None:\'""""'\;Rainbow:\'map_Index\';Onion:\'Onion\',OnionColors,\'1\';FineOnion:\'FineOnion\'';B factors:\'mean_tempFactor\';Domains:\'Domains_Color\',DomainColors,\'1\'",Base Pairs:HS_LSU_BasePairs;Base Stacking:HS_LSU_Stacking;Base Phosphate:HS_LSU_BasePhosphate;Base Sugar:HS_LSU_BaseSugar;Protein Interactions:HS_LSU_NPN,HS_LSU_ConservationTable
12,Homo sapiens,HS,LSU,Phylogeny Structure,,Phylogeny-based,landscape,HS_LSU_Phylo,3,2.5,1.2,587,,28S:5.8S:5S,ABCJHEGKOLVMaNIDQRSTPUXYWZrhbFcdefgijklmnpoqzstuv,L8:L3:L4:L11:L9:L6:L7A:L12:L13A:L13:L23:L14:L27A:L15:L10:L5:L18:L19:L18A:L21:L17:L22:L23A:L26:L24:L27:L28:L35:L29:L7:L30:L31:L32:L35A:L34:L36:L37:L38:L39:L40:L41:L37A:L36A:P0:L10A:P1a:P1b:P2a:P2b,HS_60S_rRNA.pdb,HS_60S_rProteins.pdb,HS_LSU_SSU_d6.spt,1,3,,,L2(L8):L8:A;L3(L3):L3:B;L4(L4):L4:C;L5(L11):L11:J;L6(L9):L9:H;L6e(L6):L6:E;L8e(L7A):L7A:G;L11(L12):L12:K;L13(L13A):L13A:O;L13e(L13):L13:L;L14(L23):L23:V;L14e(L14):L14:M;L15(L27A):L27A:a;L15e(L15):L15:N;L16(L10):L10:I;L18(L5):L5:D;L18e(L18):L18:Q;L19e(L19):L19:R;L20e(L18A):L18A:S;L21e(L21):L21:T;L22(L17):L17:P;L22e(L22):L22:U;L23(L23A):L23A:X;L24(L26):L26:Y;L24e(L24):L24:W;L27e(L27):L27:Z;L28e(L28):L28:r;L29(L35):L35:h;L29e(L29):L29:b;L30(L7):L7:F;L30e(L30):L30:c;L31e(L31):L31:d;L32e(L32):L32:e;L33e(L35A):L35A:f;L34e(L34):L34:g;L36e(L36):L36:i;L37e(L37):L37:j;L38e(L38):L38:k;L39e(L39):L39:l;L40e(L40):L40:m;L41e(L41):L41:n;L43e(L37A):L37A:p;L44e(L36A):L36A:o;P0(P0):P0:q;L1(L10A):L10A:z;P1a(P1a):P1a:s;P1b(P1b):P1b:t;P2a(P2a):P2a:u;P2b(P2b):P2b:v,Shannon Entropy:Shannon_Entropy,"None:\'""""'\;Rainbow:\'map_Index\';Onion:\'Onion\',OnionColors,\'1\';FineOnion:\'FineOnion\'';B factors:\'mean_tempFactor\';Domains:\'Domains_Color\',DomainColors,\'1\'",Base Pairs:HS_LSU_BasePairs;Base Stacking:HS_LSU_Stacking;Base Phosphate:HS_LSU_BasePhosphate;Base Sugar:HS_LSU_BaseSugar;Protein Interactions:HS_LSU_NPN,HS_LSU_ConservationTable
13,Homo sapiens,HS,SSU,<b>3D-based Structure</b> (recommended),4V6X,3D-based,portrait,HS_SSU_3D,3.9,3.1,1.7,2,,18S,BADJECGFHWIQUKOXMSdNLRPTVYZabcefh,S3A:SA:S3:S9:S4:S2:S6:S5:S7:S15A:S8:S16:S20:S10:S14:S23:S12:S18:S29:S13:S11:S17:S15:S19:S21:S24:S25:S26:S27:S28:S30:S27A:Pai0,HS_40S_rRNA.pdb,HS_40S_rProteins.pdb,HS_LSU_SSU.spt,2,4,HS_SSU_3D_TextLabels,HS_SSU_3D_LineLabels,S1e(S3A):S3A:B;S2(SA):SA:A;S3(S3):S3:D;S4(S9):S9:J;S4e(S4):S4:E;S5(S2):S2:C;S6e(S6):S6A:G;S7(S5):S5:F;S7e(S7):S7:H;S8(S15A):S15A:W;S8e(S8):S8:I;S9(S16):S16:Q;S10(S20):S20:U;S10e(S10):S10:K;S11(S14):S14:O;S12(S23):S23:X;S12e(S12):S12:M;S13(S18):S18:S;S14(S29):S29A:d;S15(S13):S13:N;S17(S11):S11A:L;S17e(S17):S17A:R;S19(S15):S15:P;S19e(S19):S19A:T;S21e(S21):S21A:V;S24e(S24):S24A:Y;S25e(S25):S25A:Z;S26e(S26):S26A:a;S27e(S27):S27A:b;S28e(S28):S28A:c;S30e(S30):S30:e;S31e(S27A):S27A:f;Pai1(Pai1):Pai1:h,Shannon Entropy:Shannon_Entropy,"None:\'""""'\;Rainbow:\'map_Index\';Onion:\'Onion\',OnionColors,\'1\';FineOnion:\'FineOnion\'';B factors:\'mean_tempFactor\';Domains:\'Domains_Color\',DomainColors,\'1\'",Base Pairs:HS_SSU_BasePairs;Base Stacking:HS_SSU_Stacking;Base Phosphate:HS_SSU_BasePhosphate;Base Sugar:HS_SSU_BaseSugar;Protein Interactions:HS_SSU_NPN,HS_SSU_ConservationTable
14,Homo sapiens,HS,SSU,Phylogeny Structure,,Phylogeny-based,portrait,HS_SSU_Phylo,3.9,3.1,1.7,2,,18S,BADJECGFHWIQUKOXMSdNLRPTVYZabcefh,S3A:SA:S3:S9:S4:S2:S6:S5:S7:S15A:S8:S16:S20:S10:S14:S23:S12:S18:S29:S13:S11:S17:S15:S19:S21:S24:S25:S26:S27:S28:S30:S27A:Pai1,HS_40S_rRNA.pdb,HS_40S_rProteins.pdb,HS_LSU_SSU_d6.spt,2,4,,,S1e(S3A):S3A:B;S2(SA):SA:A;S3(S3):S3:D;S4(S9):S9:J;S4e(S4):S4:E;S5(S2):S2:C;S6e(S6):S6A:G;S7(S5):S5:F;S7e(S7):S7:H;S8(S15A):S15A:W;S8e(S8):S8:I;S9(S16):S16:Q;S10(S20):S20:U;S10e(S10):S10:K;S11(S14):S14:O;S12(S23):S23:X;S12e(S12):S12:M;S13(S18):S18:S;S14(S29):S29A:d;S15(S13):S13:N;S17(S11):S11A:L;S17e(S17):S17A:R;S19(S15):S15:P;S19e(S19):S19A:T;S21e(S21):S21A:V;S24e(S24):S24A:Y;S25e(S25):S25A:Z;S26e(S26):S26A:a;S27e(S27):S27A:b;S28e(S28):S28A:c;S30e(S30):S30:e;S31e(S27A):S27A:f;Pai1(Pai1):Pai1:h,Shannon Entropy:Shannon_Entropy,"None:\'""""'\;Rainbow:\'map_Index\';Onion:\'Onion\',OnionColors,\'1\';FineOnion:\'FineOnion\'';B factors:\'mean_tempFactor\';Domains:\'Domains_Color\',DomainColors,\'1\'",Base Pairs:HS_SSU_BasePairs;Base Stacking:HS_SSU_Stacking;Base Phosphate:HS_SSU_BasePhosphate;Base Sugar:HS_SSU_BaseSugar;Protein Interactions:HS_SSU_NPN,HS_SSU_ConservationTable
15,Saccharomyces cerevisiae,SC,LSU,<b>3D-based Structure</b> (recommended),4V88,3D-based,portrait,SC_LSU_3D,3.5,2.6,1.4,143,,25S:5.8S:5S,ABCJHEGOLVMaNIDQRSTPUXYWZhbFcdefgijklmnpo,L2A:L3:L4A:L11A:L9A:L6A:L8A:L16AB:L13A:L23A:L14A:L28:L15A:L10:L5:L18A:L19A:L20A:L21A:L17A:L22A:L25:L26A:L24A:L27A:L35A:L29:L7A:L30:L31A:L32:L33A:L34A:L36A:L37A:L38:L39:L40:L41A:L43A:L42A,SC_60S_rRNA.pdb,SC_60S_rProtein.pdb,SC_LSU_SSU.spt,1,3,SC_LSU_3D_TextLabels,SC_LSU_3D_LineLabels,L2(L2):L2A:A;L3(L3):L3:B;L4(L4):L4A:C;L5(L11):L11A:J;L6(L9):L9A:H;L6e(L6):L6A:E;L8e(L8):L8A:G;L13(L16):L16AB:O;L13e(L13):L13A:L;L14(L23):L23A:V;L14e(L14):L14A:M;L15(L28):L28:a;L15e(L15):L15A:N;L16(L10):L10:I;L18(L5):L5:D;L18e(L18):L18A:Q;L19e(L19):L19A:R;L20e(L20):L20A:S;L21e(L21):L21A:T;L22(L17):L17A:P;L22e(L22):L22A:U;L23(L25):L25:X;L24(L26):L26A:Y;L24e(L24):L24A:W;L27e(L27):L27A:Z;L29(L35):L35A:h;L29e(L29):L29:b;L30(L7):L7A:F;L30e(L30):L30:c;L31e(L31):L31A:d;L32e(L32):L32:e;L33e(L33):L33A:f;L34e(L34):L34A:g;L36e(L36):L36A:i;L37e(L37):L37A:j;L38e(L38):L38:k;L39e(L39):L39:l;L40e(L40):L40:m;L41e(L41):L41A:n;L43e(L43):L43A:p;L44e(L42):L42A:o,Shannon Entropy:Shannon_Entropy,"None:\'""""'\;Rainbow:\'map_Index\';Onion:\'Onion\',OnionColors,\'1\';B factors:\'mean_tempFactor\';Domains:\'Domains_Color\',DomainColors,\'1\';Helices:\'Helix_Color\',HelixColors,\'1\',\'Helix_Num\';Mg ions, 2.4 Å:\'Mg_ions_24\',BinaryColors,\'1\';Mg ions, 2.6 Å:\'Mg_ions_26\',BinaryColors,\'1\';Mg ions, 6.0 Å:\'Mg_ions_60\',BinaryColors,\'1\'",Base Pairs:SC_LSU_BasePairs;Base Stacking:SC_LSU_Stacking;Base Phosphate:SC_LSU_BasePhosphate;Base Sugar:SC_LSU_BaseSugar;Magnesium2.4A:SC_LSU_NMN;Protein Interactions:SC_LSU_NPN,SC_LSU_ConservationTable
16,Saccharomyces cerevisiae,SC,LSU,Phylogeny Structure,,Phylogeny-based,landscape,SC_LSU_Phylo,3.5,2.6,1.4,143,,25S:5.8S:5S,ABCJHEGOLVMaNIDQRSTPUXYWZhbFcdefgijklmnpo,L2A:L3:L4A:L11A:L9A:L6A:L8A:L16AB:L13A:L23A:L14A:L28:L15A:L10:L5:L18A:L19A:L20A:L21A:L17A:L22A:L25:L26A:L24A:L27A:L35A:L29:L7A:L30:L31A:L32:L33A:L34A:L36A:L37A:L38:L39:L40:L41A:L43A:L42A,SC_60S_rRNA.pdb,SC_60S_rProtein.pdb,SC_LSU_SSU_d6.spt,1,3,SC_LSU_Phylo_TextLabels,SC_LSU_Phylo_LineLabels,L2(L2):L2A:A;L3(L3):L3:B;L4(L4):L4A:C;L5(L11):L11A:J;L6(L9):L9A:H;L6e(L6):L6A:E;L8e(L8):L8A:G;L13(L16):L16AB:O;L13e(L13):L13A:L;L14(L23):L23A:V;L14e(L14):L14A:M;L15(L28):L28:a;L15e(L15):L15A:N;L16(L10):L10:I;L18(L5):L5:D;L18e(L18):L18A:Q;L19e(L19):L19A:R;L20e(L20):L20A:S;L21e(L21):L21A:T;L22(L17):L17A:P;L22e(L22):L22A:U;L23(L25):L25:X;L24(L26):L26A:Y;L24e(L24):L24A:W;L27e(L27):L27A:Z;L29(L35):L35A:h;L29e(L29):L29:b;L30(L7):L7A:F;L30e(L30):L30:c;L31e(L31):L31A:d;L32e(L32):L32:e;L33e(L33):L33A:f;L34e(L34):L34A:g;L36e(L36):L36A:i;L37e(L37):L37A:j;L38e(L38):L38:k;L39e(L39):L39:l;L40e(L40):L40:m;L41e(L41):L41A:n;L43e(L43):L43A:p;L44e(L42):L42A:o,Shannon Entropy:Shannon_Entropy,"None:\'""""'\;Rainbow:\'map_Index\';Onion:\'Onion\',OnionColors,\'1\';B factors:\'mean_tempFactor\';Domains:\'Domains_Color\',DomainColors,\'1\';Helices:\'Helix_Color\',HelixColors,\'1\',\'Helix_Num\';Mg ions, 2.4 Å:\'Mg_ions_24\',BinaryColors,\'1\';Mg ions, 2.6 Å:\'Mg_ions_26\',BinaryColors,\'1\';Mg ions, 6.0 Å:\'Mg_ions_60\',BinaryColors,\'1\'",Base Pairs:SC_LSU_BasePairs;Base Stacking:SC_LSU_Stacking;Base Phosphate:SC_LSU_BasePhosphate;Base Sugar:SC_LSU_BaseSugar;Magnesium2.4A:SC_LSU_NMN;Protein Interactions:SC_LSU_NPN,SC_LSU_ConservationTable
17,Saccharomyces cerevisiae,SC,SSU,<b>3D-based Structure</b> (recommended),4V88,3D-based,portrait,SC_SSU_3D,3.9,3.1,1.7,2,,18S,BADJECGFHWIQUKOXMSdNLRPTVYZabcefgh,S1A:S0A:S3:S9A:S4A:S2:S6A:S5:S7A:S22A:S8A:S16A:S20:S10A:S14A:S23A:S12:S18A:S29A:S13:S11A:S17A:S15:S19A:S21A:S24A:S25A:S26A:S27A:S28A:S30A:S31:RACK1:Stm1,SC_40S_rRNA.pdb,SC_40S_rProtein.pdb,SC_LSU_SSU.spt,2,4,SC_SSU_3D_TextLabels,SC_SSU_3D_LineLabels,S1e(S1):S1A:B;S2(S0):S0A:A;S3(S3):S3:D;S4(S9):S9A:J;S4e(S4):S4A:E;S5(S2):S2:C;S6e(S6):S6A:G;S7(S5):S5:F;S7e(S7):S7A:H;S8(S22):S22A:W;S8e(S8):S8A:I;S9(S16):S16A:Q;S10(S20):S20:U;S10e(S10):S10A:K;S11(S14):S14A:O;S12(S23):S23A:X;S12e(S12):S12:M;S13(S18):S18A:S;S14(S29):S29A:d;S15(S13):S13:N;S17(S11):S11A:L;S17e(S17):S17A:R;S19(S15):S15:P;S19e(S19):S19A:T;S21e(S21):S21A:V;S24e(S24):S24A:Y;S25e(S25):S25A:Z;S26e(S26):S26A:a;S27e(S27):S27A:b;S28e(S28):S28A:c;S30e(S30):S30A:e;S31e(S31):S31:f;RACK1(Asc1):RACK1:g;Stm1(Stm1):Stm1:h,Shannon Entropy:Shannon_Entropy,"None:\'""""'\;Rainbow:\'map_Index\';Onion:\'Onion\',OnionColors,\'1\';B factors:\'mean_tempFactor\';Domains:\'Domains_Color\',DomainColors,\'1\';Helices:\'Helix_Color\',HelixColors,\'1\',\'Helix_Num\';Mg ions, 2.4 Å:\'Mg_ions_24\',BinaryColors,\'1\';Mg ions, 2.6 Å:\'Mg_ions_26\',BinaryColors,\'1\';Mg ions, 6.0 Å:\'Mg_ions_60\',BinaryColors,\'1\'",Base Pairs:SC_SSU_BasePairs;Base Stacking:SC_SSU_Stacking;Base Phosphate:SC_SSU_BasePhosphate;Base Sugar:SC_SSU_BaseSugar;Magnesium2.4A:SC_SSU_NMN;Protein Interactions:SC_SSU_NPN,SC_SSU_ConservationTable
18,Saccharomyces cerevisiae,SC,SSU,Phylogeny Structure,,Phylogeny-based,portrait,SC_SSU_Phylo,3.9,3.1,1.7,2,,18S,BADJECGFHWIQUKOXMSdNLRPTVYZabcefgh,S1A:S0A:S3:S9A:S4A:S2:S6A:S5:S7A:S22A:S8A:S16A:S20:S10A:S14A:S23A:S12:S18A:S29A:S13:S11A:S17A:S15:S19A:S21A:S24A:S25A:S26A:S27A:S28A:S30A:S31:RACK1:Stm2,SC_40S_rRNA.pdb,SC_40S_rProtein.pdb,SC_LSU_SSU_d6.spt,2,4,SC_SSU_Phylo_TextLabels,SC_SSU_Phylo_LineLabels,S1e(S1):S1A:B;S2(S0):S0A:A;S3(S3):S3:D;S4(S9):S9A:J;S4e(S4):S4A:E;S5(S2):S2:C;S6e(S6):S6A:G;S7(S5):S5:F;S7e(S7):S7A:H;S8(S22):S22A:W;S8e(S8):S8A:I;S9(S16):S16A:Q;S10(S20):S20:U;S10e(S10):S10A:K;S11(S14):S14A:O;S12(S23):S23A:X;S12e(S12):S12:M;S13(S18):S18A:S;S14(S29):S29A:d;S15(S13):S13:N;S17(S11):S11A:L;S17e(S17):S17A:R;S19(S15):S15:P;S19e(S19):S19A:T;S21e(S21):S21A:V;S24e(S24):S24A:Y;S25e(S25):S25A:Z;S26e(S26):S26A:a;S27e(S27):S27A:b;S28e(S28):S28A:c;S30e(S30):S30A:e;S31e(S31):S31:f;RACK1(Asc1):RACK1:g;Stm1(Stm1):Stm1:h,Shannon Entropy:Shannon_Entropy,"None:\'""""'\;Rainbow:\'map_Index\';Onion:\'Onion\',OnionColors,\'1\';B factors:\'mean_tempFactor\';Domains:\'Domains_Color\',DomainColors,\'1\';Helices:\'Helix_Color\',HelixColors,\'1\',\'Helix_Num\';Mg ions, 2.4 Å:\'Mg_ions_24\',BinaryColors,\'1\';Mg ions, 2.6 Å:\'Mg_ions_26\',BinaryColors,\'1\';Mg ions, 6.0 Å:\'Mg_ions_60\',BinaryColors,\'1\'",Base Pairs:SC_SSU_BasePairs;Base Stacking:SC_SSU_Stacking;Base Phosphate:SC_SSU_BasePhosphate;Base Sugar:SC_SSU_BaseSugar;Magnesium2.4A:SC_SSU_NMN;Protein Interactions:SC_SSU_NPN,SC_SSU_ConservationTable
19,Thermus thermophilus,TT,LSU,<b>3D-based Structure</b> (recommended),1VY4,3D-based,portrait,TT_LSU_3D,3.9,3.1,1.7,AB,,23S:5S,CDEFGHIOPQRSTUVWXYZ012345678,L1:L2:L3:L4:L5:L6:L9:L14:L15:L16:L17:L18:L19:L20:L21:L22:L23:L24:L25:L27:L28:L29:L30:L31:L32:L33:L34:L35,TT_50S.pdb,TT_50S.pdb,TT_LSU_SSU.spt,1,1,TT_LSU_3D_TextLabels,TT_LSU_3D_LineLabels,L1:L1:C;L2:L2:D;L3:L3:E;L4:L4:F;L5:L5:G;L6:L6:H;L9:L9:I;L14:L14:O;L15:L15:P;L16:L16:Q;L17:L17:R;L18:L18:S;L19:L19:T;L20:L20:U;L21:L21:V;L22:L22:W;L23:L23:X;L24:L24:Y;L25:L25:Z;L27:L27:0;L28:L28:1;L29:L29:2;L30:L30:3;L31:L31:4;L32:L32:5;L33:L33:6;L34:L34:7;L35:L35:8,Shannon Entropy:Shannon_Entropy,"None:\'""""'\;Rainbow:\'map_Index\';Onion:\'Onion\',OnionColors,\'1\';B factors:\'mean_tempFactor\';FineOnion:\'FineOnion\'';Domains:\'Domains_Color\',DomainColors,\'1\';Helices:\'Helix_Color\',HelixColors,\'1\',\'Helix_Num\';Mg ions, 2.4 Å:\'Mg_ions_24\',BinaryColors,\'1\';Mg ions, 2.6 Å:\'Mg_ions_26\',BinaryColors,\'1\';Mg ions, 6.0 Å:\'Mg_ions_60\',BinaryColors,\'1\'",Base Pairs:TT_LSU_3D_BasePairs;Base Stacking:TT_LSU_3D_Stacking;Base Phosphate:TT_LSU_3D_BasePhosphate;Base Sugar:TT_LSU_3D_BaseSugar;Magnesium2.4A:TT_LSU_3D_NMN;Protein Interactions:TT_LSU_3D_NPN,TT_LSU_3D_ConservationTable
20,Thermus thermophilus,TT,LSU,Phylogeny Structure,,Phylogeny-based,landscape,TT_LSU_Phylo,3.9,3.1,1.7,AB,,23S:5S,CDEFGHIOPQRSTUVWXYZ012345678,L1:L2:L3:L4:L5:L6:L9:L14:L15:L16:L17:L18:L19:L20:L21:L22:L23:L24:L25:L27:L28:L29:L30:L31:L32:L33:L34:L35,TT_50S.pdb,TT_50S.pdb,TT_LSU_SSU_d6.spt,1,1,TT_LSU_Phylo_TextLabels,TT_LSU_Phylo_LineLabels,L1:L1:C;L2:L2:D;L3:L3:E;L4:L4:F;L5:L5:G;L6:L6:H;L9:L9:I;L14:L14:O;L15:L15:P;L16:L16:Q;L17:L17:R;L18:L18:S;L19:L19:T;L20:L20:U;L21:L21:V;L22:L22:W;L23:L23:X;L24:L24:Y;L25:L25:Z;L27:L27:0;L28:L28:1;L29:L29:2;L30:L30:3;L31:L31:4;L32:L32:5;L33:L33:6;L34:L34:7;L35:L35:8,Shannon Entropy:Shannon_Entropy,"None:\'""""'\;Rainbow:\'map_Index\';Onion:\'Onion\',OnionColors,\'1\';B factors:\'mean_tempFactor\';Domains:\'Domains_Color\',DomainColors,\'1\';Helices:\'Helix_Color\',HelixColors,\'1\',\'Helix_Num\';Mg ions, 2.4 Å:\'Mg_ions_24\',BinaryColors,\'1\';Mg ions, 2.6 Å:\'Mg_ions_26\',BinaryColors,\'1\';Mg ions, 6.0 Å:\'Mg_ions_60\',BinaryColors,\'1\'",Base Pairs:TT_LSU_Phylo_BasePairs;Base Stacking:TT_LSU_Phylo_Stacking;Base Phosphate:TT_LSU_Phylo_BasePhosphate;Base Sugar:TT_LSU_Phylo_BaseSugar;Magnesium2.4A:TT_LSU_Phylo_NMN;Protein Interactions:TT_LSU_Phylo_NPN,TT_LSU_Phylo_ConservationTable
21,Thermus thermophilus,TT,LSU,aPTCγ,"aPTCg_min.pdb
",3D-based,portrait,TT_aPTCγ_3D,3.9,3.1,1.7,N,,aRNAg,,,aPTCg_min.pdb,aPTCg_min.pdb,aPTCg_min.spt,1,1,TT_aPTCγ_3D_TextLabels,TT_aPTCγ_3D_LineLabels,,,"None:\'""""'\;Rainbow:\'map_Index\';Onion:\'Onion\',OnionColors,\'1\';B factors:\'mean_tempFactor\';FineOnion:\'FineOnion\'';Domains:\'Domains_Color\',DomainColors,\'1\'",,
22,Thermus thermophilus,TT,SSU,<b>3D-based Structure</b> (recommended),1VY4,3D-based,portrait,TT_SSU_3D,3.9,3.1,1.7,A,,16S,BCDEFGHIJKLMNOPQRSTU,S2:S3:S4:S5:S6:S7:S8:S9:S10:S11:S12:S13:S14:S15:S16:S17:S18:S19:S20:THX,TT_30S.pdb,TT_30S.pdb,TT_LSU_SSU.spt,2,2,TT_SSU_3D_TextLabels,TT_SSU_3D_LineLabels,S2:S2:B;S3:S3:C;S4:S4:D;S5:S5:E;S6:S6:F;S7:S7:G;S8:S8:H;S9:S9:I;S10:S10:J;S11:S11:K;S12:S12:L;S13:S13:M;S14:S14:N;S15:S15:O;S16:S16:P;S17:S17:Q;S18:S18:R;S19:S19:S;S20:S20:T;THX:THX:U,Shannon Entropy:Shannon_Entropy,"None:\'""""'\;Rainbow:\'map_Index\';Onion:\'Onion\',OnionColors,\'1\';B factors:\'mean_tempFactor\';Domains:\'Domains_Color\',DomainColors,\'1\';Helices:\'Helix_Color\',HelixColors,\'1\',\'Helix_Num\';Mg ions, 2.4 Å:\'Mg_ions_24\',BinaryColors,\'1\';Mg ions, 2.6 Å:\'Mg_ions_26\',BinaryColors,\'1\';Mg ions, 6.0 Å:\'Mg_ions_60\',BinaryColors,\'1\'",Base Pairs:TT_SSU_BasePairs;Base Stacking:TT_SSU_Stacking;Base Phosphate:TT_SSU_BasePhosphate;Base Sugar:TT_SSU_BaseSugar;Magnesium2.4A:TT_SSU_NMN;Protein Interactions:TT_SSU_NPN,TT_SSU_ConservationTable
23,Thermus thermophilus,TT,SSU,Phylogeny Structure,,Phylogeny-based,portrait,TT_SSU_Phylo,3.9,3.1,1.7,A,,16S,BCDEFGHIJKLMNOPQRSTU,S2:S3:S4:S5:S6:S7:S8:S9:S10:S11:S12:S13:S14:S15:S16:S17:S18:S19:S20:THX,TT_30S.pdb,TT_30S.pdb,TT_LSU_SSU_d6.spt,2,2,TT_SSU_Phylo_TextLabels,TT_SSU_Phylo_LineLabels,S2:S2:B;S3:S3:C;S4:S4:D;S5:S5:E;S6:S6:F;S7:S7:G;S8:S8:H;S9:S9:I;S10:S10:J;S11:S11:K;S12:S12:L;S13:S13:M;S14:S14:N;S15:S15:O;S16:S16:P;S17:S17:Q;S18:S18:R;S19:S19:S;S20:S20:T;THX:THX:U,Shannon Entropy:Shannon_Entropy,"None:\'""""'\;Rainbow:\'map_Index\';Onion:\'Onion\',OnionColors,\'1\';B factors:\'mean_tempFactor\';Domains:\'Domains_Color\',DomainColors,\'1\';Helices:\'Helix_Color\',HelixColors,\'1\',\'Helix_Num\';Mg ions, 2.4 Å:\'Mg_ions_24\',BinaryColors,\'1\';Mg ions, 2.6 Å:\'Mg_ions_26\',BinaryColors,\'1\';Mg ions, 6.0 Å:\'Mg_ions_60\',BinaryColors,\'1\'",Base Pairs:TT_SSU_BasePairs;Base Stacking:TT_SSU_Stacking;Base Phosphate:TT_SSU_BasePhosphate;Base Sugar:TT_SSU_BaseSugar;Magnesium2.4A:TT_SSU_NMN;Protein Interactions:TT_SSU_NPN,TT_SSU_ConservationTable
24,Thermus thermophilus,TT,SSU,Central Core,TT_DomainA.pdb,3D-based,portrait,TT_CCSSU_3D,3.9,3.1,1.7,A,,CC-SSU,,,,,,,,TT_CCSSU_3D_TextLabels,TT_CCSSU_3D_LineLabels,,Shannon Entropy:Shannon_Entropy,"None:\'""""'\;Rainbow:\'map_Index\'",,TT_CCSSU_ConservationTable
10,Haloarcula marismortui,HM,LSU,Phylogeny Structure,,Phylogeny-based,landscape,HM_LSU_Phylo,3.9,3.1,1.7,9,,23S:5S,ABCDEFGHIJKLMNOPQRSTUVWXYZ12,L2:L3:L4:L5:L6:7AE:L10:L10E:L13:L14:L15:L15E:L18:L18E:L19E:L21E:L22:L23:L24:L24E:L29:L30:L31E:L32E:L37Ae:L37E:L39E:L44E,HM_50S.pdb,HM_50S.pdb,HM_LSU_d6.spt,1,1,HM_LSU_Phylo_TextLabels,HM_LSU_Phylo_LineLabels,L2:L2:A;L3:L3:B;L4:L4:C;L5:L5:D;L6:L6:E;7AE:7AE:F;L10:L10:G;L10E:L10E:H;L13:L13:I;L14:L14:J;L15:L15:K;L15E:L15E:L;L18:L18:M;L18E:L18E:N;L19E:L19E:O;L21E:L21E:P;L22:L22:Q;L23:L23:R;L24:L24:S;L24E:L24E:T;L29:L29:U;L30:L30:V;L31E:L31E:W;L32E:L32E:X;L37Ae:L37Ae:Y;L37E:L37E:Z;L39E:L39E:1;L44E:L44E:2,Shannon Entropy:Shannon_Entropy,"None:\'""""'\;Rainbow:\'map_Index\'",,
26,Homo sapiens,HS,LSU,Phylogeny Structure (Mito),,Phylogeny-Based,landscape,HS_mtLSU_Phylo,3.5,2.6,1.4,A,,mt16S,DEFHIJKLMNOPQRSTUVWXYZ0123456789abcdefghijkopqrs,UL2;UL3;UL4;BL9;UL10;UL11;UL13;UL14;UL15;UL16;BL17;UL18;BL19;BL20;BL21;UL22;UL23;UL24;BL27;BL28;UL29;UL30;BL32;BL33;BL34;BL35;BL36;ML37;ML38;ML39;ML40;ML41;ML42;ML43;ML44;ML45;ML46;ML48;ML49;ML50;ML51;ML52;ML53;ML63;ICT1;CRIF1;BS18A;MS30,mitoHS_LSU.pdb,mitoHS_LSU.pdb,mitoHS_LSU_d6.spt,1,1,mitoHS_LSU_Phylo_TextLabels,mitoHS_LSU_Phylo_LineLabels,uL2:UL2:D;uL3:UL3:E;uL4:UL4:F;bL9:BL2:H;uL10:UL10:I;uL11:UL11:J;uL13:UL13:K;uL14:UL14:L;uL15:UL15:M;uL16:UL16:N;bL17:BL17:O;uL18:UL18:P;bL19:BL19:Q;bL20:BL20:R;bL21:BL21:S;uL22:UL22:T;uL23:UL23:U;uL24:UL24:V;bL27:BL27:W;bL28:BL28:X;uL29:UL29:Y;uL30:UL30:Z;bL32:BL32:0;bL33:BL33:1;bL34:BL34:2;bL35:BL35:3;bL36:BL36:4;mL37:ML37:5;mL38;ML38:6;mL39:M39:7;mL40:ML40:8;mL41:ML41:9;mL42:ML42:a;mL43:ML43:b;mL44:ML44:c;mL45:ML45:d;mL46:ML46:e;mL48:ML48:f;mL49:ML49:g;mL50:ML50:h;mL51:ML51:i;mL52:ML52:j;mL53:ML53:k;mL63:ML63:o;ICT1:ICT1:p;CRIF1:CRIF1:q;bS18a:BS18a:r;mS30:MS30:s,,"None:\'""""'\;Rainbow:\'map_Index\';Onion:\'Onion\',OnionColors,\'1\';B factors:\'mean_tempFactor\';Domains:\'Domains_Color\',DomainColors,\'1\';Mg ions, 2.4 Å:\'Mg_ions_24\',BinaryColors,\'1\';Mg ions, 2.6 Å:\'Mg_ions_26\',BinaryColors,\'1\';Mg ions, 6.0 Å:\'Mg_ions_60\',BinaryColors,\'1\'",,
27,Homo sapiens,HS,LSU,3D-based Structure (Mito),3J7Y,3D-based,portrait,HS_mtLSU_3D,3.5,2.6,1.4,A,,mt16S,DEFHIJKLMNOPQRSTUVWXYZ0123456789abcdefghijkopqrs,UL2;UL3;UL4;BL9;UL10;UL11;UL13;UL14;UL15;UL16;BL17;UL18;BL19;BL20;BL21;UL22;UL23;UL24;BL27;BL28;UL29;UL30;BL32;BL33;BL34;BL35;BL36;ML37;ML38;ML39;ML40;ML41;ML42;ML43;ML44;ML45;ML46;ML48;ML49;ML50;ML51;ML52;ML53;ML63;ICT1;CRIF1;BS18A;MS30,mitoHS_LSU.pdb,mitoHS_LSU.pdb,mitoHS_LSU.spt,1,1,mitoHS_LSU_3D_TextLabels,mitoHS_LSU_3D_LineLabels,uL2:UL2:D;uL3:UL3:E;uL4:UL4:F;bL9:BL2:H;uL10:UL10:I;uL11:UL11:J;uL13:UL13:K;uL14:UL14:L;uL15:UL15:M;uL16:UL16:N;bL17:BL17:O;uL18:UL18:P;bL19:BL19:Q;bL20:BL20:R;bL21:BL21:S;uL22:UL22:T;uL23:UL23:U;uL24:UL24:V;bL27:BL27:W;bL28:BL28:X;uL29:UL29:Y;uL30:UL30:Z;bL32:BL32:0;bL33:BL33:1;bL34:BL34:2;bL35:BL35:3;bL36:BL36:4;mL37:ML37:5;mL38:ML38:6;mL39:M39:7;mL40:ML40:8;mL41:ML41:9;mL42:ML42:a;mL43:ML43:b;mL44:ML44:c;mL45:ML45:d;mL46:ML46:e;mL48:ML48:f;mL49:ML49:g;mL50:ML50:h;mL51:ML51:i;mL52:ML52:j;mL53:ML53:k;mL63:ML63:o;ICT1:ICT1:p;CRIF1:CRIF1:q;bS18a:BS18a:r;mS30:MS30:s,,"None:\'""""'\;Rainbow:\'map_Index\';Onion:\'Onion\',OnionColors,\'1\';B factors:\'mean_tempFactor\';Domains:\'Domains_Color\',DomainColors,\'1\';Mg ions, 2.4 Å:\'Mg_ions_24\',BinaryColors,\'1\';Mg ions, 2.6 Å:\'Mg_ions_26\',BinaryColors,\'1\';Mg ions, 6.0 Å:\'Mg_ions_60\',BinaryColors,\'1\'",Base Pairs:mitoHS_LSU_BasePairs;Base Stacking:mitoHS_LSU_Stacking;Base Phosphate:mitoHS_LSU_BasePhosphate;Base Sugar:mitoHS_LSU_BaseSugar;Magnesium2.4A:mitoHS_LSU_NMN;Protein Interactions:mitoHS_LSU_NPN,
28,Saccharomyces cerevisiae,SC,LSU,Phylogeny Structure (Mito),3J6B,Phylogeny-Based,landscape,SC_mtLSU_Phylo,2.9,2.5,1.2,A,,mt21S,BCDEFGHIJKLMNOPQRSTUVWXYZ0123456789abcd,RML2;L9;YML6;L7;L6;L50;L23;L38;L10;L16;L8;IMG1;L49;L22;L41;L40;L2;L24;L4;L33;L36;L32;L39;L34;YNL122C;RTC6;L35;L28;L27;L51;L43;L17;IMG2;L13;L15;L20;L25;L31;MHR1,mitoSC_LSU.pdb,mitoSC_LSU.pdb,mitoSC_LSU_d6.spt,1,1,mitoSC_LSU_Phylo_TextLabels,mitoSC_LSU_Phylo_LineLabels,uL2:RML2:B;uL3:L9:C;uL4:YML6:D;uL5:L7:E;uL6:L6:F;bL9:L50:G;uL13:L23:H;uL14:L38:I;uL15:L10:J;uL16:L16:K;uL17:L8:L;bL19:IMG1:M;bL21:L49:N;uL22:L22:O;uL23:L41:P;uL24:L40:Q;bL27:L2:R;bL28:L24:S;uL29:L4:T;uL30:L33:U;bL31:L36:V;bL32:L32:W;bL33:L39:X;bL34:L34:Y;bL35:YNL122C:Z;bL36:RTC6:0;mL38:L35:1;mL40:L28:2;mL41:L27:3;mL43:L51:4;mL44:L43:5;mL46:L17:6;mL49:IMG2:7;mL50:L13:8;mL57:L15:9;mL58:L20:a;mL59:L25:b;mL60:L31:c;MHR1:MHR1:d;,,"None:\'""""'\;Rainbow:\'map_Index\';Onion:\'Onion\',OnionColors,\'1\';B factors:\'mean_tempFactor\';Domains:\'Domains_Color\',DomainColors,\'1\';Mg ions, 2.4 Å:\'Mg_ions_24\',BinaryColors,\'1\';Mg ions, 2.6 Å:\'Mg_ions_26\',BinaryColors,\'1\';Mg ions, 6.0 Å:\'Mg_ions_60\',BinaryColors,\'1\'",,
29,Pyrococcus furiosus,PF,SSU,<b>3D-based Structure</b> (recommended),4V6U,3D-based,portrait,PF_SSU_3D,3.9,3.1,1.7,2,A2,16S,BCDEFGHIJKLMNOPQRSTU,S2:S3:S4:S5:S6:S7:S8:S9:S10:S11:S12:S13:S14:S15:S16:S17:S18:S19:S20:THX,PF_30S.pdb,PyFu_SSU.pdb,PyFu_LSU_SSU.spt,3,3,PF_SSU_3D_TextLabels,PF_SSU_3D_LineLabels,S2:S2:B;S3:S3:C;S4:S4:D;S5:S5:E;S6:S6:F;S7:S7:G;S8:S8:H;S9:S9:I;S10:S10:J;S11:S11:K;S12:S12:L;S13:S13:M;S14:S14:N;S15:S15:O;S16:S16:P;S17:S17:Q;S18:S18:R;S19:S19:S;S20:S20:T;THX:THX:U,Shannon Entropy:Shannon_Entropy,"None:\'""""'\;Rainbow:\'map_Index\';B factors:\'mean_tempFactor\';Domains:\'Domains_Color\',DomainColors,\'1\';Helices:\'Helix_Color\',HelixColors,\'1\',\'Helix_Num\'",Base Pairs:PF_SSU_BasePairs;Base Stacking:PF_SSU_Stacking;Base Phosphate:PF_SSU_BasePhosphate;Base Sugar:PF_SSU_BaseSugar;Protein Interactions:PF_SSU_NPN,PF_SSU_ConservationTable
30,Pyrococcus furiosus,PyFu,LSU,<b>3D-based Structure</b> (recommended),4V6U,3D-based,portrait,PyFu_LSU_3D,4,3.2,2.2,13,B1:B3,23S:5S,AHIJLMNOPQBRSTUVWCZYabcdefDghijEFlk6,L1P:L11P:L13P:L14P:L15P:L15E:L10E:L18P:L18E:L19E:L2P:L21E:L22P:L23P:L24P:L24E:L29P:L3P:L30E:L30P:L31E:L32E:L35AE:L34E:L37E:L39E:L4P:L40E:L41E:L37AE:L44E:L5P:L6P:LX:P0:S24E,PyFu_LSU_rRNA.pdb,PyFu_LSU_rProteins.pdb,PyFu_LSU_SSU.spt,1,2,PyFu_LSU_3D_TextLabels,PyFu_LSU_3D_LineLabels,L1P:L1P:A;L11P:L11P:H;L13P:L13P:I;L14P:L14P:J;L15P:L15P:L;L15E:L15E:M;L10E:L10E:N;L18P:L18P:O;L18E:L18E:P;L19E:L19E:Q;L2P:L2P:B;L21E:L21E:R;L22P:L22P:S;L23P:L23P:T;L24P:L24P:U;L24E:L24E:V;L29P:L29P:W;L3P:L3P:C;L30E:L30E:Z;L30P:L30P:Y;L31E:L31E:a;L32E:L32E:b;L35AE:L35AE:c;L34E:L34E:d;L37E:L37E:e;L39E:L39E:f;L4P:L4P:D;L40E:L40E:g;L41E:L41E:h;L37AE:L37AE:i;L44E:L44E:j;L5P:L5P:E;L6P:L6P:F;LX:LX:l;P0:P0:k;S24E:S24E:6,Shannon Entropy:Shannon_Entropy,"None:\'""'\;Rainbow:\'map_Index\';Onion:\'Onion\',OnionColors,\'1\';FineOnion:\'FineOnion\';B factors:\'mean_tempFactor\';Domains:\'Domains_Color\',DomainColors,\'1\'",Base Pairs:PyFu_LSU_BasePairs;Base Stacking:PyFu_LSU_Stacking;Base Phosphate:PyFu_LSU_BasePhosphate;Base Sugar:PyFu_LSU_BaseSugar;Protein Interactions:PyFu_LSU_NPN,PyFu_LSU_ConservationTable
