LabelText,X,Y,Font,FontSize,Fill
varchar(500),"real(8,3)","real(8,3)",varchar(100),"real(6,3)",char(7)
V,703.626,294.6133,MyriadPro-Regular,24,#F398C0
IV,501.9414,79.9746,MyriadPro-Regular,24,#E9E511
III,327.251,85.9746,MyriadPro-Regular,24,#CA99C5
II,97.0083,221.623,MyriadPro-Regular,24,#5A9FD6
I,342.3208,517.9336,MyriadPro-Regular,24,#A197C9
VI,556.9863,438.8438,MyriadPro-Regular,24,#09A24A
46,218.6978,248.7148,MyriadPro-Regular,7,#0D72BA
42,188.2495,164.8066,MyriadPro-Regular,7,#0D72BA
43,122.0288,120.6934,MyriadPro-Regular,7,#0D72BA
44,204.8882,117.8301,MyriadPro-Regular,7,#0D72BA
1,310.0269,341.5156,MyriadPro-Regular,7,#0D72BA
2,293.2505,366.2764,MyriadPro-Regular,7,#0D72BA
3,293.8491,398.166,MyriadPro-Regular,7,#0D72BA
4,305.8979,407.6055,MyriadPro-Regular,7,#0D72BA
5,345.3379,374.2471,MyriadPro-Regular,7,#0D72BA
6,312.8774,381.4834,MyriadPro-Regular,7,#0D72BA
7,322.2173,356.7354,MyriadPro-Regular,7,#0D72BA
8,354.8828,368.2236,MyriadPro-Regular,7,#0D72BA
9,372.3911,374.8887,MyriadPro-Regular,7,#0D72BA
10,393.3042,375.4678,MyriadPro-Regular,7,#0D72BA
11,436.1328,431.3262,MyriadPro-Regular,7,#0D72BA
12,369.2261,457.8662,MyriadPro-Regular,7,#0D72BA
13,344.8271,416.1865,MyriadPro-Regular,7,#0D72BA
14,319.1372,452.2607,MyriadPro-Regular,7,#0D72BA
15,258.0874,458.8594,MyriadPro-Regular,7,#0D72BA
16,357.4956,488.6045,MyriadPro-Regular,7,#0D72BA
18,393.3042,488.6045,MyriadPro-Regular,7,#0D72BA
19,433.0703,444.9355,MyriadPro-Regular,7,#0D72BA
20,419.2822,505.5996,MyriadPro-Regular,7,#0D72BA
21,274.2358,486.6152,MyriadPro-Regular,7,#0D72BA
22,293.5474,441.3145,MyriadPro-Regular,7,#0D72BA
23,260.3906,428.9873,MyriadPro-Regular,7,#0D72BA
24,238.4907,409.9512,MyriadPro-Regular,7,#0D72BA
25,215.4434,388.4492,MyriadPro-Regular,7,#0D72BA
26,242.8188,297.3271,MyriadPro-Regular,7,#0D72BA
27,213.9165,324.1504,MyriadPro-Regular,7,#0D72BA
28,223.9116,355.5527,MyriadPro-Regular,7,#0D72BA
29,193.4727,358.7012,MyriadPro-Regular,7,#0D72BA
31,182.3931,335.2373,MyriadPro-Regular,7,#0D72BA
32,185.2446,323.4189,MyriadPro-Regular,7,#0D72BA
33,157.7661,350.9004,MyriadPro-Regular,7,#0D72BA
34,195.6294,385.1045,MyriadPro-Regular,7,#0D72BA
35,141.7251,380.7393,MyriadPro-Regular,7,#0D72BA
35a,143.7368,340.21,MyriadPro-Regular,7,#0D72BA
36,194.063,279.0254,MyriadPro-Regular,7,#0D72BA
37,159.2065,291.7949,MyriadPro-Regular,7,#0D72BA
38,106.2769,343.9258,MyriadPro-Regular,7,#0D72BA
39,92.3257,287.6211,MyriadPro-Regular,7,#0D72BA
40,120.979,250.6406,MyriadPro-Regular,7,#0D72BA
41,166.0728,227.999,MyriadPro-Regular,7,#0D72BA
45,181.853,232.123,MyriadPro-Regular,7,#0D72BA
47,251.2007,246.4844,MyriadPro-Regular,7,#0D72BA
48,301.7554,262.5068,MyriadPro-Regular,7,#0D72BA
49,270.7241,233.9629,MyriadPro-Regular,7,#0D72BA
60,315.4233,247.1602,MyriadPro-Regular,7,#0D72BA
51,279.7954,211.8301,MyriadPro-Regular,7,#0D72BA
50,240.5024,209.6191,MyriadPro-Regular,7,#0D72BA
52,235.27,183.0059,MyriadPro-Regular,7,#0D72BA
53,279.4761,154.9941,MyriadPro-Regular,7,#0D72BA
54,301.188,174.1543,MyriadPro-Regular,7,#0D72BA
56,370.0146,183.0059,MyriadPro-Regular,7,#0D72BA
57,335.3433,156.6436,MyriadPro-Regular,7,#0D72BA
58,311.7808,104.627,MyriadPro-Regular,7,#0D72BA
59,379.4458,149.5732,MyriadPro-Regular,7,#0D72BA
61,484.9619,243.6582,MyriadPro-Regular,7,#0D72BA
62,435.0244,223.4414,MyriadPro-Regular,7,#0D72BA
63,449.3877,184,MyriadPro-Regular,7,#0D72BA
64,510.792,197.9492,MyriadPro-Regular,7,#0D72BA
65,471.6719,160.4668,MyriadPro-Regular,7,#0D72BA
66,486.3867,148.4609,MyriadPro-Regular,7,#0D72BA
67,506.1016,176.377,MyriadPro-Regular,7,#0D72BA
68,540.9404,109.7266,MyriadPro-Regular,7,#0D72BA
69,556.0234,147.0225,MyriadPro-Regular,7,#0D72BA
71,535.4609,225.3848,MyriadPro-Regular,7,#0D72BA
72,564.5859,280.2773,MyriadPro-Regular,7,#0D72BA
73,558.0811,320.25,MyriadPro-Regular,7,#0D72BA
74,586.5322,264.2578,MyriadPro-Regular,7,#0D72BA
75,584.9893,232.9189,MyriadPro-Regular,7,#0D72BA
76,584.9893,179.1074,MyriadPro-Regular,7,#0D72BA
77,594.042,140.4941,MyriadPro-Regular,7,#0D72BA
78,638.8408,120.6934,MyriadPro-Regular,7,#0D72BA
79,620.8291,186.752,MyriadPro-Regular,7,#0D72BA
80,617.9912,253.4482,MyriadPro-Regular,7,#0D72BA
81,636.4111,226.4004,MyriadPro-Regular,7,#0D72BA
82,635.9219,251.9395,MyriadPro-Regular,7,#0D72BA
83,645.1357,228.4277,MyriadPro-Regular,7,#0D72BA
84,653.9385,178.1689,MyriadPro-Regular,7,#0D72BA
85,680.7813,218.459,MyriadPro-Regular,7,#0D72BA
86,703.626,251.2383,MyriadPro-Regular,7,#0D72BA
87,663.7959,272.3789,MyriadPro-Regular,7,#0D72BA
88,638.8408,289.7041,MyriadPro-Regular,7,#0D72BA
89,668.0322,296.2236,MyriadPro-Regular,7,#0D72BA
90,612.8887,351.9912,MyriadPro-Regular,7,#0D72BA
91,650.2441,372.2402,MyriadPro-Regular,7,#0D72BA
92,615.4414,390.7803,MyriadPro-Regular,7,#0D72BA
93,561.8721,330.998,MyriadPro-Regular,7,#0D72BA
94,545.0908,331.2832,MyriadPro-Regular,7,#0D72BA
95,581.1826,361.4629,MyriadPro-Regular,7,#0D72BA
96,617.8887,415.0293,MyriadPro-Regular,7,#0D72BA
97,549.5732,392.0967,MyriadPro-Regular,7,#0D72BA
99,496.083,347.1025,MyriadPro-Regular,7,#0D72BA
100,522.3574,373.8535,MyriadPro-Regular,7,#0D72BA
101,508.9648,437.3232,MyriadPro-Regular,7,#0D72BA
(26a\'\'),506.418,276.9404,MyriadPro-Regular,7,#0D72BA
25a,259.2656,319.7236,MyriadPro-Regular,7,#0D72BA
(26a\'),255.2993,278.6914,MyriadPro-Regular,7,#0D72BA
55,341.0376,211.0352,MyriadPro-Regular,7,#0D72BA
49a,310.3667,236.2939,MyriadPro-Regular,7,#0D72BA
49b,291.2192,213.8574,MyriadPro-Regular,7,#0D72BA
20,293.5474,372.7334,MyriadPro-Regular,4,#7F141D
30,298.0068,402.3076,MyriadPro-Regular,4,#7F141D
40,315.4233,406.5928,MyriadPro-Regular,4,#7F141D
80,321.5845,347.5547,MyriadPro-Regular,4,#7F141D
100,342.6436,355.1094,MyriadPro-Regular,4,#7F141D
90,343.2813,334.5283,MyriadPro-Regular,4,#7F141D
140,401.0283,383.9824,MyriadPro-Regular,4,#7F141D
150,398.5293,404.3682,MyriadPro-Regular,4,#7F141D
310,407.1123,455.3359,MyriadPro-Regular,4,#7F141D
160,410.2666,415.9863,MyriadPro-Regular,4,#7F141D
180,398.5498,435.0146,MyriadPro-Regular,4,#7F141D
170,424.0996,438.8838,MyriadPro-Regular,4,#7F141D
330,433.8838,482.7578,MyriadPro-Regular,4,#7F141D
190,383.6255,451.6133,MyriadPro-Regular,4,#7F141D
210,358.1372,443.3213,MyriadPro-Regular,4,#7F141D
300,400.1729,461.8252,MyriadPro-Regular,4,#7F141D
370,347.6641,484.4209,MyriadPro-Regular,4,#7F141D
380,315.7925,481.8984,MyriadPro-Regular,4,#7F141D
400,281.002,463.6553,MyriadPro-Regular,4,#7F141D
240,335.7905,453.2891,MyriadPro-Regular,4,#7F141D
200,346.98,458.3779,MyriadPro-Regular,4,#7F141D
500,245.2153,388.6885,MyriadPro-Regular,4,#7F141D
540,261.0977,354.9746,MyriadPro-Regular,4,#7F141D
530,271.7065,356.8779,MyriadPro-Regular,4,#7F141D
650,216.0444,313.1826,MyriadPro-Regular,4,#7F141D
620,246.2769,329.3232,MyriadPro-Regular,4,#7F141D
730,191.481,353.0146,MyriadPro-Regular,4,#7F141D
670,232.2505,332.7061,MyriadPro-Regular,4,#7F141D
660,221.0356,333.2881,MyriadPro-Regular,4,#7F141D
640,223.9116,300.4619,MyriadPro-Regular,4,#7F141D
770,190.7378,316.7637,MyriadPro-Regular,4,#7F141D
750,194.2007,325.4746,MyriadPro-Regular,4,#7F141D
780,178.0796,349.9727,MyriadPro-Regular,4,#7F141D
870,159.5581,339.1787,MyriadPro-Regular,4,#7F141D
930,152.5757,306.0449,MyriadPro-Regular,4,#7F141D
890,161.3975,313.8604,MyriadPro-Regular,4,#7F141D
910,181.1563,284.7358,MyriadPro-Regular,4,#7F141D
960,129.7432,372.2402,MyriadPro-Regular,4,#7F141D
1040,130.7236,297.8721,MyriadPro-Regular,4,#7F141D
1070,120.979,269.8784,MyriadPro-Regular,4,#7F141D
1110,146.7153,210.6001,MyriadPro-Regular,4,#7F141D
1080,131.9722,242.8481,MyriadPro-Regular,4,#7F141D
1090,143.5923,248.7144,MyriadPro-Regular,4,#7F141D
1230,184.7505,173.0259,MyriadPro-Regular,4,#7F141D
1140,156.0811,164.0928,MyriadPro-Regular,4,#7F141D
1500,267.7944,161.8315,MyriadPro-Regular,4,#7F141D
1240,190.4053,207.8823,MyriadPro-Regular,4,#7F141D
1320,208.2339,216.1255,MyriadPro-Regular,4,#7F141D
1260,163.8999,234.5601,MyriadPro-Regular,4,#7F141D
1350,215.6479,258.0493,MyriadPro-Regular,4,#7F141D
1340,217.9683,237.8491,MyriadPro-Regular,4,#7F141D
1480,249.0571,182.7349,MyriadPro-Regular,4,#7F141D
1440,252.5308,208.5483,MyriadPro-Regular,4,#7F141D
1330,227.2827,222.2563,MyriadPro-Regular,4,#7F141D
1400,271.1333,272.0825,MyriadPro-Regular,4,#7F141D
1410,268.8501,239.6978,MyriadPro-Regular,4,#7F141D
1700,292.604,239.6978,MyriadPro-Regular,4,#7F141D
1680,292.2144,219.4106,MyriadPro-Regular,4,#7F141D
1450,264.8491,202.4697,MyriadPro-Regular,4,#7F141D
1490,268.3696,181.2651,MyriadPro-Regular,4,#7F141D
1510,293.3452,178.1685,MyriadPro-Regular,4,#7F141D
1520,303.0776,183.3364,MyriadPro-Regular,4,#7F141D
1570,347.7681,134.5088,MyriadPro-Regular,4,#7F141D
1560,325.9932,146.769,MyriadPro-Regular,4,#7F141D
1630,378.915,140.4971,MyriadPro-Regular,4,#7F141D
1660,340.9253,203.2847,MyriadPro-Regular,4,#7F141D
1540,344.1782,175.4517,MyriadPro-Regular,4,#7F141D
1710,313.9033,257.0195,MyriadPro-Regular,4,#7F141D
1280,184.7505,246.8169,MyriadPro-Regular,4,#7F141D
520,271.9946,379.8994,MyriadPro-Regular,4,#7F141D
1730,483.1807,257.4819,MyriadPro-Regular,4,#7F141D
1740,487.6865,232.4263,MyriadPro-Regular,4,#7F141D
1750,481.9463,227.4556,MyriadPro-Regular,4,#7F141D
1780,444.9043,200.6372,MyriadPro-Regular,4,#7F141D
1790,447.6494,194.3325,MyriadPro-Regular,4,#7F141D
1800,473.585,189.1494,MyriadPro-Regular,4,#7F141D
1810,471.2158,196.0737,MyriadPro-Regular,4,#7F141D
1840,469.5029,166.4507,MyriadPro-Regular,4,#7F141D
1860,486.4375,134.5088,MyriadPro-Regular,4,#7F141D
1920,532.0645,91.25,MyriadPro-Regular,4,#7F141D
1910,512.2471,121.1421,MyriadPro-Regular,4,#7F141D
1930,541.1289,126.6226,MyriadPro-Regular,4,#7F141D
1960,552.7871,161.8315,MyriadPro-Regular,4,#7F141D
1990,547.0439,208.2192,MyriadPro-Regular,4,#7F141D
2020,512.0938,186.5483,MyriadPro-Regular,4,#7F141D
2040,514.3252,235.3257,MyriadPro-Regular,4,#7F141D
2050,511.5869,257.7495,MyriadPro-Regular,4,#7F141D
2060,538.8145,271.3931,MyriadPro-Regular,4,#7F141D
2070,553.5449,271.5669,MyriadPro-Regular,4,#7F141D
2080,551.9814,293.4395,MyriadPro-Regular,4,#7F141D
2090,563.4648,293.0059,MyriadPro-Regular,4,#7F141D
2100,573.5371,289.377,MyriadPro-Regular,4,#7F141D
2120,584.499,246.1655,MyriadPro-Regular,4,#7F141D
10,292.4214,357.2324,MyriadPro-Regular,4,#7F141D
60,310.0269,396.1924,MyriadPro-Regular,4,#7F141D
70,322.6196,364.2441,MyriadPro-Regular,4,#7F141D
110,345.7769,378.2646,MyriadPro-Regular,4,#7F141D
120,361.2817,366.3027,MyriadPro-Regular,4,#7F141D
130,377.1416,381.7383,MyriadPro-Regular,4,#7F141D
220,359.8521,413.1074,MyriadPro-Regular,4,#7F141D
230,334.5879,437.7959,MyriadPro-Regular,4,#7F141D
280,348.5317,462.9268,MyriadPro-Regular,4,#7F141D
290,373.0044,461.9658,MyriadPro-Regular,4,#7F141D
320,430.3965,452.8916,MyriadPro-Regular,4,#7F141D
340,406.7246,496.751,MyriadPro-Regular,4,#7F141D
350,402.002,483.1631,MyriadPro-Regular,4,#7F141D
360,376.5669,482.9639,MyriadPro-Regular,4,#7F141D
390,295.4702,482.7578,MyriadPro-Regular,4,#7F141D
410,292.5327,446.1084,MyriadPro-Regular,4,#7F141D
430,316.8892,437.3232,MyriadPro-Regular,4,#7F141D
440,315.4233,427.1133,MyriadPro-Regular,4,#7F141D
450,293.3452,434.7627,MyriadPro-Regular,4,#7F141D
460,278.4531,441.5684,MyriadPro-Regular,4,#7F141D
470,253.1367,422.0889,MyriadPro-Regular,4,#7F141D
480,263.4009,407.2979,MyriadPro-Regular,4,#7F141D
490,249.7129,411.1533,MyriadPro-Regular,4,#7F141D
420,308.1528,423.2158,MyriadPro-Regular,4,#7F141D
510,264.8462,382.8193,MyriadPro-Regular,4,#7F141D
550,253.2515,376.0273,MyriadPro-Regular,4,#7F141D
560,238.1909,391.6055,MyriadPro-Regular,4,#7F141D
570,227.9897,418.4814,MyriadPro-Regular,4,#7F141D
580,196.1304,427.5771,MyriadPro-Regular,4,#7F141D
590,209.8198,401.4668,MyriadPro-Regular,4,#7F141D
600,222.7368,377.6641,MyriadPro-Regular,4,#7F141D
610,234.5825,355.6152,MyriadPro-Regular,4,#7F141D
630,247.1641,308.583,MyriadPro-Regular,4,#7F141D
680,231.5942,351.2041,MyriadPro-Regular,4,#7F141D
690,214.9927,359.7969,MyriadPro-Regular,4,#7F141D
740,189.5376,332.875,MyriadPro-Regular,4,#7F141D
760,195.6294,308.3291,MyriadPro-Regular,4,#7F141D
790,179.9937,362.1943,MyriadPro-Regular,4,#7F141D
800,194.6411,362.2002,MyriadPro-Regular,4,#7F141D
810,208.1631,381.5615,MyriadPro-Regular,4,#7F141D
820,183.5127,383.3945,MyriadPro-Regular,4,#7F141D
830,169.5532,386.127,MyriadPro-Regular,4,#7F141D
840,147.1094,404.4795,MyriadPro-Regular,4,#7F141D
850,149.1782,372.7334,MyriadPro-Regular,4,#7F141D
860,157.5005,357.2324,MyriadPro-Regular,4,#7F141D
880,153.1001,321.7344,MyriadPro-Regular,4,#7F141D
900,179.0874,290.1855,MyriadPro-Regular,4,#7F141D
940,141.7749,331.5459,MyriadPro-Regular,4,#7F141D
950,135.9658,350.4619,MyriadPro-Regular,4,#7F141D
970,116.8745,395.3428,MyriadPro-Regular,4,#7F141D
980,107.4053,417.1523,MyriadPro-Regular,4,#7F141D
990,85.7383,406.6719,MyriadPro-Regular,4,#7F141D
1010,103.6108,359.9736,MyriadPro-Regular,4,#7F141D
1050,118.7202,291.9717,MyriadPro-Regular,4,#7F141D
1060,109.1616,272.0825,MyriadPro-Regular,4,#7F141D
1100,140.6606,229.7295,MyriadPro-Regular,4,#7F141D
1120,143.7368,202.4697,MyriadPro-Regular,4,#7F141D
1130,151.4116,174.5483,MyriadPro-Regular,4,#7F141D
1170,139.52,132.2754,MyriadPro-Regular,4,#7F141D
1180,149.4419,109.7251,MyriadPro-Regular,4,#7F141D
1200,201.062,124.3208,MyriadPro-Regular,4,#7F141D
1210,181.5581,131.7622,MyriadPro-Regular,4,#7F141D
1220,181.4932,156.0229,MyriadPro-Regular,4,#7F141D
1250,171.3574,219.0366,MyriadPro-Regular,4,#7F141D
1270,161.6987,245.0747,MyriadPro-Regular,4,#7F141D
1290,176.7866,261.9575,MyriadPro-Regular,4,#7F141D
1310,191.481,242.27,MyriadPro-Regular,4,#7F141D
1360,229.9673,279.479,MyriadPro-Regular,4,#7F141D
1370,237.1343,272.6245,MyriadPro-Regular,4,#7F141D
1380,255.2993,259.3765,MyriadPro-Regular,4,#7F141D
1390,260.6313,235.646,MyriadPro-Regular,4,#7F141D
1420,262.7036,227.999,MyriadPro-Regular,4,#7F141D
1430,239.4458,228.2842,MyriadPro-Regular,4,#7F141D
1460,255.2993,203.4165,MyriadPro-Regular,4,#7F141D
1470,223.061,201.1597,MyriadPro-Regular,4,#7F141D
1530,337.8242,183.4604,MyriadPro-Regular,4,#7F141D
1550,348.5317,151.0054,MyriadPro-Regular,4,#7F141D
1580,330.4624,133.5957,MyriadPro-Regular,4,#7F141D
1590,312.8745,135.3701,MyriadPro-Regular,4,#7F141D
1600,301.7261,114.9829,MyriadPro-Regular,4,#7F141D
1600,301.7261,114.9829,MyriadPro-Regular,4,#7F141D
1610,325.5752,115.1553,MyriadPro-Regular,4,#7F141D
1620,348.6421,114.9824,MyriadPro-Regular,4,#7F141D
1640,373.5518,162.8584,MyriadPro-Regular,4,#7F141D
1670,292.9834,203.6782,MyriadPro-Regular,4,#7F141D
1760,454.5283,222.0962,MyriadPro-Regular,4,#7F141D
1770,421.8184,220.4575,MyriadPro-Regular,4,#7F141D
1830,484.9619,186.1899,MyriadPro-Regular,4,#7F141D
1850,486.4238,161.9194,MyriadPro-Regular,4,#7F141D
1870,511.5068,136.8228,MyriadPro-Regular,4,#7F141D
1880,511.3291,159.1372,MyriadPro-Regular,4,#7F141D
1890,512.0938,164.8071,MyriadPro-Regular,4,#7F141D
1900,513.4941,145.0405,MyriadPro-Regular,4,#7F141D
1970,556.3896,168.1943,MyriadPro-Regular,4,#7F141D
1980,558.7773,197.6729,MyriadPro-Regular,4,#7F141D
2000,522.3574,202.811,MyriadPro-Regular,4,#7F141D
2010,513.4941,191.3345,MyriadPro-Regular,4,#7F141D
2030,511.0049,203.6782,MyriadPro-Regular,4,#7F141D
2110,586.167,270.729,MyriadPro-Regular,4,#7F141D
2140,584.7637,191.4048,MyriadPro-Regular,4,#7F141D
2150,584.7637,166.1431,MyriadPro-Regular,4,#7F141D
2190,632.1064,102.9648,MyriadPro-Regular,4,#7F141D
2200,638.1563,134.0146,MyriadPro-Regular,4,#7F141D
2230,612.0195,178.5806,MyriadPro-Regular,4,#7F141D
2250,638.1563,208.5483,MyriadPro-Regular,4,#7F141D
2260,609.9492,219.0366,MyriadPro-Regular,4,#7F141D
2270,607.4326,231.4937,MyriadPro-Regular,4,#7F141D
2290,616.6279,229.5737,MyriadPro-Regular,4,#7F141D
2300,614.8232,224.7837,MyriadPro-Regular,4,#7F141D
2330,639.6592,217.5708,MyriadPro-Regular,4,#7F141D
2380,669.29,240.2661,MyriadPro-Regular,4,#7F141D
2440,638.8408,278.6909,MyriadPro-Regular,4,#7F141D
2450,612.8887,283.563,MyriadPro-Regular,4,#7F141D
2470,613.2422,274.4341,MyriadPro-Regular,4,#7F141D
2490,628.8203,299.6875,MyriadPro-Regular,4,#7F141D
2520,649.7773,318.8359,MyriadPro-Regular,4,#7F141D
2560,624.7598,360.3359,MyriadPro-Regular,4,#7F141D
2570,632.4385,381.3457,MyriadPro-Regular,4,#7F141D
2580,611.3057,381.3457,MyriadPro-Regular,4,#7F141D
2760,567.2959,390.4746,MyriadPro-Regular,4,#7F141D
2650,563.1523,313.9814,MyriadPro-Regular,4,#7F141D
2660,550.4395,313.875,MyriadPro-Regular,4,#7F141D
2680,562.7617,350.9004,MyriadPro-Regular,4,#7F141D
2690,577.7539,339.7988,MyriadPro-Regular,4,#7F141D
2700,589.7373,350.9004,MyriadPro-Regular,4,#7F141D
2810,544.6924,364.0635,MyriadPro-Regular,4,#7F141D
2820,530.3574,350.4619,MyriadPro-Regular,4,#7F141D
2830,508.1963,355.6152,MyriadPro-Regular,4,#7F141D
2840,529.3027,363.4326,MyriadPro-Regular,4,#7F141D
2850,513.4941,375.6055,MyriadPro-Regular,4,#7F141D
2880,484.2061,439.4844,MyriadPro-Regular,4,#7F141D
2890,479.96,407.2979,MyriadPro-Regular,4,#7F141D
2900,482.4785,383.792,MyriadPro-Regular,4,#7F141D
2910,483.2344,359.4609,MyriadPro-Regular,4,#7F141D
2920,462.3828,355.1094,MyriadPro-Regular,4,#7F141D
50,330.0356,387.2871,MyriadPro-Regular,4,#7F141D
250,235.1099,438.2969,MyriadPro-Regular,4,#7F141D
260,256.5698,437.3232,MyriadPro-Regular,4,#7F141D
270,256.3257,470.8945,MyriadPro-Regular,4,#7F141D
720,156.0811,422.4492,MyriadPro-Regular,4,#7F141D
710,171.3574,440.9727,MyriadPro-Regular,4,#7F141D
700,181.7451,432.0615,MyriadPro-Regular,4,#7F141D
2130,584.9893,220.0063,MyriadPro-Regular,4,#7F141D
2170,611.4492,148.7788,MyriadPro-Regular,4,#7F141D
2210,643.7568,159.0449,MyriadPro-Regular,4,#7F141D
2180,612.8887,130.5625,MyriadPro-Regular,4,#7F141D
2720,589.4414,378.7832,MyriadPro-Regular,4,#7F141D
2220,611.4492,168.3784,MyriadPro-Regular,4,#7F141D
2240,610.627,200.7524,MyriadPro-Regular,4,#7F141D
2340,639.7002,184.3188,MyriadPro-Regular,4,#7F141D
2160,603.2432,142.9097,MyriadPro-Regular,4,#7F141D
2410,666.7422,259.6187,MyriadPro-Regular,4,#7F141D
2350,665.1934,200.7524,MyriadPro-Regular,4,#7F141D
2360,673.1299,205.3608,MyriadPro-Regular,4,#7F141D
2400,681.3369,259.917,MyriadPro-Regular,4,#7F141D
2370,662.999,230.7524,MyriadPro-Regular,4,#7F141D
2310,636.8115,237.9312,MyriadPro-Regular,4,#7F141D
2320,644.0586,233.9629,MyriadPro-Regular,4,#7F141D
2460,615.7529,268.8306,MyriadPro-Regular,4,#7F141D
2390,683.9453,237.2251,MyriadPro-Regular,4,#7F141D
2420,646.4854,271.3931,MyriadPro-Regular,4,#7F141D
2500,649.6318,297.7861,MyriadPro-Regular,4,#7F141D
2610,590.6309,359.7969,MyriadPro-Regular,4,#7F141D
2530,632.0088,319.5703,MyriadPro-Regular,4,#7F141D
2640,568.7197,322.6387,MyriadPro-Regular,4,#7F141D
2480,610.4922,278.6909,MyriadPro-Regular,4,#7F141D
2630,567.6221,346.6279,MyriadPro-Regular,4,#7F141D
2670,550.3574,335.6357,MyriadPro-Regular,4,#7F141D
2620,582.2725,336.1777,MyriadPro-Regular,4,#7F141D
2540,618.4619,341.5156,MyriadPro-Regular,4,#7F141D
2740,605.5488,426.8555,MyriadPro-Regular,4,#7F141D
2750,581.1611,403.8301,MyriadPro-Regular,4,#7F141D
2770,555.5146,382.1133,MyriadPro-Regular,4,#7F141D
2600,591.1289,364.0635,MyriadPro-Regular,4,#7F141D
2770,558.7822,368.2236,MyriadPro-Regular,4,#7F141D
2710,576.8906,366.1953,MyriadPro-Regular,4,#7F141D
2800,537.5879,368.8008,MyriadPro-Regular,4,#7F141D
2780,543.2402,397.166,MyriadPro-Regular,4,#7F141D
2860,508.6504,391.75,MyriadPro-Regular,4,#7F141D
2870,508.2891,419.0254,MyriadPro-Regular,4,#7F141D
1940,537.748,144.2012,MyriadPro-Regular,4,#7F141D
1820,489.4658,201.0688,MyriadPro-Regular,4,#7F141D
2790,516.8652,383.9824,MyriadPro-Regular,4,#7F141D
1000,95.3779,382.0205,MyriadPro-Regular,4,#7F141D
1020,115.1753,334.8252,MyriadPro-Regular,4,#7F141D
1030,119.4668,311.9873,MyriadPro-Regular,4,#7F141D
1150,150.272,146.8198,MyriadPro-Regular,4,#7F141D
1160,156.2905,129.4282,MyriadPro-Regular,4,#7F141D
1190,176.0659,108.8452,MyriadPro-Regular,4,#7F141D
1300,186.3765,266.8247,MyriadPro-Regular,4,#7F141D
1650,365.0044,189.1494,MyriadPro-Regular,4,#7F141D
1690,309.7036,228.6538,MyriadPro-Regular,4,#7F141D
1720,291.3711,260.7563,MyriadPro-Regular,4,#7F141D
2550,614.6016,361.3633,MyriadPro-Regular,4,#7F141D
2730,603.6943,398.1035,MyriadPro-Regular,4,#7F141D
2510,683.4668,309.1406,MyriadPro-Regular,4,#7F141D
a,318.2866,458.8594,MyriadPro-Bold,9,#231F20
a,246.9004,476.0508,MyriadPro-Bold,9,#231F20
b,186.38,415.54,MyriadPro-Bold,9,#231F20
b,206.7,345.09,MyriadPro-Bold,9,#231F20
5S,139.1323,463.0215,MyriadPro-Regular,24,#8AC441
2,140.6323,503.8945,MyriadPro-Regular,7,#0D71BA
3,179.0767,504.8848,MyriadPro-Regular,7,#0D71BA
4,119.1787,553.125,MyriadPro-Regular,7,#0D71BA
5,127.5977,517.9336,MyriadPro-Regular,7,#0D71BA
1,110.2856,463.2305,MyriadPro-Regular,7,#0D71BA
90,110.1392,567.7842,MyriadPro-Regular,4,#7F141D
100,93.8584,532.0967,MyriadPro-Regular,4,#7F141D
120,86.6475,480.2627,MyriadPro-Regular,4,#7F141D
10,119.478,471.6318,MyriadPro-Regular,4,#7F141D
110,101.8872,503.0244,MyriadPro-Regular,4,#7F141D
20,148.3945,478.0947,MyriadPro-Regular,4,#7F141D
60,150.2939,500.0107,MyriadPro-Regular,4,#7F141D
30,182.9976,477.2637,MyriadPro-Regular,4,#7F141D
50,187.9873,499.4785,MyriadPro-Regular,4,#7F141D
40,220.3066,489.2109,MyriadPro-Regular,4,#7F141D
70,128.8711,507.748,MyriadPro-Regular,4,#7F141D
80,119.584,539.6543,MyriadPro-Regular,4,#7F141D
Haloarcula marismortui,506.9795,518,MyriadPro-It,18,#231F20
large subunit ribosomal RNA,509.9512,535.334,MyriadPro-Regular,12,#231F20
