Residue_i,ResidueName_i,Residue_j,ResidueName_j,Int_Type,ColorCol,Opacity,LineWidth
23S:1,G,23S:2902,C,cWW,Gray,1.00,1.5
23S:2,G,23S:2901,C,cWW,Gray,1.00,1.5
5S:2,G,5S:118,C,cWW,Gray,1.00,1.5
23S:3,U,23S:2900,A,cWW,Gray,1.00,1
5S:3,C,5S:117,G,cWW,Gray,1.00,1.5
23S:4,U,23S:2899,A,cWW,Gray,1.00,1
5S:4,C,5S:116,G,cWW,Gray,1.00,1.5
23S:5,A,23S:2898,U,cWW,Gray,1.00,1
5S:5,U,5S:115,A,cWW,Gray,1.00,1
23S:6,A,23S:2897,U,cWW,Gray,1.00,1
5S:6,G,5S:114,C,cWW,Gray,1.00,1.5
23S:7,G,23S:2896,C,cWW,Gray,1.00,1.5
5S:7,G,5S:113,C,cWW,Gray,1.00,1.5
23S:8,C,23S:2895,G,cWW,Gray,1.00,1.5
5S:8,C,5S:112,G,cWW,Gray,1.00,1.5
5S:9,G,5S:111,U,cWW,Gray,1.00,0.5
5S:10,G,5S:110,C,cWW,Gray,1.00,1.5
23S:10,A,23S:2629,U,tHW,Orange,0.67,1
5S:11,C,5S:109,A,cWW,Gray,1.00,0.5
23S:15,G,23S:525,U,cWW,Gray,1.00,0.5
23S:16,C,23S:524,G,cWW,Gray,1.00,1.5
5S:16,G,5S:68,C,cWW,Gray,1.00,1.5
23S:17,G,23S:523,C,cWW,Gray,1.00,1.5
5S:17,C,5S:67,G,cWW,Gray,1.00,1.5
23S:18,U,23S:522,A,cWW,Gray,1.00,1
5S:18,G,5S:65,U,cWW,Gray,1.00,0.5
23S:19,A,23S:521,U,cWW,Gray,1.00,1
5S:19,C,5S:64,G,cWW,Gray,1.00,1.5
23S:20,C,23S:520,G,cWW,Gray,1.00,1.5
5S:20,G,5S:63,C,cWW,Gray,1.00,1.5
23S:21,A,23S:519,U,cWW,Gray,1.00,1
5S:21,G,5S:62,C,cWW,Gray,1.00,1.5
23S:22,C,23S:518,G,cWW,Gray,1.00,1.5
5S:22,U,5S:61,G,cWW,Gray,1.00,0.5
23S:23,G,23S:517,C,cWW,Gray,1.00,1.5
5S:23,G,5S:60,C,cWW,Gray,1.00,1.5
23S:24,G,23S:516,C,cWW,Gray,1.00,1.5
5S:28,C,5S:56,G,cWW,Gray,1.00,1.5
23S:29,U,23S:511,U,cWW,Gray,1.00,0.5
5S:29,A,5S:55,U,cWW,Gray,1.00,1
23S:30,G,23S:510,C,cWW,Gray,1.00,1.5
5S:30,C,5S:54,G,cWW,Gray,1.00,1.5
23S:31,C,23S:474,G,cWW,Gray,1.00,1.5
5S:31,C,5S:51,G,cWW,Gray,1.00,1.5
23S:32,C,23S:473,G,cWW,Gray,1.00,1.5
5S:32,U,5S:50,A,cWW,Gray,1.00,1
5S:33,G,5S:49,C,cWW,Gray,1.00,1.5
23S:33,C,23S:447,A,tWH,Cyan,0.67,0.5
5S:34,A,5S:48,U,cWW,Gray,1.00,1
23S:35,G,23S:445,C,cWW,Gray,1.00,1.5
23S:36,G,23S:444,C,cWW,Gray,1.00,1.5
23S:37,C,23S:442,G,cWW,Gray,1.00,1.5
23S:38,A,23S:441,U,cWW,Gray,1.00,1
5S:38,C,5S:44,G,cWW,Gray,1.00,1.5
23S:39,G,23S:440,C,cWW,Gray,1.00,1.5
23S:40,U,23S:439,A,cWW,Gray,1.00,1
23S:41,C,23S:438,G,cWW,Gray,1.00,1.5
23S:42,A,23S:437,U,cWW,Gray,1.00,1
23S:43,G,23S:436,C,cWW,Gray,1.00,1.5
23S:44,A,23S:434,U,cWW,Gray,1.00,1
23S:45,G,23S:433,C,cWW,Gray,1.00,1.5
23S:46,G,23S:179,C,cWW,Gray,1.00,1.5
23S:47,C,23S:178,G,cWW,Gray,1.00,1.5
23S:49,A,23S:120,U,cHW,Red,0.67,1
23S:52,A,23S:119,A,tHH,Green,0.33,0.5
23S:54,G,23S:116,C,cWW,Gray,1.00,1.5
23S:55,G,23S:115,C,cWW,Gray,1.00,1.5
23S:56,A,23S:114,U,cWW,Gray,1.00,1
23S:57,C,23S:70,G,cWW,Gray,1.00,1.5
23S:58,G,23S:69,C,cWW,Gray,1.00,1.5
23S:59,U,23S:68,G,cWW,Gray,1.00,0.5
23S:60,G,23S:88,G,cWH,Blue,0.67,0.5
23S:61,C,23S:93,G,cWW,Gray,1.00,1.5
23S:63,A,23S:91,A,tWW,Brown,1.00,0.5
23S:64,A,23S:90,U,cWW,Gray,1.00,1
23S:65,U,23S:89,A,cWW,Gray,1.00,1
23S:66,C,23S:88,G,cWW,Gray,1.00,1.5
23S:67,U,23S:74,A,cWH,Blue,0.67,1
5S:70,C,5S:106,G,cWW,Gray,1.00,1.5
5S:71,C,5S:105,G,cWW,Gray,1.00,1.5
5S:73,A,5S:103,U,tHW,Orange,0.67,1
23S:74,A,23S:67,U,cHW,Red,0.67,1
23S:75,G,23S:111,A,cWW,Gray,1.00,0.5
23S:76,C,23S:110,G,cWW,Gray,1.00,1.5
23S:77,G,23S:109,C,cWW,Gray,1.00,1.5
5S:77,U,5S:99,A,tWH,Cyan,0.67,1
23S:78,U,23S:108,G,cWW,Gray,1.00,0.5
23S:79,C,23S:107,G,cWW,Gray,1.00,1.5
5S:79,G,5S:97,C,cWW,Gray,1.00,1.5
23S:80,G,23S:106,C,cWW,Gray,1.00,1.5
5S:80,U,5S:96,G,cWW,Gray,1.00,0.5
23S:81,G,23S:105,C,cWW,Gray,1.00,1.5
5S:81,G,5S:95,U,cWW,Gray,1.00,0.5
5S:82,U,5S:94,A,cWW,Gray,1.00,1
5S:83,G,5S:93,C,cWW,Gray,1.00,1.5
5S:84,G,5S:92,C,cWW,Gray,1.00,1.5
23S:85,G,23S:97,C,cWW,Gray,1.00,1.5
5S:85,G,5S:91,C,cWW,Gray,1.00,1.5
23S:86,G,23S:96,C,cWW,Gray,1.00,1.5
5S:86,G,5S:90,C,cWW,Gray,1.00,1.5
23S:87,U,23S:95,A,cWW,Gray,1.00,1
23S:88,G,23S:60,G,cHW,Red,0.67,0.5
5S:99,A,5S:77,U,tHW,Orange,0.67,1
5S:103,U,5S:73,A,tWH,Cyan,0.67,1
23S:120,U,23S:49,A,cWH,Blue,0.67,1
23S:121,G,23S:130,C,cWW,Gray,1.00,1.5
23S:122,G,23S:129,C,cWW,Gray,1.00,1.5
23S:123,G,23S:128,C,cWW,Gray,1.00,1.5
23S:131,A,23S:148,U,cWW,Gray,1.00,1
23S:132,G,23S:147,C,cWW,Gray,1.00,1.5
23S:133,U,23S:146,A,cWW,Gray,1.00,1
23S:134,G,23S:145,C,cWW,Gray,1.00,1.5
23S:135,U,23S:144,A,cWW,Gray,1.00,1
23S:136,G,23S:143,C,cWW,Gray,1.00,1.5
23S:149,A,23S:177,G,cWH,Blue,0.67,0.5
23S:150,U,23S:176,A,cWW,Gray,1.00,1
23S:151,C,23S:175,G,cWW,Gray,1.00,1.5
23S:152,A,23S:174,U,cWW,Gray,1.00,1
23S:153,U,23S:173,A,cWW,Gray,1.00,1
23S:154,U,23S:172,A,cWW,Gray,1.00,1
23S:155,A,23S:171,U,cWW,Gray,1.00,1
23S:156,A,23S:170,U,cWW,Gray,1.00,1
23S:157,C,23S:169,G,cWW,Gray,1.00,1.5
23S:158,U,23S:168,G,cWW,Gray,1.00,0.5
23S:160,A,23S:166,U,tHW,Orange,0.67,1
23S:161,A,23S:165,A,tHW,Orange,0.67,0.5
23S:165,A,23S:161,A,tWH,Cyan,0.67,0.5
23S:166,U,23S:160,A,tWH,Cyan,0.67,1
23S:177,G,23S:149,A,cHW,Red,0.67,0.5
23S:182,A,23S:215,G,cWW,Gray,1.00,0.5
23S:183,C,23S:214,G,cWW,Gray,1.00,1.5
23S:184,C,23S:212,G,cWW,Gray,1.00,1.5
23S:185,G,23S:211,C,cWW,Gray,1.00,1.5
23S:186,G,23S:210,C,cWW,Gray,1.00,1.5
23S:187,G,23S:209,C,cWW,Gray,1.00,1.5
23S:188,G,23S:208,C,cWW,Gray,1.00,1.5
23S:190,A,23S:206,U,tHW,Orange,0.67,1
23S:191,A,23S:204,A,tHH,Green,0.33,0.5
23S:193,U,23S:202,U,cWW,Gray,1.00,0.5
23S:194,G,23S:201,C,cWW,Gray,1.00,1.5
23S:198,C,23S:248,G,cWW,Gray,1.00,1.5
23S:206,U,23S:190,A,tWH,Cyan,0.67,1
23S:216,A,23S:431,U,tHW,Orange,0.67,1
23S:221,A,23S:427,U,tHW,Orange,0.67,1
23S:224,U,23S:231,A,cWW,Gray,1.00,1
23S:225,C,23S:230,G,cWW,Gray,1.00,1.5
23S:233,A,23S:429,A,tWW,Brown,1.00,0.5
23S:234,U,23S:430,A,tWW,Brown,1.00,1
23S:235,U,23S:262,A,cWW,Gray,1.00,1
23S:236,C,23S:261,G,cWW,Gray,1.00,1.5
23S:237,C,23S:260,G,cWW,Gray,1.00,1.5
23S:238,C,23S:259,G,cWW,Gray,1.00,1.5
23S:239,C,23S:258,G,cWW,Gray,1.00,1.5
23S:241,A,23S:256,A,tHH,Green,0.33,0.5
23S:243,U,23S:255,A,tWH,Cyan,0.67,1
23S:245,G,23S:253,C,cWW,Gray,1.00,1.5
23S:246,C,23S:252,G,cWW,Gray,1.00,1.5
23S:255,A,23S:243,U,tHW,Orange,0.67,1
23S:266,G,23S:426,C,cWW,Gray,1.00,1.5
23S:267,C,23S:425,G,cWW,Gray,1.00,1.5
23S:268,C,23S:424,G,cWW,Gray,1.00,1.5
23S:269,C,23S:370,G,cWW,Gray,1.00,1.5
23S:271,G,23S:366,C,cWW,Gray,1.00,1.5
23S:272,A,23S:365,U,cWW,Gray,1.00,1
23S:274,C,23S:363,G,cWW,Gray,1.00,1.5
23S:280,U,23S:360,U,cWW,Gray,1.00,0.5
23S:281,C,23S:359,G,cWW,Gray,1.00,1.5
23S:283,G,23S:357,C,cWW,Gray,1.00,1.5
23S:284,U,23S:356,G,cWW,Gray,1.00,0.5
23S:285,G,23S:355,U,cWW,Gray,1.00,0.5
23S:286,U,23S:354,A,cWW,Gray,1.00,1
23S:287,G,23S:353,C,cWW,Gray,1.00,1.5
23S:288,U,23S:352,A,cWW,Gray,1.00,1
23S:289,G,23S:351,C,cWW,Gray,1.00,1.5
23S:290,U,23S:350,G,cWW,Gray,1.00,0.5
23S:291,G,23S:349,U,cWW,Gray,1.00,0.5
23S:292,U,23S:348,A,cWW,Gray,1.00,1
23S:293,U,23S:347,A,cWW,Gray,1.00,1
23S:295,G,23S:343,C,cWW,Gray,1.00,1.5
23S:296,U,23S:342,A,cWW,Gray,1.00,1
23S:297,G,23S:341,C,cWW,Gray,1.00,1.5
23S:301,G,23S:316,C,cWW,Gray,1.00,1.5
23S:302,C,23S:315,G,cWW,Gray,1.00,1.5
23S:303,G,23S:314,C,cWW,Gray,1.00,1.5
23S:304,U,23S:313,G,cWW,Gray,1.00,0.5
23S:305,C,23S:312,G,cWW,Gray,1.00,1.5
23S:306,U,23S:310,A,tWH,Cyan,0.67,1
23S:310,A,23S:306,U,tHW,Orange,0.67,1
23S:317,G,23S:334,C,cWW,Gray,1.00,1.5
23S:318,C,23S:333,G,cWW,Gray,1.00,1.5
23S:319,G,23S:323,C,cWW,Gray,1.00,1.5
23S:325,G,23S:337,C,cWW,Gray,1.00,1.5
23S:326,G,23S:336,C,cWW,Gray,1.00,1.5
23S:327,G,23S:335,C,cWW,Gray,1.00,1.5
23S:328,U,23S:332,A,tWH,Cyan,0.67,1
23S:332,A,23S:328,U,tHW,Orange,0.67,1
23S:371,A,23S:402,A,tHH,Green,0.33,0.5
23S:373,U,23S:401,A,tWH,Cyan,0.67,1
23S:375,G,23S:399,U,cWW,Gray,1.00,0.5
23S:376,G,23S:398,C,cWW,Gray,1.00,1.5
23S:377,G,23S:397,U,cWW,Gray,1.00,0.5
23S:378,C,23S:396,G,cWW,Gray,1.00,1.5
23S:379,G,23S:395,U,cWW,Gray,1.00,0.5
23S:380,G,23S:394,C,cWW,Gray,1.00,1.5
23S:381,G,23S:393,C,cWW,Gray,1.00,1.5
23S:382,A,23S:392,U,cWW,Gray,1.00,1
23S:385,C,23S:411,G,cWW,Gray,1.00,1.5
23S:401,A,23S:373,U,tHW,Orange,0.67,1
23S:404,A,23S:421,C,tHW,Orange,0.67,0.5
23S:406,G,23S:421,C,cWW,Gray,1.00,1.5
23S:407,G,23S:420,C,cWW,Gray,1.00,1.5
23S:408,G,23S:419,U,cWW,Gray,1.00,0.5
23S:409,G,23S:418,C,cWW,Gray,1.00,1.5
23S:410,G,23S:417,C,cWW,Gray,1.00,1.5
23S:413,C,23S:2410,G,cWW,Gray,1.00,1.5
23S:414,C,23S:2409,G,cWW,Gray,1.00,1.5
23S:415,A,23S:2408,U,cWW,Gray,1.00,1
23S:421,C,23S:404,A,tWH,Cyan,0.67,0.5
23S:427,U,23S:221,A,tWH,Cyan,0.67,1
23S:431,U,23S:216,A,tWH,Cyan,0.67,1
23S:447,A,23S:33,C,tHW,Orange,0.67,0.5
23S:449,A,23S:454,A,tWH,Cyan,0.67,0.5
23S:454,A,23S:449,A,tHW,Orange,0.67,0.5
23S:457,A,23S:471,A,tHH,Green,0.33,0.5
23S:459,U,23S:470,A,tWH,Cyan,0.67,1
23S:461,C,23S:468,G,cWW,Gray,1.00,1.5
23S:462,C,23S:467,G,cWW,Gray,1.00,1.5
23S:470,A,23S:459,U,tHW,Orange,0.67,1
23S:475,C,23S:479,A,tWH,Cyan,0.67,0.5
23S:477,A,23S:501,A,tHH,Green,0.33,0.5
23S:479,A,23S:475,C,tHW,Orange,0.67,0.5
23S:479,A,23S:503,A,tWW,Brown,1.00,0.5
23S:480,A,23S:505,A,tWW,Brown,1.00,0.5
23S:481,G,23S:509,C,cWW,Gray,1.00,1.5
23S:482,A,23S:507,A,tHH,Green,0.33,0.5
23S:484,C,23S:496,G,cWW,Gray,1.00,1.5
23S:485,C,23S:495,G,cWW,Gray,1.00,1.5
23S:486,C,23S:494,G,cWW,Gray,1.00,1.5
23S:487,C,23S:493,G,cWW,Gray,1.00,1.5
23S:499,U,23S:503,A,tWH,Cyan,0.67,1
23S:503,A,23S:499,U,tHW,Orange,0.67,1
23S:529,A,23S:2041,U,tHW,Orange,0.67,1
23S:531,C,23S:2018,G,cWW,Gray,1.00,1.5
23S:533,G,23S:560,C,cWW,Gray,1.00,1.5
23S:534,U,23S:559,G,cWW,Gray,1.00,0.5
23S:535,G,23S:558,U,cWW,Gray,1.00,0.5
23S:536,G,23S:557,C,cWW,Gray,1.00,1.5
23S:539,G,23S:554,U,cWW,Gray,1.00,0.5
23S:540,C,23S:553,G,cWW,Gray,1.00,1.5
23S:541,A,23S:552,U,cWW,Gray,1.00,1
23S:542,C,23S:551,G,cWW,Gray,1.00,1.5
23S:543,G,23S:550,C,cWW,Gray,1.00,1.5
23S:562,U,23S:2033,A,cWW,Gray,1.00,1
23S:563,A,23S:578,G,cWW,Gray,1.00,0.5
23S:564,C,23S:577,G,cWW,Gray,1.00,1.5
23S:565,C,23S:576,U,cWW,Gray,1.00,0.5
23S:566,U,23S:575,A,cWW,Gray,1.00,1
23S:579,G,23S:1261,C,cWW,Gray,1.00,1.5
23S:580,U,23S:1260,A,cWW,Gray,1.00,1
23S:581,C,23S:1259,G,cWW,Gray,1.00,1.5
23S:582,A,23S:1258,U,cWW,Gray,1.00,1
23S:583,G,23S:1257,C,cWW,Gray,1.00,1.5
23S:584,C,23S:1256,G,cWW,Gray,1.00,1.5
23S:586,A,23S:1251,C,tHW,Orange,0.67,0.5
23S:589,U,23S:668,A,cWW,Gray,1.00,1
23S:590,A,23S:667,U,cWW,Gray,1.00,1
23S:591,U,23S:666,A,cWW,Gray,1.00,1
23S:592,A,23S:665,U,cWW,Gray,1.00,1
23S:593,U,23S:664,G,cWW,Gray,1.00,0.5
23S:594,U,23S:663,G,cWW,Gray,1.00,0.5
23S:595,C,23S:662,G,cWW,Gray,1.00,1.5
23S:596,U,23S:661,A,cWW,Gray,1.00,1
23S:597,G,23S:660,C,cWW,Gray,1.00,1.5
23S:598,U,23S:659,G,cWW,Gray,1.00,0.5
23S:599,A,23S:658,U,cWW,Gray,1.00,1
23S:600,G,23S:657,U,cWW,Gray,1.00,0.5
23S:601,C,23S:656,G,cWW,Gray,1.00,1.5
23S:604,G,23S:624,C,cWW,Gray,1.00,1.5
23S:605,G,23S:623,C,cWW,Gray,1.00,1.5
23S:606,U,23S:622,G,cWW,Gray,1.00,0.5
23S:610,C,23S:618,G,cWW,Gray,1.00,1.5
23S:611,C,23S:617,G,cWW,Gray,1.00,1.5
23S:628,G,23S:635,C,cWW,Gray,1.00,1.5
23S:629,G,23S:634,C,cWW,Gray,1.00,1.5
23S:638,G,23S:650,C,cWW,Gray,1.00,1.5
23S:639,U,23S:649,G,cWW,Gray,1.00,0.5
23S:640,C,23S:648,G,cWW,Gray,1.00,1.5
23S:641,U,23S:647,G,cWW,Gray,1.00,0.5
23S:671,C,23S:809,G,cWW,Gray,1.00,1.5
23S:672,C,23S:808,G,cWW,Gray,1.00,1.5
23S:673,C,23S:807,U,cWW,Gray,1.00,0.5
23S:674,G,23S:806,C,cWW,Gray,1.00,1.5
23S:675,A,23S:803,U,tHW,Orange,0.67,1
23S:676,A,23S:802,A,tHW,Orange,0.67,0.5
23S:677,A,23S:800,A,tWW,Brown,1.00,0.5
23S:678,C,23S:799,G,cWW,Gray,1.00,1.5
23S:679,C,23S:798,G,cWW,Gray,1.00,1.5
23S:680,C,23S:797,G,cWW,Gray,1.00,1.5
23S:681,G,23S:796,C,cWW,Gray,1.00,1.5
23S:682,G,23S:795,C,cWW,Gray,1.00,1.5
23S:683,U,23S:794,A,cWW,Gray,1.00,1
23S:684,G,23S:775,G,tWH,Cyan,0.67,0.5
23S:689,A,23S:773,U,cWW,Gray,1.00,1
23S:690,G,23S:772,C,cWW,Gray,1.00,1.5
23S:691,C,23S:771,G,cWW,Gray,1.00,1.5
23S:692,C,23S:770,G,cWW,Gray,1.00,1.5
23S:693,A,23S:769,U,cWW,Gray,1.00,1
23S:694,U,23S:768,G,cWW,Gray,1.00,0.5
23S:695,G,23S:767,U,cWW,Gray,1.00,0.5
23S:696,G,23S:766,U,cWW,Gray,1.00,0.5
23S:697,G,23S:765,C,cWW,Gray,1.00,1.5
23S:698,C,23S:763,G,cWW,Gray,1.00,1.5
23S:700,G,23S:732,C,cWW,Gray,1.00,1.5
23S:701,G,23S:731,C,cWW,Gray,1.00,1.5
23S:702,U,23S:730,A,cWW,Gray,1.00,1
23S:703,U,23S:728,G,cWW,Gray,1.00,0.5
23S:709,U,23S:722,A,cWW,Gray,1.00,1
23S:710,U,23S:721,A,cWW,Gray,1.00,1
23S:711,G,23S:720,U,cWW,Gray,1.00,0.5
23S:712,G,23S:719,C,cWW,Gray,1.00,1.5
23S:729,G,23S:1774,C,cWW,Gray,1.00,1.5
23S:736,C,23S:760,G,cWW,Gray,1.00,1.5
23S:737,C,23S:759,G,cWW,Gray,1.00,1.5
23S:738,G,23S:758,C,cWW,Gray,1.00,1.5
23S:740,C,23S:757,G,cWW,Gray,1.00,1.5
23S:741,U,23S:756,A,cWW,Gray,1.00,1
23S:742,A,23S:755,U,cWW,Gray,1.00,1
23S:743,A,23S:754,U,cWW,Gray,1.00,1
23S:744,U,23S:753,A,cWW,Gray,1.00,1
23S:764,A,23S:1775,U,cHW,Red,0.67,1
23S:775,G,23S:791,C,cWW,Gray,1.00,1.5
23S:775,G,23S:684,G,tHW,Orange,0.67,0.5
23S:777,G,23S:787,C,cWW,Gray,1.00,1.5
23S:778,G,23S:786,C,cWW,Gray,1.00,1.5
23S:779,U,23S:785,G,cWW,Gray,1.00,0.5
23S:802,A,23S:676,A,tWH,Cyan,0.67,0.5
23S:803,U,23S:675,A,tWH,Cyan,0.67,1
23S:812,C,23S:1195,G,cWW,Gray,1.00,1.5
23S:813,U,23S:1194,A,cWW,Gray,1.00,1
23S:814,C,23S:1193,G,cWW,Gray,1.00,1.5
23S:815,C,23S:1192,G,cWW,Gray,1.00,1.5
23S:816,C,23S:1191,G,cWW,Gray,1.00,1.5
23S:817,C,23S:1190,G,cWW,Gray,1.00,1.5
23S:819,A,23S:1188,U,tHW,Orange,0.67,1
23S:820,A,23S:973,A,tHH,Green,0.33,0.5
23S:822,G,23S:835,C,cWW,Gray,1.00,1.5
23S:823,C,23S:834,G,cWW,Gray,1.00,1.5
23S:824,U,23S:833,A,cWW,Gray,1.00,1
23S:825,A,23S:832,U,cWW,Gray,1.00,1
23S:826,U,23S:831,G,cWW,Gray,1.00,0.5
23S:833,A,23S:944,C,tHW,Orange,0.67,0.5
23S:837,C,23S:942,G,cWW,Gray,1.00,1.5
23S:838,C,23S:940,G,cWW,Gray,1.00,1.5
23S:839,U,23S:939,G,cWW,Gray,1.00,0.5
23S:840,C,23S:938,G,cWW,Gray,1.00,1.5
23S:841,G,23S:937,C,cWW,Gray,1.00,1.5
23S:842,U,23S:936,A,cWW,Gray,1.00,1
23S:843,G,23S:935,C,cWW,Gray,1.00,1.5
23S:844,A,23S:934,U,cWW,Gray,1.00,1
23S:847,U,23S:933,A,cWW,Gray,1.00,1
23S:848,C,23S:930,G,cWW,Gray,1.00,1.5
23S:849,A,23S:929,U,cWW,Gray,1.00,1
23S:850,U,23S:928,A,cWW,Gray,1.00,1
23S:851,C,23S:926,G,cWW,Gray,1.00,1.5
23S:852,U,23S:925,A,cWW,Gray,1.00,1
23S:853,C,23S:924,G,cWW,Gray,1.00,1.5
23S:854,C,23S:923,G,cWW,Gray,1.00,1.5
23S:855,G,23S:922,C,cWW,Gray,1.00,1.5
23S:856,G,23S:921,C,cWW,Gray,1.00,1.5
23S:857,G,23S:920,A,cWW,Gray,1.00,0.5
23S:860,U,23S:917,A,tWH,Cyan,0.67,1
23S:862,G,23S:915,C,cWW,Gray,1.00,1.5
23S:863,A,23S:913,U,cWW,Gray,1.00,1
23S:864,G,23S:912,C,cWW,Gray,1.00,1.5
23S:865,C,23S:909,A,tWH,Cyan,0.67,0.5
23S:868,U,23S:909,A,cWW,Gray,1.00,1
23S:869,G,23S:908,C,cWW,Gray,1.00,1.5
23S:870,U,23S:907,G,cWW,Gray,1.00,0.5
23S:871,U,23S:906,U,cWW,Gray,1.00,0.5
23S:872,U,23S:905,A,cWW,Gray,1.00,1
23S:873,C,23S:904,G,cWW,Gray,1.00,1.5
23S:874,G,23S:903,C,cWW,Gray,1.00,1.5
23S:875,G,23S:902,C,cWW,Gray,1.00,1.5
23S:879,G,23S:898,C,cWW,Gray,1.00,1.5
23S:880,G,23S:897,C,cWW,Gray,1.00,1.5
23S:881,G,23S:895,U,cWW,Gray,1.00,0.5
23S:882,G,23S:894,U,cWW,Gray,1.00,0.5
23S:883,G,23S:893,C,cWW,Gray,1.00,1.5
23S:909,A,23S:865,C,tHW,Orange,0.67,0.5
23S:917,A,23S:860,U,tHW,Orange,0.67,1
23S:918,A,23S:2268,A,tHH,Green,0.33,0.5
23S:944,C,23S:833,A,tWH,Cyan,0.67,0.5
23S:946,C,23S:971,G,cWW,Gray,1.00,1.5
23S:947,A,23S:970,U,cWW,Gray,1.00,1
23S:948,C,23S:969,G,cWW,Gray,1.00,1.5
23S:949,G,23S:968,C,cWW,Gray,1.00,1.5
23S:950,G,23S:967,U,cWW,Gray,1.00,0.5
23S:951,C,23S:966,G,cWW,Gray,1.00,1.5
23S:952,G,23S:965,C,cWW,Gray,1.00,1.5
23S:953,G,23S:964,C,cWW,Gray,1.00,1.5
23S:954,G,23S:963,U,cWW,Gray,1.00,0.5
23S:955,U,23S:962,G,cWW,Gray,1.00,0.5
23S:976,G,23S:987,C,cWW,Gray,1.00,1.5
23S:977,G,23S:986,C,cWW,Gray,1.00,1.5
23S:978,G,23S:985,C,cWW,Gray,1.00,1.5
23S:991,C,23S:1163,G,cWW,Gray,1.00,1.5
23S:992,C,23S:1162,G,cWW,Gray,1.00,1.5
23S:993,G,23S:1161,C,cWW,Gray,1.00,1.5
23S:994,C,23S:1160,G,cWW,Gray,1.00,1.5
23S:996,A,23S:1159,U,cWW,Gray,1.00,1
23S:997,G,23S:1158,C,cWW,Gray,1.00,1.5
23S:998,C,23S:1157,G,cWW,Gray,1.00,1.5
23S:999,U,23S:1155,A,tWH,Cyan,0.67,1
23S:1002,G,23S:1153,C,cWW,Gray,1.00,1.5
23S:1003,G,23S:1152,C,cWW,Gray,1.00,1.5
23S:1004,U,23S:1151,A,cWW,Gray,1.00,1
23S:1005,C,23S:1138,G,cWW,Gray,1.00,1.5
23S:1006,C,23S:1137,G,cWW,Gray,1.00,1.5
23S:1007,C,23S:1136,G,cWW,Gray,1.00,1.5
23S:1011,G,23S:1150,C,cWW,Gray,1.00,1.5
23S:1012,U,23S:1143,A,cWH,Blue,0.67,1
23S:1013,C,23S:1149,G,cWW,Gray,1.00,1.5
23S:1014,A,23S:1148,U,cWW,Gray,1.00,1
23S:1015,U,23S:1147,A,cWW,Gray,1.00,1
23S:1016,G,23S:1146,C,cWW,Gray,1.00,1.5
23S:1017,G,23S:1145,C,cWW,Gray,1.00,1.5
23S:1018,U,23S:1144,A,cWW,Gray,1.00,1
23S:1021,A,23S:1141,U,tWW,Brown,1.00,1
23S:1024,G,23S:1140,C,cWW,Gray,1.00,1.5
23S:1025,G,23S:1139,G,tWW,Brown,1.00,0.5
23S:1028,A,23S:1126,A,tHH,Green,0.33,0.5
23S:1030,C,23S:1124,G,cWW,Gray,1.00,1.5
23S:1031,G,23S:1123,C,cWW,Gray,1.00,1.5
23S:1032,A,23S:1122,G,cWW,Gray,1.00,0.5
23S:1034,G,23S:1121,C,cWW,Gray,1.00,1.5
23S:1035,U,23S:1120,G,cWW,Gray,1.00,0.5
23S:1036,G,23S:1119,U,cWW,Gray,1.00,0.5
23S:1037,G,23S:1118,C,cWW,Gray,1.00,1.5
23S:1038,G,23S:1117,C,cWW,Gray,1.00,1.5
23S:1039,A,23S:1116,G,cWW,Gray,1.00,0.5
23S:1040,A,23S:1115,G,cWW,Gray,1.00,0.5
23S:1041,G,23S:1114,C,cWW,Gray,1.00,1.5
23S:1042,G,23S:1113,U,cWW,Gray,1.00,0.5
23S:1043,C,23S:1112,G,cWW,Gray,1.00,1.5
23S:1049,C,23S:2751,G,cWW,Gray,1.00,1.5
23S:1051,G,23S:1108,U,cWW,Gray,1.00,0.5
23S:1052,C,23S:1107,G,cWW,Gray,1.00,1.5
23S:1053,C,23S:1106,G,cWW,Gray,1.00,1.5
23S:1054,A,23S:1105,U,cWW,Gray,1.00,1
23S:1055,G,23S:1104,C,cWW,Gray,1.00,1.5
23S:1059,G,23S:1079,C,cWW,Gray,1.00,1.5
23S:1062,G,23S:1076,C,cWW,Gray,1.00,1.5
23S:1087,G,23S:1102,C,cWW,Gray,1.00,1.5
23S:1091,G,23S:1100,C,cWW,Gray,1.00,1.5
23S:1092,C,23S:1099,G,cWW,Gray,1.00,1.5
23S:1143,A,23S:1012,U,cHW,Red,0.67,1
23S:1155,A,23S:999,U,tHW,Orange,0.67,1
23S:1164,C,23S:1185,G,cWW,Gray,1.00,1.5
23S:1165,A,23S:1184,U,cWW,Gray,1.00,1
23S:1166,G,23S:1183,U,cWW,Gray,1.00,0.5
23S:1167,C,23S:1182,G,cWW,Gray,1.00,1.5
23S:1168,G,23S:1181,U,cWW,Gray,1.00,0.5
23S:1188,U,23S:819,A,tWH,Cyan,0.67,1
23S:1196,C,23S:1250,G,cWW,Gray,1.00,1.5
23S:1198,U,23S:1247,A,cWW,Gray,1.00,1
23S:1199,U,23S:1246,A,cWW,Gray,1.00,1
23S:1200,C,23S:1245,G,cWW,Gray,1.00,1.5
23S:1201,U,23S:1244,A,cWW,Gray,1.00,1
23S:1202,G,23S:1243,C,cWW,Gray,1.00,1.5
23S:1203,U,23S:1242,U,cWW,Gray,1.00,0.5
23S:1204,A,23S:1241,A,tHH,Green,0.33,0.5
23S:1206,G,23S:1240,U,cWW,Gray,1.00,0.5
23S:1207,C,23S:1239,G,cWW,Gray,1.00,1.5
23S:1208,C,23S:1238,G,cWW,Gray,1.00,1.5
23S:1215,G,23S:1234,U,cWW,Gray,1.00,0.5
23S:1216,G,23S:1233,C,cWW,Gray,1.00,1.5
23S:1217,U,23S:1232,G,cWW,Gray,1.00,0.5
23S:1218,G,23S:1231,U,cWW,Gray,1.00,0.5
23S:1219,U,23S:1230,A,cWW,Gray,1.00,1
23S:1220,G,23S:1229,C,cWW,Gray,1.00,1.5
23S:1221,C,23S:1228,G,cWW,Gray,1.00,1.5
23S:1222,U,23S:1227,G,cWW,Gray,1.00,0.5
23S:1251,C,23S:586,A,tWH,Cyan,0.67,0.5
23S:1262,A,23S:2017,U,cWW,Gray,1.00,1
23S:1263,U,23S:2016,U,cWW,Gray,1.00,0.5
23S:1265,A,23S:2014,A,tHH,Green,0.33,0.5
23S:1267,U,23S:2013,A,tWH,Cyan,0.67,1
23S:1269,A,23S:2011,U,cWW,Gray,1.00,1
23S:1270,C,23S:2010,G,cWW,Gray,1.00,1.5
23S:1271,G,23S:1615,C,tWW,Brown,1.00,1.5
23S:1276,A,23S:1294,U,cWW,Gray,1.00,1
23S:1277,G,23S:1293,C,cWW,Gray,1.00,1.5
23S:1278,C,23S:1292,G,cWW,Gray,1.00,1.5
23S:1279,G,23S:1291,C,cWW,Gray,1.00,1.5
23S:1280,G,23S:1290,C,cWW,Gray,1.00,1.5
23S:1281,G,23S:1289,C,cWW,Gray,1.00,1.5
23S:1282,U,23S:1286,A,tWH,Cyan,0.67,1
23S:1286,A,23S:1282,U,tHW,Orange,0.67,1
23S:1295,C,23S:1645,G,cWW,Gray,1.00,1.5
23S:1296,G,23S:1644,C,cWW,Gray,1.00,1.5
23S:1297,C,23S:1643,G,cWW,Gray,1.00,1.5
23S:1298,C,23S:1642,G,cWW,Gray,1.00,1.5
23S:1301,A,23S:1641,A,tHW,Orange,0.67,0.5
23S:1303,G,23S:1625,C,cWW,Gray,1.00,1.5
23S:1304,A,23S:1624,U,cWW,Gray,1.00,1
23S:1305,C,23S:1623,G,cWW,Gray,1.00,1.5
23S:1306,C,23S:1622,G,cWW,Gray,1.00,1.5
23S:1309,G,23S:1605,C,cWW,Gray,1.00,1.5
23S:1310,G,23S:1604,C,cWW,Gray,1.00,1.5
23S:1313,U,23S:1603,A,cWW,Gray,1.00,1
23S:1314,C,23S:1338,G,cWW,Gray,1.00,1.5
23S:1315,C,23S:1337,G,cWW,Gray,1.00,1.5
23S:1316,U,23S:1336,A,cWW,Gray,1.00,1
23S:1317,G,23S:1335,C,cWW,Gray,1.00,1.5
23S:1318,U,23S:1334,G,cWW,Gray,1.00,0.5
23S:1319,C,23S:1333,G,cWW,Gray,1.00,1.5
23S:1323,C,23S:1331,G,cWW,Gray,1.00,1.5
23S:1324,G,23S:1330,C,cWW,Gray,1.00,1.5
23S:1342,A,23S:1602,U,tHW,Orange,0.67,1
23S:1343,G,23S:1404,C,cWW,Gray,1.00,1.5
23S:1344,U,23S:1403,A,cWW,Gray,1.00,1
23S:1345,C,23S:1601,G,cWW,Gray,1.00,1.5
23S:1346,G,23S:1600,C,cWW,Gray,1.00,1.5
23S:1348,C,23S:1598,A,cWW,Gray,1.00,0.5
23S:1349,C,23S:1382,G,cWW,Gray,1.00,1.5
23S:1350,C,23S:1381,G,cWW,Gray,1.00,1.5
23S:1351,C,23S:1380,G,cWW,Gray,1.00,1.5
23S:1352,U,23S:1378,A,tWH,Cyan,0.67,1
23S:1355,G,23S:1376,C,cWW,Gray,1.00,1.5
23S:1356,G,23S:1375,U,cWW,Gray,1.00,0.5
23S:1357,C,23S:1374,G,cWW,Gray,1.00,1.5
23S:1359,A,23S:1372,U,tHW,Orange,0.67,1
23S:1360,G,23S:2214,C,tWW,Brown,1.00,1.5
23S:1361,G,23S:1370,C,cWW,Gray,1.00,1.5
23S:1362,C,23S:1369,G,cWW,Gray,1.00,1.5
23S:1363,C,23S:1368,G,cWW,Gray,1.00,1.5
23S:1372,U,23S:1359,A,tWH,Cyan,0.67,1
23S:1378,A,23S:1352,U,tHW,Orange,0.67,1
23S:1385,A,23S:1402,U,cWW,Gray,1.00,1
23S:1386,C,23S:1401,G,cWW,Gray,1.00,1.5
23S:1387,A,23S:1400,U,cWW,Gray,1.00,1
23S:1388,G,23S:1399,C,cWW,Gray,1.00,1.5
23S:1389,G,23S:1398,C,cWW,Gray,1.00,1.5
23S:1390,U,23S:1395,A,tWH,Cyan,0.67,1
23S:1395,A,23S:1390,U,tHW,Orange,0.67,1
23S:1405,U,23S:1597,A,cWW,Gray,1.00,1
23S:1406,U,23S:1596,A,cWW,Gray,1.00,1
23S:1407,G,23S:1595,C,cWW,Gray,1.00,1.5
23S:1408,G,23S:1594,U,cWW,Gray,1.00,0.5
23S:1409,U,23S:1593,A,cWW,Gray,1.00,1
23S:1410,G,23S:1592,C,cWW,Gray,1.00,1.5
23S:1411,U,23S:1591,A,cWW,Gray,1.00,1
23S:1413,A,23S:1589,U,cWW,Gray,1.00,1
23S:1416,G,23S:1582,C,cWW,Gray,1.00,1.5
23S:1417,C,23S:1581,G,cWW,Gray,1.00,1.5
23S:1419,A,23S:1578,U,tHW,Orange,0.67,1
23S:1421,G,23S:1577,C,cWW,Gray,1.00,1.5
23S:1422,G,23S:1576,U,cWW,Gray,1.00,0.5
23S:1423,G,23S:1575,C,cWW,Gray,1.00,1.5
23S:1424,G,23S:1574,C,cWW,Gray,1.00,1.5
23S:1427,A,23S:1571,A,tHH,Green,0.33,0.5
23S:1429,G,23S:1564,C,cWW,Gray,1.00,1.5
23S:1430,G,23S:1563,U,cWW,Gray,1.00,0.5
23S:1431,A,23S:1562,U,cWW,Gray,1.00,1
23S:1432,G,23S:1561,C,cWW,Gray,1.00,1.5
23S:1433,A,23S:1560,G,cWW,Gray,1.00,0.5
23S:1435,G,23S:1557,C,cWW,Gray,1.00,1.5
23S:1436,G,23S:1556,C,cWW,Gray,1.00,1.5
23S:1437,C,23S:1555,G,cWW,Gray,1.00,1.5
23S:1438,U,23S:1553,A,tWH,Cyan,0.67,1
23S:1440,U,23S:1551,A,cWW,Gray,1.00,1
23S:1441,G,23S:1550,C,cWW,Gray,1.00,1.5
23S:1442,U,23S:1549,A,cWW,Gray,1.00,1
23S:1443,U,23S:1548,A,cWW,Gray,1.00,1
23S:1444,G,23S:1547,C,cWW,Gray,1.00,1.5
23S:1445,G,23S:1466,U,cWW,Gray,1.00,0.5
23S:1446,C,23S:1465,G,cWW,Gray,1.00,1.5
23S:1447,C,23S:1464,G,cWW,Gray,1.00,1.5
23S:1448,G,23S:1463,C,cWW,Gray,1.00,1.5
23S:1449,G,23S:1462,C,cWW,Gray,1.00,1.5
23S:1450,G,23S:1461,C,cWW,Gray,1.00,1.5
23S:1451,C,23S:1459,G,cWW,Gray,1.00,1.5
23S:1455,G,23S:2704,C,cWW,Gray,1.00,1.5
23S:1456,G,23S:2703,C,cWW,Gray,1.00,1.5
23S:1457,U,23S:2702,G,cWW,Gray,1.00,0.5
23S:1467,U,23S:1525,A,cWW,Gray,1.00,1
23S:1468,U,23S:1524,G,cWW,Gray,1.00,0.5
23S:1469,A,23S:1522,A,tHH,Green,0.33,0.5
23S:1471,G,23S:1520,U,cWW,Gray,1.00,0.5
23S:1472,C,23S:1519,G,cWW,Gray,1.00,1.5
23S:1473,G,23S:1518,C,cWW,Gray,1.00,1.5
23S:1474,U,23S:1517,G,cWW,Gray,1.00,0.5
23S:1476,U,23S:1515,A,tWH,Cyan,0.67,1
23S:1479,G,23S:1512,C,cWW,Gray,1.00,1.5
23S:1480,C,23S:1511,G,cWW,Gray,1.00,1.5
23S:1481,U,23S:1510,G,cWW,Gray,1.00,0.5
23S:1482,G,23S:1507,C,cWW,Gray,1.00,1.5
23S:1483,G,23S:1506,U,cWW,Gray,1.00,0.5
23S:1484,U,23S:1505,A,cWW,Gray,1.00,1
23S:1485,U,23S:1504,A,cWW,Gray,1.00,1
23S:1488,C,23S:1501,G,cWW,Gray,1.00,1.5
23S:1489,C,23S:1500,G,cWW,Gray,1.00,1.5
23S:1491,G,23S:1499,C,cWW,Gray,1.00,1.5
23S:1492,G,23S:1498,C,cWW,Gray,1.00,1.5
23S:1515,A,23S:1476,U,tHW,Orange,0.67,1
23S:1516,G,23S:1732,C,cWW,Gray,1.00,1.5
23S:1526,C,23S:1546,G,cWW,Gray,1.00,1.5
23S:1529,G,23S:1542,U,cWW,Gray,1.00,0.5
23S:1531,C,23S:1540,G,cWW,Gray,1.00,1.5
23S:1532,A,23S:1539,U,cWW,Gray,1.00,1
23S:1533,C,23S:1538,G,cWW,Gray,1.00,1.5
23S:1553,A,23S:1438,U,tHW,Orange,0.67,1
23S:1554,U,23S:1634,A,tWH,Cyan,0.67,1
23S:1565,C,23S:1568,G,cWW,Gray,1.00,1.5
23S:1578,U,23S:1419,A,tWH,Cyan,0.67,1
23S:1602,U,23S:1342,A,tWH,Cyan,0.67,1
23S:1608,A,23S:1621,U,tHW,Orange,0.67,1
23S:1611,C,23S:1620,G,cWW,Gray,1.00,1.5
23S:1612,C,23S:1619,G,cWW,Gray,1.00,1.5
23S:1621,U,23S:1608,A,tWH,Cyan,0.67,1
23S:1627,G,23S:1639,C,cWW,Gray,1.00,1.5
23S:1628,G,23S:1638,C,cWW,Gray,1.00,1.5
23S:1629,U,23S:1637,A,cWW,Gray,1.00,1
23S:1630,A,23S:1636,U,cWW,Gray,1.00,1
23S:1634,A,23S:1554,U,tHW,Orange,0.67,1
23S:1641,A,23S:1301,A,tWH,Cyan,0.67,0.5
23S:1648,U,23S:2009,A,cWW,Gray,1.00,1
23S:1649,G,23S:2008,C,cWW,Gray,1.00,1.5
23S:1650,A,23S:2007,U,cWW,Gray,1.00,1
23S:1651,G,23S:2006,C,cWW,Gray,1.00,1.5
23S:1656,C,23S:2004,G,cWW,Gray,1.00,1.5
23S:1657,U,23S:2003,A,cWW,Gray,1.00,1
23S:1658,C,23S:2002,G,cWW,Gray,1.00,1.5
23S:1659,G,23S:2001,C,cWW,Gray,1.00,1.5
23S:1660,G,23S:2000,C,cWW,Gray,1.00,1.5
23S:1661,G,23S:1999,C,cWW,Gray,1.00,1.5
23S:1662,U,23S:1998,A,cWW,Gray,1.00,1
23S:1663,G,23S:1997,C,cWW,Gray,1.00,1.5
23S:1664,A,23S:1996,C,tWW,Brown,1.00,0.5
23S:1665,A,23S:1995,U,cWW,Gray,1.00,1
23S:1666,G,23S:1994,C,cWW,Gray,1.00,1.5
23S:1668,A,23S:1991,U,tHW,Orange,0.67,1
23S:1669,A,23S:1993,U,cWW,Gray,1.00,1
23S:1674,G,23S:1990,C,cWW,Gray,1.00,1.5
23S:1682,G,23S:1706,C,cWW,Gray,1.00,1.5
23S:1683,U,23S:1705,A,cWW,Gray,1.00,1
23S:1684,G,23S:1704,C,cWW,Gray,1.00,1.5
23S:1685,C,23S:1703,G,cWW,Gray,1.00,1.5
23S:1686,C,23S:1702,G,cWW,Gray,1.00,1.5
23S:1689,A,23S:1698,A,tHH,Green,0.33,0.5
23S:1691,C,23S:1696,G,cWW,Gray,1.00,1.5
23S:1693,U,23S:1829,A,cWW,Gray,1.00,1
23S:1707,G,23S:1751,U,cWW,Gray,1.00,0.5
23S:1708,C,23S:1750,G,cWW,Gray,1.00,1.5
23S:1709,U,23S:1749,A,cWW,Gray,1.00,1
23S:1710,G,23S:1748,C,cWW,Gray,1.00,1.5
23S:1711,A,23S:1747,U,cWW,Gray,1.00,1
23S:1712,U,23S:1746,A,cWW,Gray,1.00,1
23S:1713,A,23S:1745,A,tWW,Brown,1.00,0.5
23S:1716,U,23S:1744,A,tWH,Cyan,0.67,1
23S:1718,G,23S:1742,U,cWW,Gray,1.00,0.5
23S:1719,G,23S:1741,C,cWW,Gray,1.00,1.5
23S:1720,U,23S:1740,G,cWW,Gray,1.00,0.5
23S:1724,G,23S:1736,U,cWW,Gray,1.00,0.5
23S:1725,U,23S:1735,A,cWW,Gray,1.00,1
23S:1726,C,23S:1734,G,cWW,Gray,1.00,1.5
23S:1727,C,23S:1733,G,cWW,Gray,1.00,1.5
23S:1728,C,23S:1731,G,cWW,Gray,1.00,1.5
23S:1744,A,23S:1716,U,tHW,Orange,0.67,1
23S:1752,C,23S:1756,G,cWW,Gray,1.00,1.5
23S:1764,C,23S:1988,G,cWW,Gray,1.00,1.5
23S:1765,U,23S:1987,A,cWW,Gray,1.00,1
23S:1766,G,23S:1986,C,cWW,Gray,1.00,1.5
23S:1767,G,23S:1985,C,cWW,Gray,1.00,1.5
23S:1768,C,23S:1984,G,cWW,Gray,1.00,1.5
23S:1769,U,23S:1983,G,cWW,Gray,1.00,0.5
23S:1770,G,23S:1982,U,cWW,Gray,1.00,0.5
23S:1771,C,23S:1980,G,cWW,Gray,1.00,1.5
23S:1772,A,23S:1979,U,cWW,Gray,1.00,1
23S:1775,U,23S:764,A,cWH,Blue,0.67,1
23S:1776,G,23S:1788,C,cWW,Gray,1.00,1.5
23S:1777,U,23S:1787,A,cWW,Gray,1.00,1
23S:1778,U,23S:1785,A,tWH,Cyan,0.67,1
23S:1782,U,23S:2586,U,tWW,Brown,1.00,0.5
23S:1785,A,23S:1778,U,tHW,Orange,0.67,1
23S:1792,G,23S:1827,U,cWW,Gray,1.00,0.5
23S:1793,C,23S:1826,G,cWW,Gray,1.00,1.5
23S:1794,A,23S:1825,U,cWW,Gray,1.00,1
23S:1795,C,23S:1824,G,cWW,Gray,1.00,1.5
23S:1796,U,23S:1823,G,cWW,Gray,1.00,0.5
23S:1797,G,23S:1822,C,cWW,Gray,1.00,1.5
23S:1798,U,23S:1821,A,cWW,Gray,1.00,1
23S:1800,C,23S:1817,G,tWW,Brown,1.00,1.5
23S:1802,A,23S:1815,A,tHH,Green,0.33,0.5
23S:1804,C,23S:1813,G,cWW,Gray,1.00,1.5
23S:1805,A,23S:1812,U,cWW,Gray,1.00,1
23S:1806,C,23S:1811,G,cWW,Gray,1.00,1.5
23S:1830,C,23S:1975,G,cWW,Gray,1.00,1.5
23S:1831,G,23S:1974,C,cWW,Gray,1.00,1.5
23S:1832,C,23S:1973,G,cWW,Gray,1.00,1.5
23S:1833,C,23S:1972,G,cWW,Gray,1.00,1.5
23S:1834,U,23S:1970,A,cWH,Blue,0.67,1
23S:1835,G,23S:1905,C,cWW,Gray,1.00,1.5
23S:1836,C,23S:1904,G,cWW,Gray,1.00,1.5
23S:1837,C,23S:1903,G,cWW,Gray,1.00,1.5
23S:1838,C,23S:1901,A,tWH,Cyan,0.67,0.5
23S:1840,G,23S:1902,C,cWW,Gray,1.00,1.5
23S:1841,U,23S:1901,A,cWW,Gray,1.00,1
23S:1843,C,23S:1897,G,cWW,Gray,1.00,1.5
23S:1844,C,23S:1896,G,cWW,Gray,1.00,1.5
23S:1845,G,23S:1895,C,cWW,Gray,1.00,1.5
23S:1846,G,23S:1894,C,cWW,Gray,1.00,1.5
23S:1849,G,23S:1893,C,cWW,Gray,1.00,1.5
23S:1850,G,23S:1892,C,cWW,Gray,1.00,1.5
23S:1851,U,23S:1891,G,cWW,Gray,1.00,0.5
23S:1855,U,23S:1887,C,cWW,Gray,1.00,0.5
23S:1856,U,23S:1886,U,cWW,Gray,1.00,0.5
23S:1859,U,23S:1883,U,cWW,Gray,1.00,0.5
23S:1860,G,23S:1882,U,cWW,Gray,1.00,0.5
23S:1861,G,23S:1881,C,cWW,Gray,1.00,1.5
23S:1862,G,23S:1880,U,cWW,Gray,1.00,0.5
23S:1863,G,23S:1879,C,cWW,Gray,1.00,1.5
23S:1864,U,23S:1878,G,cWW,Gray,1.00,0.5
23S:1867,G,23S:1874,C,cWW,Gray,1.00,1.5
23S:1868,C,23S:1873,G,cWW,Gray,1.00,1.5
23S:1901,A,23S:1838,C,tHW,Orange,0.67,0.5
23S:1906,G,23S:1924,C,cWW,Gray,1.00,1.5
23S:1907,G,23S:1923,U,cWW,Gray,1.00,0.5
23S:1908,C,23S:1922,G,cWW,Gray,1.00,1.5
23S:1909,C,23S:1921,G,cWW,Gray,1.00,1.5
23S:1910,G,23S:1920,C,cWW,Gray,1.00,1.5
23S:1912,A,23S:1917,U,tHW,Orange,0.67,1
23S:1917,U,23S:1912,A,tWH,Cyan,0.67,1
23S:1931,U,23S:1969,A,tWH,Cyan,0.67,1
23S:1933,G,23S:1967,C,cWW,Gray,1.00,1.5
23S:1934,C,23S:1964,G,cWW,Gray,1.00,1.5
23S:1945,G,23S:1961,C,cWW,Gray,1.00,1.5
23S:1946,U,23S:1960,A,cWW,Gray,1.00,1
23S:1947,C,23S:1959,G,cWW,Gray,1.00,1.5
23S:1948,G,23S:1958,C,cWW,Gray,1.00,1.5
23S:1949,G,23S:1957,C,cWW,Gray,1.00,1.5
23S:1969,A,23S:1931,U,tHW,Orange,0.67,1
23S:1970,A,23S:1834,U,cHW,Red,0.67,1
23S:1991,U,23S:1668,A,tWH,Cyan,0.67,1
23S:2013,A,23S:1267,U,tHW,Orange,0.67,1
23S:2013,A,23S:2613,U,tWW,Brown,1.00,1
23S:2019,A,23S:2035,G,cWW,Gray,1.00,0.5
23S:2020,A,23S:2034,U,cWW,Gray,1.00,1
23S:2023,C,23S:2040,G,cWW,Gray,1.00,1.5
23S:2024,G,23S:2039,U,cWW,Gray,1.00,0.5
23S:2025,C,23S:2038,G,cWW,Gray,1.00,1.5
23S:2026,U,23S:2037,A,cWW,Gray,1.00,1
23S:2027,G,23S:2036,C,cWW,Gray,1.00,1.5
23S:2028,U,23S:2033,A,tWH,Cyan,0.67,1
23S:2033,A,23S:2028,U,tHW,Orange,0.67,1
23S:2041,U,23S:529,A,tWH,Cyan,0.67,1
23S:2043,C,23S:2625,G,cWW,Gray,1.00,1.5
23S:2044,C,23S:2624,G,cWW,Gray,1.00,1.5
23S:2045,C,23S:2623,G,cWW,Gray,1.00,1.5
23S:2046,G,23S:2622,U,cWW,Gray,1.00,0.5
23S:2047,C,23S:2621,G,cWW,Gray,1.00,1.5
23S:2048,G,23S:2620,C,cWW,Gray,1.00,1.5
23S:2049,G,23S:2619,C,cWW,Gray,1.00,1.5
23S:2050,C,23S:2618,G,cWW,Gray,1.00,1.5
23S:2052,A,23S:2617,U,cWW,Gray,1.00,1
23S:2053,G,23S:2616,C,cWW,Gray,1.00,1.5
23S:2054,A,23S:2615,U,cWW,Gray,1.00,1
23S:2054,A,23S:2577,A,tHW,Orange,0.67,0.5
23S:2056,G,23S:2612,C,cWW,Gray,1.00,1.5
23S:2057,G,23S:2611,C,cWW,Gray,1.00,1.5
23S:2064,C,23S:2446,G,cWW,Gray,1.00,1.5
23S:2065,C,23S:2445,G,cWW,Gray,1.00,1.5
23S:2066,C,23S:2444,G,cWW,Gray,1.00,1.5
23S:2067,G,23S:2443,C,cWW,Gray,1.00,1.5
23S:2068,U,23S:2430,A,tWH,Cyan,0.67,1
23S:2069,G,23S:2442,C,cWW,Gray,1.00,1.5
23S:2070,A,23S:2441,U,cWW,Gray,1.00,1
23S:2071,A,23S:2438,U,cWW,Gray,1.00,1
23S:2072,C,23S:2437,G,cWW,Gray,1.00,1.5
23S:2073,C,23S:2436,G,cWW,Gray,1.00,1.5
23S:2074,U,23S:2435,A,cWW,Gray,1.00,1
23S:2075,U,23S:2077,A,cWH,Blue,0.67,1
23S:2077,A,23S:2075,U,cHW,Red,0.67,1
23S:2077,A,23S:2243,U,cWW,Gray,1.00,1
23S:2078,C,23S:2242,G,cWW,Gray,1.00,1.5
23S:2078,C,23S:2238,G,tHH,Green,0.33,1.5
23S:2079,U,23S:2241,A,cWW,Gray,1.00,1
23S:2080,A,23S:2240,U,cWW,Gray,1.00,1
23S:2081,U,23S:2239,G,cWW,Gray,1.00,0.5
23S:2083,G,23S:2236,U,cWW,Gray,1.00,0.5
23S:2084,C,23S:2235,G,cWW,Gray,1.00,1.5
23S:2085,U,23S:2234,G,cWW,Gray,1.00,0.5
23S:2086,U,23S:2233,U,cWW,Gray,1.00,0.5
23S:2087,G,23S:2232,C,cWW,Gray,1.00,1.5
23S:2088,A,23S:2231,U,cWW,Gray,1.00,1
23S:2089,C,23S:2230,G,cWW,Gray,1.00,1.5
23S:2090,A,23S:2229,U,cWW,Gray,1.00,1
23S:2091,C,23S:2228,G,cWW,Gray,1.00,1.5
23S:2092,U,23S:2227,A,tHH,Green,0.33,1
23S:2093,G,23S:2196,C,cWW,Gray,1.00,1.5
23S:2094,A,23S:2195,U,cWW,Gray,1.00,1
23S:2095,A,23S:2194,U,cWW,Gray,1.00,1
23S:2096,C,23S:2193,G,cWW,Gray,1.00,1.5
23S:2097,A,23S:2192,U,cWW,Gray,1.00,1
23S:2098,U,23S:2191,A,cWW,Gray,1.00,1
23S:2099,U,23S:2190,G,cWW,Gray,1.00,0.5
23S:2100,G,23S:2189,U,cWW,Gray,1.00,0.5
23S:2101,A,23S:2188,U,cWW,Gray,1.00,1
23S:2102,G,23S:2187,U,cWW,Gray,1.00,0.5
23S:2103,C,23S:2186,G,cWW,Gray,1.00,1.5
23S:2106,U,23S:2183,A,cWW,Gray,1.00,1
23S:2107,G,23S:2182,U,cWW,Gray,1.00,0.5
23S:2108,A,23S:2181,U,cWW,Gray,1.00,1
23S:2109,U,23S:2180,U,cWW,Gray,1.00,0.5
23S:2110,G,23S:2179,C,cWW,Gray,1.00,1.5
23S:2121,G,23S:2177,C,cWW,Gray,1.00,1.5
23S:2123,G,23S:2175,C,cWW,Gray,1.00,1.5
23S:2124,G,23S:2174,C,cWW,Gray,1.00,1.5
23S:2128,G,23S:2160,C,cWW,Gray,1.00,1.5
23S:2129,C,23S:2159,G,cWW,Gray,1.00,1.5
23S:2138,G,23S:2153,C,cWW,Gray,1.00,1.5
23S:2139,U,23S:2152,G,cWW,Gray,1.00,0.5
23S:2141,G,23S:2150,C,cWW,Gray,1.00,1.5
23S:2143,C,23S:2148,G,cWW,Gray,1.00,1.5
23S:2197,U,23S:2225,A,tWH,Cyan,0.67,1
23S:2200,C,23S:2223,G,cWW,Gray,1.00,1.5
23S:2201,G,23S:2222,C,cWW,Gray,1.00,1.5
23S:2202,U,23S:2221,G,cWW,Gray,1.00,0.5
23S:2204,G,23S:2220,U,cWW,Gray,1.00,0.5
23S:2205,A,23S:2219,U,cWW,Gray,1.00,1
23S:2206,C,23S:2218,G,cWW,Gray,1.00,1.5
23S:2207,C,23S:2217,G,cWW,Gray,1.00,1.5
23S:2208,C,23S:2216,G,cWW,Gray,1.00,1.5
23S:2209,G,23S:2215,C,cWW,Gray,1.00,1.5
23S:2225,A,23S:2197,U,tHW,Orange,0.67,1
23S:2244,U,23S:2435,A,cWH,Blue,0.67,1
23S:2246,G,23S:2258,C,cWW,Gray,1.00,1.5
23S:2247,A,23S:2257,U,cWW,Gray,1.00,1
23S:2248,C,23S:2256,G,cWW,Gray,1.00,1.5
23S:2255,G,23S:2275,C,cWW,Gray,1.00,1.5
23S:2259,U,23S:2281,A,cWW,Gray,1.00,1
23S:2260,C,23S:2280,G,cWW,Gray,1.00,1.5
23S:2261,C,23S:2279,G,cWW,Gray,1.00,1.5
23S:2262,U,23S:2278,A,cWW,Gray,1.00,1
23S:2263,C,23S:2277,G,cWW,Gray,1.00,1.5
23S:2264,C,23S:2276,G,cWW,Gray,1.00,1.5
23S:2266,A,23S:2273,A,tHH,Green,0.33,0.5
23S:2267,A,23S:2272,U,tWW,Brown,1.00,1
23S:2282,G,23S:2427,C,cWW,Gray,1.00,1.5
23S:2283,C,23S:2325,G,cWW,Gray,1.00,1.5
23S:2284,A,23S:2384,U,cWW,Gray,1.00,1
23S:2285,C,23S:2383,G,cWW,Gray,1.00,1.5
23S:2287,A,23S:2344,U,tWW,Brown,1.00,1
23S:2289,G,23S:2343,U,cWW,Gray,1.00,0.5
23S:2290,G,23S:2342,C,cWW,Gray,1.00,1.5
23S:2291,U,23S:2341,G,cWW,Gray,1.00,0.5
23S:2292,U,23S:2340,A,cWW,Gray,1.00,1
23S:2293,G,23S:2339,C,cWW,Gray,1.00,1.5
23S:2294,G,23S:2338,C,cWW,Gray,1.00,1.5
23S:2295,C,23S:2337,G,cWW,Gray,1.00,1.5
23S:2296,U,23S:2335,A,tWH,Cyan,0.67,1
23S:2299,U,23S:2317,A,cWW,Gray,1.00,1
23S:2300,C,23S:2316,G,cWW,Gray,1.00,1.5
23S:2301,C,23S:2315,G,cWW,Gray,1.00,1.5
23S:2302,U,23S:2314,A,cWW,Gray,1.00,1
23S:2322,A,23S:2335,A,tWW,Brown,1.00,0.5
23S:2323,G,23S:2332,C,cWW,Gray,1.00,1.5
23S:2324,U,23S:2331,G,cWW,Gray,1.00,0.5
23S:2326,C,23S:2389,G,cWW,Gray,1.00,1.5
23S:2328,A,23S:2387,U,cWW,Gray,1.00,1
23S:2329,U,23S:2386,A,cWW,Gray,1.00,1
23S:2330,G,23S:2385,C,cWW,Gray,1.00,1.5
23S:2335,A,23S:2296,U,tHW,Orange,0.67,1
23S:2345,G,23S:2371,G,cHW,Red,0.67,0.5
23S:2347,C,23S:2370,G,cWW,Gray,1.00,1.5
23S:2348,U,23S:2369,A,cWW,Gray,1.00,1
23S:2349,G,23S:2382,G,cHW,Red,0.67,0.5
23S:2349,G,23S:2368,C,cWW,Gray,1.00,1.5
23S:2350,C,23S:2367,G,cWW,Gray,1.00,1.5
23S:2353,G,23S:2364,C,cWW,Gray,1.00,1.5
23S:2354,C,23S:2363,G,cWW,Gray,1.00,1.5
23S:2355,G,23S:2362,C,cWW,Gray,1.00,1.5
23S:2356,U,23S:2361,G,cWW,Gray,1.00,0.5
23S:2359,C,23S:2428,G,cWW,Gray,1.00,1.5
23S:2371,G,23S:2345,G,cWH,Blue,0.67,0.5
23S:2372,U,23S:2381,A,cWW,Gray,1.00,1
23S:2373,G,23S:2380,C,cWW,Gray,1.00,1.5
23S:2374,C,23S:2379,G,cWW,Gray,1.00,1.5
23S:2382,G,23S:2349,G,cWH,Blue,0.67,0.5
23S:2392,A,23S:2424,C,tHW,Orange,0.67,0.5
23S:2395,C,23S:2421,G,cWW,Gray,1.00,1.5
23S:2396,G,23S:2420,C,cWW,Gray,1.00,1.5
23S:2397,G,23S:2419,U,cWW,Gray,1.00,0.5
23S:2398,U,23S:2418,A,cWW,Gray,1.00,1
23S:2399,G,23S:2417,C,cWW,Gray,1.00,1.5
23S:2400,G,23S:2416,C,cWW,Gray,1.00,1.5
23S:2401,U,23S:2415,G,cWW,Gray,1.00,0.5
23S:2403,C,23S:2414,G,cWW,Gray,1.00,1.5
23S:2404,U,23S:2413,G,cWW,Gray,1.00,0.5
23S:2424,C,23S:2392,A,tWH,Cyan,0.67,0.5
23S:2430,A,23S:2068,U,tHW,Orange,0.67,1
23S:2435,A,23S:2244,U,cHW,Red,0.67,1
23S:2447,G,23S:2451,A,tHH,Green,0.33,0.5
23S:2450,A,23S:2501,C,tHW,Orange,0.67,0.5
23S:2452,C,23S:2504,U,cWW,Gray,1.00,0.5
23S:2453,A,23S:2500,U,cWW,Gray,1.00,1
23S:2454,G,23S:2498,C,cWW,Gray,1.00,1.5
23S:2455,G,23S:2496,C,cWW,Gray,1.00,1.5
23S:2456,C,23S:2495,G,cWW,Gray,1.00,1.5
23S:2457,U,23S:2494,G,cWW,Gray,1.00,0.5
23S:2459,A,23S:2493,U,cWW,Gray,1.00,1
23S:2460,U,23S:2492,U,cWW,Gray,1.00,0.5
23S:2461,A,23S:2489,U,cWW,Gray,1.00,1
23S:2462,C,23S:2488,G,cWW,Gray,1.00,1.5
23S:2463,C,23S:2487,G,cWW,Gray,1.00,1.5
23S:2464,G,23S:2486,C,cWW,Gray,1.00,1.5
23S:2465,C,23S:2485,G,cWW,Gray,1.00,1.5
23S:2466,C,23S:2484,G,cWW,Gray,1.00,1.5
23S:2470,G,23S:2480,C,cWW,Gray,1.00,1.5
23S:2471,A,23S:2479,U,cWW,Gray,1.00,1
23S:2475,C,23S:2529,G,tWW,Brown,1.00,1.5
23S:2501,C,23S:2450,A,tWH,Cyan,0.67,0.5
23S:2506,U,23S:2583,G,cWW,Gray,1.00,0.5
23S:2507,C,23S:2582,G,cWW,Gray,1.00,1.5
23S:2508,G,23S:2580,U,cWW,Gray,1.00,0.5
23S:2509,G,23S:2579,C,cWW,Gray,1.00,1.5
23S:2510,C,23S:2578,G,cWW,Gray,1.00,1.5
23S:2512,C,23S:2574,G,cWW,Gray,1.00,1.5
23S:2513,A,23S:2571,U,cWW,Gray,1.00,1
23S:2514,U,23S:2570,G,cWW,Gray,1.00,0.5
23S:2515,C,23S:2569,G,cWW,Gray,1.00,1.5
23S:2516,A,23S:2568,U,cWW,Gray,1.00,1
23S:2517,C,23S:2567,G,cWW,Gray,1.00,1.5
23S:2520,C,23S:2545,G,cWW,Gray,1.00,1.5
23S:2521,C,23S:2544,G,cWW,Gray,1.00,1.5
23S:2522,U,23S:2543,G,cWW,Gray,1.00,0.5
23S:2523,G,23S:2540,C,cWW,Gray,1.00,1.5
23S:2524,G,23S:2539,C,cWW,Gray,1.00,1.5
23S:2525,G,23S:2538,C,cWW,Gray,1.00,1.5
23S:2526,G,23S:2537,U,cWW,Gray,1.00,0.5
23S:2527,C,23S:2536,G,cWW,Gray,1.00,1.5
23S:2528,U,23S:2535,G,cWW,Gray,1.00,0.5
23S:2531,A,23S:2662,A,tWW,Brown,1.00,0.5
23S:2546,U,23S:2567,G,cWH,Blue,0.67,0.5
23S:2547,A,23S:2561,U,cWW,Gray,1.00,1
23S:2548,U,23S:2560,A,cWW,Gray,1.00,1
23S:2549,G,23S:2559,C,cWW,Gray,1.00,1.5
23S:2550,G,23S:2558,C,cWW,Gray,1.00,1.5
23S:2551,C,23S:2557,G,cWW,Gray,1.00,1.5
23S:2562,U,23S:2566,A,tWH,Cyan,0.67,1
23S:2566,A,23S:2562,U,tHW,Orange,0.67,1
23S:2567,G,23S:2546,U,cHW,Red,0.67,0.5
23S:2576,G,23S:2581,G,tHH,Green,0.33,0.5
23S:2577,A,23S:2054,A,tWH,Cyan,0.67,0.5
23S:2588,G,23S:2606,C,cWW,Gray,1.00,1.5
23S:2589,A,23S:2605,U,cWW,Gray,1.00,1
23S:2590,A,23S:2604,U,cWW,Gray,1.00,1
23S:2591,C,23S:2603,G,cWW,Gray,1.00,1.5
23S:2592,G,23S:2601,C,cWW,Gray,1.00,1.5
23S:2593,U,23S:2600,A,cWW,Gray,1.00,1
23S:2594,C,23S:2599,G,cWW,Gray,1.00,1.5
23S:2626,C,23S:2777,G,cWW,Gray,1.00,1.5
23S:2629,U,23S:10,A,tWH,Cyan,0.67,1
23S:2630,G,23S:2788,C,cWW,Gray,1.00,1.5
23S:2631,G,23S:2787,C,cWW,Gray,1.00,1.5
23S:2632,A,23S:2786,U,cWW,Gray,1.00,1
23S:2633,G,23S:2785,C,cWW,Gray,1.00,1.5
23S:2634,A,23S:2784,U,cWW,Gray,1.00,1
23S:2635,A,23S:2783,U,cWW,Gray,1.00,1
23S:2636,C,23S:2782,G,cWW,Gray,1.00,1.5
23S:2637,U,23S:2776,A,tWH,Cyan,0.67,1
23S:2640,G,23S:2774,C,cWW,Gray,1.00,1.5
23S:2641,G,23S:2773,C,cWW,Gray,1.00,1.5
23S:2642,G,23S:2772,C,cWW,Gray,1.00,1.5
23S:2643,G,23S:2771,C,cWW,Gray,1.00,1.5
23S:2646,C,23S:2674,G,cWW,Gray,1.00,1.5
23S:2647,U,23S:2673,G,cWW,Gray,1.00,0.5
23S:2648,G,23S:2672,U,cWW,Gray,1.00,0.5
23S:2649,C,23S:2671,G,cWW,Gray,1.00,1.5
23S:2650,U,23S:2670,A,cWW,Gray,1.00,1
23S:2651,C,23S:2669,G,cWW,Gray,1.00,1.5
23S:2652,C,23S:2668,G,cWW,Gray,1.00,1.5
23S:2656,U,23S:2665,A,tWH,Cyan,0.67,1
23S:2658,C,23S:2663,G,cWW,Gray,1.00,1.5
23S:2665,A,23S:2656,U,tHW,Orange,0.67,1
23S:2675,A,23S:2732,G,cWW,Gray,1.00,0.5
23S:2676,C,23S:2731,G,cWW,Gray,1.00,1.5
23S:2677,G,23S:2730,C,cWW,Gray,1.00,1.5
23S:2678,C,23S:2729,G,cWW,Gray,1.00,1.5
23S:2679,A,23S:2728,U,cWW,Gray,1.00,1
23S:2680,U,23S:2727,A,cWW,Gray,1.00,1
23S:2681,C,23S:2725,A,tWH,Cyan,0.67,0.5
23S:2684,U,23S:2725,A,cWW,Gray,1.00,1
23S:2685,G,23S:2724,U,cWW,Gray,1.00,0.5
23S:2686,G,23S:2723,C,cWW,Gray,1.00,1.5
23S:2687,U,23S:2722,G,cWW,Gray,1.00,0.5
23S:2691,C,23S:2718,G,cWW,Gray,1.00,1.5
23S:2692,G,23S:2717,C,cWW,Gray,1.00,1.5
23S:2693,G,23S:2716,C,cWW,Gray,1.00,1.5
23S:2694,G,23S:2715,C,cWW,Gray,1.00,1.5
23S:2695,U,23S:2714,G,cWW,Gray,1.00,0.5
23S:2696,U,23S:2711,A,cWW,Gray,1.00,1
23S:2697,G,23S:2710,C,cWW,Gray,1.00,1.5
23S:2698,U,23S:2709,G,cWW,Gray,1.00,0.5
23S:2699,C,23S:2708,G,cWW,Gray,1.00,1.5
23S:2700,A,23S:2707,U,cWW,Gray,1.00,1
23S:2701,U,23S:2706,A,cWW,Gray,1.00,1
23S:2720,U,23S:2873,A,cWH,Blue,0.67,1
23S:2725,A,23S:2681,C,tHW,Orange,0.67,0.5
23S:2735,G,23S:2769,U,cWW,Gray,1.00,0.5
23S:2736,A,23S:2768,U,cWW,Gray,1.00,1
23S:2737,G,23S:2767,C,cWW,Gray,1.00,1.5
23S:2738,A,23S:2766,A,cWW,Gray,1.00,0.5
23S:2739,U,23S:2764,A,tWH,Cyan,0.67,1
23S:2742,G,23S:2762,C,cWW,Gray,1.00,1.5
23S:2743,U,23S:2761,A,cWW,Gray,1.00,1
23S:2744,G,23S:2760,C,cWW,Gray,1.00,1.5
23S:2745,C,23S:2759,G,cWW,Gray,1.00,1.5
23S:2746,U,23S:2756,U,tWH,Cyan,0.67,0.5
23S:2748,A,23S:2754,U,tHW,Orange,0.67,1
23S:2749,A,23S:2753,A,tHW,Orange,0.67,0.5
23S:2753,A,23S:2749,A,tWH,Cyan,0.67,0.5
23S:2754,U,23S:2748,A,tWH,Cyan,0.67,1
23S:2756,U,23S:2758,A,cWH,Blue,0.67,1
23S:2756,U,23S:2746,U,tHW,Orange,0.67,0.5
23S:2758,A,23S:2756,U,cHW,Red,0.67,1
23S:2764,A,23S:2739,U,tHW,Orange,0.67,1
23S:2776,A,23S:2637,U,tHW,Orange,0.67,1
23S:2789,C,23S:2894,G,cWW,Gray,1.00,1.5
23S:2791,G,23S:2805,C,cWW,Gray,1.00,1.5
23S:2792,A,23S:2804,U,cWW,Gray,1.00,1
23S:2793,C,23S:2803,G,cWW,Gray,1.00,1.5
23S:2794,C,23S:2802,G,cWW,Gray,1.00,1.5
23S:2795,C,23S:2801,G,cWW,Gray,1.00,1.5
23S:2796,U,23S:2799,A,cWW,Gray,1.00,1
23S:2806,C,23S:2892,G,cWW,Gray,1.00,1.5
23S:2807,U,23S:2891,U,cWW,Gray,1.00,0.5
23S:2811,G,23S:2889,C,cWW,Gray,1.00,1.5
23S:2812,G,23S:2888,C,cWW,Gray,1.00,1.5
23S:2813,A,23S:2887,A,cWW,Gray,1.00,0.5
23S:2815,C,23S:2831,G,cWW,Gray,1.00,1.5
23S:2816,G,23S:2830,C,cWW,Gray,1.00,1.5
23S:2817,U,23S:2829,A,cWW,Gray,1.00,1
23S:2818,U,23S:2828,G,cWW,Gray,1.00,0.5
23S:2819,G,23S:2827,C,cWW,Gray,1.00,1.5
23S:2836,U,23S:2882,A,cWW,Gray,1.00,1
23S:2836,U,23S:2879,A,tHH,Green,0.33,1
23S:2837,A,23S:2881,U,cWW,Gray,1.00,1
23S:2838,G,23S:2880,C,cWW,Gray,1.00,1.5
23S:2839,G,23S:2878,U,cWW,Gray,1.00,0.5
23S:2840,C,23S:2877,G,cWW,Gray,1.00,1.5
23S:2841,C,23S:2876,G,cWW,Gray,1.00,1.5
23S:2842,G,23S:2875,C,cWW,Gray,1.00,1.5
23S:2843,G,23S:2874,C,cWW,Gray,1.00,1.5
23S:2845,U,23S:2871,U,cWW,Gray,1.00,0.5
23S:2846,G,23S:2870,C,cWW,Gray,1.00,1.5
23S:2847,U,23S:2869,G,cWW,Gray,1.00,0.5
23S:2852,G,23S:2865,U,cWW,Gray,1.00,0.5
23S:2853,C,23S:2864,G,cWW,Gray,1.00,1.5
23S:2854,G,23S:2863,C,cWW,Gray,1.00,1.5
23S:2855,C,23S:2862,G,cWW,Gray,1.00,1.5
23S:2856,A,23S:2861,U,cWW,Gray,1.00,1
23S:2873,A,23S:2720,U,cHW,Red,0.67,1
