id,Species_Name,Species_Abr,Subunit,DataSetName,MapType,Orientation,SS_Table,PDB_chains,PDB_Table,Molecule_Names,PDB_File_rRNA,PDB_File_rProtein,Jmol_Script,Jmol_Model_Num_rRNA,Jmol_Model_Num_rProtein,TextLabels,LineLabels,ProteinMenu,AlnMenu,StructDataMenu,InterActionMenu,ConservationTable
1,Escherichia coli,EC,LSU,3D-based Structure,3D-based,portrait,EC_LSU_struct,AB,EC50SPDB,23S:5S,EC_50S.pdb,EC_50S.pdb,3R8S_23s_supL2_state8.spt,1,1,EC_LSU_struct_TextLabels,EC_LSU_struct_LineLabels,L2:L2:C;L3:L3:D;L4:L4:E;L5:L5:F;L6:L6:G;L9:L9:H;L11:L11:I;L13:L13:J;L14:L14:K;L15:L15:L;L16:L16:M;L17:L17:N;L18:L18:O;L19:L19:P;L20:L20:Q;L21:L21:R;L22:L22:S;L23:L23:T;L24:L24:U;L25:L25:V;L27:L27:W;L28:L28:X;L29:L29:Y;L30:L30:Z;L32:L32:0;L33:L33:1:L34:L34:2;L35:L35:3;L36:L36:4,Shannon Entropy:Shannon_Entropy,"Rainbow:\'map_Index\';Onion:\'Onion\',OnionColors,\'1\';B factors:\'mean_tempFactor\';Domains:\'Domains_Color\',DomainColors,\'1\';Helices:\'Helix_Color\',HelixColors,\'1\',\'Helix_Num\';Mg ions, 2.4 A:\'Mg_ions_24\',BinaryColors,\'1\';Mg ions, 2.6 A:\'Mg_ions_26\',BinaryColors,\'1\';Mg ions, 6.0 A:\'Mg_ions_60\',BinaryColors,\'1\'",Base Pairs:EC_LSU_Struct_BasePairs;Base Stacking:EC_LSU_Struct_Stacking;Base Phosphate:EC_LSU_Struct_BasePhosphate;Base Sugar:EC_LSU_Struct_BaseSugar;Magnesium2.4A:EC_LSU_Struct_NMN;Protein Interactions:EC_LSU_Struct_NPN,EC_LSU_Struct_ConservationTable
2,Escherichia coli,EC,LSU,Covariational Structure,Covariational,landscape,EC_LSU_phylo,AB,EC50SPDB,23S:5S,EC_50S.pdb,EC_50S.pdb,3R8S_23s_supL2_state8_d6.spt,1,1,EC_LSU_phylo_TextLabels,EC_LSU_phylo_LineLabels,L2:L2:C;L3:L3:D;L4:L4:E;L5:L5:F;L6:L6:G;L9:L9:H;L11:L11:I;L13:L13:J;L14:L14:K;L15:L15:L;L16:L16:M;L17:L17:N;L18:L18:O;L19:L19:P;L20:L20:Q;L21:L21:R;L22:L22:S;L23:L23:T;L24:L24:U;L25:L25:V;L27:L27:W;L28:L28:X;L29:L29:Y;L30:L30:Z;L32:L32:0;L33:L33:1:L34:L34:2;L35:L35:3;L36:L36:4,Shannon Entropy:Shannon_Entropy,"Rainbow:\'map_Index\';Onion:\'Onion\',OnionColors,\'1\';B factors:\'mean_tempFactor\';Domains:\'Domains_Color\',DomainColors,\'1\';Helices:\'Helix_Color\',HelixColors,\'1\',\'Helix_Num\';Mg ions, 2.4 A:\'Mg_ions_24\',BinaryColors,\'1\';Mg ions, 2.6 A:\'Mg_ions_26\',BinaryColors,\'1\';Mg ions, 6.0 A:\'Mg_ions_60\',BinaryColors,\'1\'",Base Pairs:EC_LSU_Phylo_BasePairs;Base Stacking:EC_LSU_Phylo_Stacking;Base Phosphate:EC_LSU_Phylo_BasePhosphate;Base Sugar:EC_LSU_Phylo_BaseSugar;Magnesium2.4A:EC_LSU_Phylo_NMN;Protein Interactions:EC_LSU_Phylo_NPN,EC_LSU_Phylo_ConservationTable
3,Escherichia coli,EC,SSU,3D-based Structure,3D-based,portrait,EC_SSU_Struct,A,EC30SPDB,16S,EC_30S.pdb,EC_30S.pdb,3R8S_23s_supL2_state8_d6.spt,2,2,EC_SSU_struct_TextLabels,EC_SSU_struct_LineLabels,S2:S2:B;S3:S3:C;S4:S4:D;S5:S5:E;S6:S6:F;S7:S7:G;S8:S8:H;S9:S9:I;S10:S10:J;S11:S11:K;S12:S12:L;S13:S13:M;S14:S14:N;S15:S15:O;S16:S16:P;S17:S17:Q;S18:S18:R;S19:S19:S;S20:S20:T;S21:S21:U,Shannon Entropy:Shannon_Entropy,"Rainbow:\'map_Index\';Onion:\'Onion\',OnionColors,\'1\';B factors:\'mean_tempFactor\';Domains:\'Domains_Color\',DomainColors,\'1\';Helices:\'Helix_Color\',HelixColors,\'1\',\'Helix_Num\';Mg ions, 2.4 A:\'Mg_ions_24\',BinaryColors,\'1\';Mg ions, 2.6 A:\'Mg_ions_26\',BinaryColors,\'1\';Mg ions, 6.0 A:\'Mg_ions_60\',BinaryColors,\'1\'",Base Pairs:EC_SSU_Struct_BasePairs;Base Stacking:EC_SSU_Struct_Stacking;Base Phosphate:EC_SSU_Struct_BasePhosphate;Base Sugar:EC_SSU_Struct_BaseSugar;Magnesium2.4A:EC_SSU_Struct_NMN;Protein Interactions:EC_SSU_Struct_NPN,EC_SSU_Struct_ConservationTable
4,Thermus thermophilus,TT,LSU,3D-based Structure,3D-based,portrait,TT_LSU_struct,AB,TT50SPDB,23S:5S,2J01_23s_supMethod2_vis1_fixed.pdb,2J01_23s_supMethod2_vis1_fixed.pdb,2j01_23s_supMethod2_state8.spt,1,1,TT_LSU_struct_TextLabels,TT_LSU_struct_LineLabels,L1:L1:C;L2:L2:D;L3:L3:E;L4:L4:F;L5:L5:G;L6:L6:H;L9:L9:I;L14:L14:O;L15:L15:P;L16:L16:Q;L17:L17:R;L18:L18:S;L19:L19:T;L20:L20:U;L21:L21:V;L22:L22:W;L23:L23:X;L24:L24:Y;L25:L25:Z;L27:L27:0;L28:L28:1;L29:L29:2;L30:L30:3;L31:L31:4;L32:L32:5;L33:L33:6;L34:L34:7;L35:L35:8,Shannon Entropy:Shannon_Entropy,"Rainbow:\'map_Index\';Onion:\'Onion\',OnionColors,\'1\';B factors:\'mean_tempFactor\';Domains:\'Domains_Color\',DomainColors,\'1\';Helices:\'Helix_Color\',HelixColors,\'1\',\'Helix_Num\';Mg ions, 2.4 A:\'Mg_ions_24\',BinaryColors,\'1\';Mg ions, 2.6 A:\'Mg_ions_26\',BinaryColors,\'1\';Mg ions, 6.0 A:\'Mg_ions_60\',BinaryColors,\'1\'",Base Pairs:TT_LSU_Struct_BasePairs;Base Stacking:TT_LSU_Struct_Stacking;Base Phosphate:TT_LSU_Struct_BasePhosphate;Base Sugar:TT_LSU_Struct_BaseSugar;Magnesium2.4A:TT_LSU_Struct_NMN;Protein Interactions:TT_LSU_Struct_NPN,TT_LSU_Struct_ConservationTable
5,Thermus thermophilus,TT,LSU,Covariational Structure,Covariational,landscape,TT_LSU_phylo,AB,TT50SPDB,23S:5S,2J01_23s_supMethod2_vis1_fixed.pdb,2J01_23s_supMethod2_vis1_fixed.pdb,2j01_23s_supMethod2_state8_d6.spt,1,1,TT_LSU_phylo_TextLabels,TT_LSU_phylo_LineLabels,L1:L1:C;L2:L2:D;L3:L3:E;L4:L4:F;L5:L5:G;L6:L6:H;L9:L9:I;L14:L14:O;L15:L15:P;L16:L16:Q;L17:L17:R;L18:L18:S;L19:L19:T;L20:L20:U;L21:L21:V;L22:L22:W;L23:L23:X;L24:L24:Y;L25:L25:Z;L27:L27:0;L28:L28:1;L29:L29:2;L30:L30:3;L31:L31:4;L32:L32:5;L33:L33:6;L34:L34:7;L35:L35:8,Shannon Entropy:Shannon_Entropy,"Rainbow:\'map_Index\';Onion:\'Onion\',OnionColors,\'1\';B factors:\'mean_tempFactor\';Domains:\'Domains_Color\',DomainColors,\'1\';Helices:\'Helix_Color\',HelixColors,\'1\',\'Helix_Num\';Mg ions, 2.4 A:\'Mg_ions_24\',BinaryColors,\'1\';Mg ions, 2.6 A:\'Mg_ions_26\',BinaryColors,\'1\';Mg ions, 6.0 A:\'Mg_ions_60\',BinaryColors,\'1\'",Base Pairs:TT_LSU_Phylo_BasePairs;Base Stacking:TT_LSU_Phylo_Stacking;Base Phosphate:TT_LSU_Phylo_BasePhosphate;Base Sugar:TT_LSU_Phylo_BaseSugar;Magnesium2.4A:TT_LSU_Phylo_NMN;Protein Interactions:TT_LSU_Phylo_NPN,TT_LSU_Phylo_ConservationTable
6,Thermus thermophilus,TT,SSU,3D-based Structure,3D-based,portrait,TT_SSU_Struct,A,TT30SPDB,16S,2J00_16s_supMethod2_vis1_fixed.pdb,2J00_16s_supMethod2_vis1_fixed.pdb,2j01_23s_supMethod2_state8_d6.spt,2,2,TT_SSU_struct_TextLabels,TT_SSU_struct_LineLabels,S2:S2:B;S3:S3:C;S4:S4:D;S5:S5:E;S6:S6:F;S7:S7:G;S8:S8:H;S9:S9:I;S10:S10:J;S11:S11:K;S12:S12:L;S13:S13:M;S14:S14:N;S15:S15:O;S16:S16:P;S17:S17:Q;S18:S18:R;S19:S19:S;S20:S20:T;THX:THX:U,Shannon Entropy:Shannon_Entropy,"Rainbow:\'map_Index\';Onion:\'Onion\',OnionColors,\'1\';B factors:\'mean_tempFactor\';Domains:\'Domains_Color\',DomainColors,\'1\';Helices:\'Helix_Color\',HelixColors,\'1\',\'Helix_Num\';Mg ions, 2.4 A:\'Mg_ions_24\',BinaryColors,\'1\';Mg ions, 2.6 A:\'Mg_ions_26\',BinaryColors,\'1\';Mg ions, 6.0 A:\'Mg_ions_60\',BinaryColors,\'1\'",Base Pairs:TT_SSU_Struct_BasePairs;Base Stacking:TT_SSU_Struct_Stacking;Base Phosphate:TT_SSU_Struct_BasePhosphate;Base Sugar:TT_SSU_Struct_BaseSugar;Magnesium2.4A:TT_SSU_Struct_NMN;Protein Interactions:TT_SSU_Struct_NPN,TT_SSU_Struct_ConservationTable
7,Haloarcula marismortui,HM,LSU,3D-based Structure,3D-based,portrait,HM_LSU_struct,09,HM50SPDB,23S:5S,1JJ2_23s_supMethod2_vis1_fixed.pdb,1JJ2_23s_supMethod2_vis1_fixed.pdb,1jj2_23s_supMethod2_state7.spt,1,1,HM_LSU_struct_TextLabels,HM_LSU_struct_LineLabels,L2:L2:A;L3:L3:B;L4:L4:C;L5:L5:D;L6:L6:E;7AE:7AE:F;L10:L10:G;L10E:L10E:H;L13:L13:I;L14:L14:J;L15:L15:K;L15E:L15E:L;L18:L18:M;L18E:L18E:N;L19E:L19E:O;L21E:L21E:P;L22:L22:Q;L23:L23:R;L24:L24:S;L24E:L24E:T;L29:L29:U;L30:L30:V;L31E:L31E:W;L32E:L32E:X;L37Ae:L37Ae:Y;L37E:L37E:Z;L39E:L39E:1;L44E:L44E:2,Shannon Entropy:Shannon_Entropy,"Rainbow:\'map_Index\';Onion:\'Onion\',OnionColors,\'1\';B factors:\'mean_tempFactor\';Domains:\'Domains_Color\',DomainColors,\'1\';Helices:\'Helix_Color\',HelixColors,\'1\',\'Helix_Num\';Mg ions, 2.4 A:\'Mg_ions_24\',BinaryColors,\'1\';Mg ions, 2.6 A:\'Mg_ions_26\',BinaryColors,\'1\';Mg ions, 6.0 A:\'Mg_ions_60\',BinaryColors,\'1\'",Base Pairs:HM_LSU_Struct_BasePairs;Base Stacking:HM_LSU_Struct_Stacking;Base Phosphate:HM_LSU_Struct_BasePhosphate;Base Sugar:HM_LSU_Struct_BaseSugar;Magnesium2.4A:HM_LSU_Struct_NMN;Protein Interactions:HM_LSU_Struct_NPN,HM_LSU_Struct_ConservationTable
8,Haloarcula marismortui,HM,LSU,Covariational Structure,Covariational,landscape,HM_LSU_phylo,09,HM50SPDB,23S:5S,1JJ2_23s_supMethod2_vis1_fixed.pdb,1JJ2_23s_supMethod2_vis1_fixed.pdb,1jj2_23s_supMethod2_state7_d6.spt,1,1,HM_LSU_phylo_TextLabels,HM_LSU_phylo_LineLabels,L2:L2:A;L3:L3:B;L4:L4:C;L5:L5:D;L6:L6:E;7AE:7AE:F;L10:L10:G;L10E:L10E:H;L13:L13:I;L14:L14:J;L15:L15:K;L15E:L15E:L;L18:L18:M;L18E:L18E:N;L19E:L19E:O;L21E:L21E:P;L22:L22:Q;L23:L23:R;L24:L24:S;L24E:L24E:T;L29:L29:U;L30:L30:V;L31E:L31E:W;L32E:L32E:X;L37Ae:L37Ae:Y;L37E:L37E:Z;L39E:L39E:1;L44E:L44E:2,Shannon Entropy:Shannon_Entropy,"Rainbow:\'map_Index\';Onion:\'Onion\',OnionColors,\'1\';B factors:\'mean_tempFactor\';Domains:\'Domains_Color\',DomainColors,\'1\';Helices:\'Helix_Color\',HelixColors,\'1\',\'Helix_Num\';Mg ions, 2.4 A:\'Mg_ions_24\',BinaryColors,\'1\';Mg ions, 2.6 A:\'Mg_ions_26\',BinaryColors,\'1\';Mg ions, 6.0 A:\'Mg_ions_60\',BinaryColors,\'1\'",Base Pairs:HM_LSU_Phylo_BasePairs;Base Stacking:HM_LSU_Phylo_Stacking;Base Phosphate:HM_LSU_Phylo_BasePhosphate;Base Sugar:HM_LSU_Phylo_BaseSugar;Magnesium2.4A:HM_LSU_Phylo_NMN;Protein Interactions:HM_LSU_Phylo_NPN,HM_LSU_Phylo_ConservationTable
9,Saccharomyces cerevisiae,SC,LSU,3D-based Structure,3D-based,portrait,SC_LSU_Struct,143,SC60SPDB,25S:5.8S:5S,3U5D.pdb,3U5E.pdb,Yeast_supL2_state8.spt,1,3,SC_LSU_Struct_TextLabels,SC_LSU_Struct_LineLabels,L2(L2):L2A:A;L3(L3):L3:B;L4(L4):L4A:C;L18(L5):L5:D;L6e(L6):L6A:E;L30(L7):L7A:F;L8e(L8):L8A:G;L6(L9):L9A:H;L16(L10):L10:I;L5(L11):L11A:J;L13e(L13):L13A:L;L14e(L14):L14A:M;L15e(L15):L15A:N;L13(L16):L16AB:O;L22(L17):L17A:P;L18e(L18):L18A:Q;L19e(L19):L19A:R;L20e(L20):L20A:S;L21e(L21):L21A:T;L22e(L22):L22A:U;L14(L23):L23A:V;L24e(L24):L24A:W;L23(L25):L25:X;L24(L26):L26A:Y;L27e(L27):L27A:Z;L15(L28):L28:a;L29e(L29):L29:b;L30e(L30):L30:c;L31e(L31):L31A:d;L32e(L32):L32:e;L33e(L33):L33A:f;L34e(L34):L34A:g;L29(L35):L35A:h;L36e(L36):L36A:i;L37e(L37):L37A:j;L38e(L38):L38:k;L39e(L39):L39:l;L40e(L40):L40:m;L41e(L41):L41A:n;L42e(L42):L42A:o;L43e(L43):L43A:p,Shannon Entropy:Shannon_Entropy,"Rainbow:\'map_Index\';Onion:\'Onion\',OnionColors,\'1\';B factors:\'mean_tempFactor\';Domains:\'Domains_Color\',DomainColors,\'1\';Helices:\'Helix_Color\',HelixColors,\'1\',\'Helix_Num\';Mg ions, 2.4 A:\'Mg_ions_24\',BinaryColors,\'1\';Mg ions, 2.6 A:\'Mg_ions_26\',BinaryColors,\'1\';Mg ions, 6.0 A:\'Mg_ions_60\',BinaryColors,\'1\'",Base Pairs:SC_LSU_Struct_BasePairs;Base Stacking:SC_LSU_Struct_Stacking;Base Phosphate:SC_LSU_Struct_BasePhosphate;Base Sugar:SC_LSU_Struct_BaseSugar;Magnesium2.4A:SC_LSU_Struct_NMN;Protein Interactions:SC_LSU_Struct_NPN,SC_LSU_Struct_ConservationTable
10,Saccharomyces cerevisiae,SC,LSU,Covariational Structure,Covariational,landscape,SC_LSU_Phylo,143,SC60SPDB,25S:5.8S:5S,3U5D.pdb,3U5E.pdb,Yeast_supL2_state8_d6.spt,1,3,SC_LSU_Phylo_TextLabels,SC_LSU_Phylo_LineLabels,L2(L2):L2A:A;L3(L3):L3:B;L4(L4):L4A:C;L18(L5):L5:D;L6e(L6):L6A:E;L30(L7):L7A:F;L8e(L8):L8A:G;L6(L9):L9A:H;L16(L10):L10:I;L5(L11):L11A:J;L13e(L13):L13A:L;L14e(L14):L14A:M;L15e(L15):L15A:N;L13(L16):L16AB:O;L22(L17):L17A:P;L18e(L18):L18A:Q;L19e(L19):L19A:R;L20e(L20):L20A:S;L21e(L21):L21A:T;L22e(L22):L22A:U;L14(L23):L23A:V;L24e(L24):L24A:W;L23(L25):L25:X;L24(L26):L26A:Y;L27e(L27):L27A:Z;L15(L28):L28:a;L29e(L29):L29:b;L30e(L30):L30:c;L31e(L31):L31A:d;L32e(L32):L32:e;L33e(L33):L33A:f;L34e(L34):L34A:g;L29(L35):L35A:h;L36e(L36):L36A:i;L37e(L37):L37A:j;L38e(L38):L38:k;L39e(L39):L39:l;L40e(L40):L40:m;L41e(L41):L41A:n;L42e(L42):L42A:o;L43e(L43):L43A:p,Shannon Entropy:Shannon_Entropy,"Rainbow:\'map_Index\';Onion:\'Onion\',OnionColors,\'1\';B factors:\'mean_tempFactor\';Domains:\'Domains_Color\',DomainColors,\'1\';Helices:\'Helix_Color\',HelixColors,\'1\',\'Helix_Num\';Mg ions, 2.4 A:\'Mg_ions_24\',BinaryColors,\'1\';Mg ions, 2.6 A:\'Mg_ions_26\',BinaryColors,\'1\';Mg ions, 6.0 A:\'Mg_ions_60\',BinaryColors,\'1\'",Base Pairs:SC_LSU_Struct_BasePairs;Base Stacking:SC_LSU_Struct_Stacking;Base Phosphate:SC_LSU_Struct_BasePhosphate;Base Sugar:SC_LSU_Struct_BaseSugar;Magnesium2.4A:SC_LSU_Struct_NMN;Protein Interactions:SC_LSU_Struct_NPN,SC_LSU_Phylo_ConservationTable
11,Saccharomyces cerevisiae,SC,SSU,3D-based Structure,3D-based,portrait,SC_SSU_Struct,2,SC40SPDB,18S,3U5B.pdb,3U5C.pdb,Yeast_supL2_state8_d6.spt,2,4,SC_SSU_Struct_TextLabels,SC_SSU_Struct_LineLabels,S2(S0):S0A:A;S1e(S1):S1A:B;S5(S2):S2:C;S3(S3):S3:D;S4e(S4):S4A:E;S7(S5):S5:F;S6e(S6):S6A:G;S7e(S7):S7A:H;S8e(S8):S8A:I;S4(S9):S9A:J;S10e(S10):S10A:K;S17(S11):S11A:L;S12e(S12):S12:M;S15(S13):S13:N;S11(S14):S14A:O;S19(S15):S15:P;S9(S16):S16A:Q;S17e(S17):S17A:R;S13(S18):S18A:S;S19e(S19):S19A:T;S10(S20):S20:U;S21e(S21):S21A:V;S8(S22):S22A:W;S12(S23):S23A:X;S24e(S24):S24A:Y;S25e(S25):S25A:Z;S26e(S26):S26A:a;S27e(S27):S27A:b;S28e(S28):S28A:c;S14(S29):S29A:d;S30e(S30):S30A:e;S31e(S31):S31:f,Shannon Entropy:Shannon_Entropy,"Rainbow:\'map_Index\';Onion:\'Onion\',OnionColors,\'1\';B factors:\'mean_tempFactor\';Domains:\'Domains_Color\',DomainColors,\'1\';Helices:\'Helix_Color\',HelixColors,\'1\',\'Helix_Num\';Mg ions, 2.4 A:\'Mg_ions_24\',BinaryColors,\'1\';Mg ions, 2.6 A:\'Mg_ions_26\',BinaryColors,\'1\';Mg ions, 6.0 A:\'Mg_ions_60\',BinaryColors,\'1\'",Base Pairs:SC_SSU_Struct_BasePairs;Base Stacking:SC_SSU_Struct_Stacking;Base Phosphate:SC_SSU_Struct_BasePhosphate;Base Sugar:SC_SSU_Struct_BaseSugar;Magnesium2.4A:SC_SSU_Struct_NMN;Protein Interactions:SC_SSU_Struct_NPN,SC_SSU_Struct_ConservationTable
