id,Species_Name,Species_Abr,Subunit,DataSetName,MapType,Orientation,SS_Table,PDB_chains,Molecule_Names,PDB_chains_rProtein,Molecule_Names_rProtein,PDB_File_rRNA,PDB_File_rProtein,Jmol_Script,Jmol_Model_Num_rRNA,Jmol_Model_Num_rProtein,TextLabels,LineLabels,ProteinMenu,AlnMenu,StructDataMenu,InterActionMenu,ConservationTable
1,Drosophila melanogaster,DM,LSU,Phylogeny Structure,Phylogeny-based,landscape,DM_LSU_Phylo,5879,28S:5.8S:5S:2S,ABCJHEGKOLVMaNIDQRSTPUXYWZrhbFcdefgijklmnpoqz,L8:L3:L4:L11:L9:L6:L7A:L12:L13A:L13:L23:L14:L27A:L15:L10:L5:L18:L19:L18A:L21:L17:L22:L23A:L26:L24:L27:L28:L35:L29:L7:L30:L31:L32:L35A:L34A:L36:L37A1:L38:L39:L40:L41:L37A:L36A:P0:L10a,DM_60S_rRNA.pdb,DM_60S_rProteins.pdb,DM_LSU_SSU_d6.spt,1,3,,,L2(L8):L8:A;L3(L3):L3:B;L4(L4):L4:C;L5(L11):L11:J;L6(L9):L9:H;L6e(L6):L6:E;L8e(L7A):L7A:G;L11(L12):L12:K;L13(L13A):L13A:O;L13e(L13):L13:L;L14(L23):L23:V;L14e(L14):L14:M;L15(L27A):L27A:a;L15e(L15):L15:N;L16(L10):L10:I;L18(L5):L5:D;L18e(L18):L18:Q;L19e(L19):L19:R;L20e(L18A):L18A:S;L21e(L21):L21:T;L22(L17):L17:P;L22e(L22):L22:U;L23(L23A):L23A:X;L24(L26):L26:Y;L24e(L24):L24:W;L27e(L27):L27:Z;L28e(L28):L28:r;L29(L35):L35:h;L29e(L29):L29:b;L30(L7):L7:F;L30e(L30):L30:c;L31e(L31):L31:d;L32e(L32):L32:e;L33e(L35A):L35A:f;L34e(L34A):L34A:g;L36e(L36):L36:i;L37e(L37A1):L37A1:j;L38e(L38):L38:k;L39e(L39):L39:l;L40e(L40):L40:m;L41e(L41):L41:n;L43e(L37A):L37A:p;L44e(L36A):L36A:o; P0(P0):P0:q;L1(L10a):L10a:z,,"None:\'""""'\;Rainbow:\'map_Index\';Onion:\'Onion\',OnionColors,\'1\';FineOnion:\'FineOnion\'';B factors:\'mean_tempFactor\';Domains:\'Domains_Color\',DomainColors,\'1\'",Protein Interactions:DM_LSU_Phylo_NPN,
2,Drosophila melanogaster,DM,SSU,Phylogeny Structure,Phylogeny-based,portrait,DM_SSU_Phylo,2,18S,BADJECGFHWIQKOXMSdNLRPTVYZabcefh,S3A:SA:S3:S9:S4:S2:S6:S5A:S7:S15A:S8:S16:S10A:S14:S23:S12:S18:S29:S13:S11:S17:S15:S19A:S21:S24:S25:S26:S27:S28:S30:S27A:Vlg2,DM_40S_rRNA.pdb,DM_40S_rProteins.pdb,DM_LSU_SSU_d6.spt,2,4,,,S1e(S3A):S3A:B;S2(SA):SA:A;S3(S3):S3:D;S4(S9):S9:J;S4e(S4):S4:E;S5(S2):S2:C;S6e(S6):S6:G;S7(S5A):S5A:F;S7e(S7):S7:H;S8(S15A):S15A:W;S8e(S8):S8:I;S9(S16):S16:Q;S10e(S10A):S10A:K;S11(S14):S14:O;S12(S23):S23:X;S12e(S12):S12:M;S13(S18):S18:S;S14(S29):S29:d;S15(S13):S13:N;S17(S11):S11:L;S17e(S17):S17:R;S19(S15):S15:P;S19e(S19A):S19A:T;S21e(S21):S21:V;S24e(S24):S24:Y;S25e(S25):S25:Z;S26e(S26):S26:a;S27e(S27):S27:b;S28e(S28):S28:c;S30e(S30):S30:e;S31e(S27A):S27A:f;Vlg2(Vlg2):Vlg2:h,,"None:\'""""'\;Rainbow:\'map_Index\';Onion:\'Onion\',OnionColors,\'1\';FineOnion:\'FineOnion\'';B factors:\'mean_tempFactor\';Domains:\'Domains_Color\',DomainColors,\'1\'",Protein Interactions:DM_SSU_Phylo_NPN,
3,Escherichia coli,EC,LSU,<b>3D-based Structure</b> (recommended),3D-based,portrait,EC_LSU_3D,AB,23S:5S,,,EC_50S.pdb,EC_50S.pdb,EC_LSU_SSU.spt,1,1,EC_LSU_3D_TextLabels,EC_LSU_3D_LineLabels,L2:L2:C;L3:L3:D;L4:L4:E;L5:L5:F;L6:L6:G;L9:L9:H;L11:L11:I;L13:L13:J;L14:L14:K;L15:L15:L;L16:L16:M;L17:L17:N;L18:L18:O;L19:L19:P;L20:L20:Q;L21:L21:R;L22:L22:S;L23:L23:T;L24:L24:U;L25:L25:V;L27:L27:W;L28:L28:X;L29:L29:Y;L30:L30:Z;L32:L32:0;L33:L33:1:L34:L34:2;L35:L35:3;L36:L36:4,Shannon Entropy:Shannon_Entropy,"None:\'""""'\;Rainbow:\'map_Index\';Onion:\'Onion\',OnionColors,\'1\';B factors:\'mean_tempFactor\';Domains:\'Domains_Color\',DomainColors,\'1\';Helices:\'Helix_Color\',HelixColors,\'1\',\'Helix_Num\';Mg ions, 2.4 Å:\'Mg_ions_24\',BinaryColors,\'1\';Mg ions, 2.6 Å:\'Mg_ions_26\',BinaryColors,\'1\';Mg ions, 6.0 Å:\'Mg_ions_60\',BinaryColors,\'1\'",Base Pairs:EC_LSU_3D_BasePairs;Base Stacking:EC_LSU_3D_Stacking;Base Phosphate:EC_LSU_3D_BasePhosphate;Base Sugar:EC_LSU_3D_BaseSugar;Magnesium2.4A:EC_LSU_3D_NMN;Protein Interactions:EC_LSU_3D_NPN,EC_LSU_3D_ConservationTable
4,Escherichia coli,EC,LSU,Phylogeny Structure,Phylogeny-based,landscape,EC_LSU_Phylo,AB,23S:5S,,,EC_50S.pdb,EC_50S.pdb,EC_LSU_SSU_d6.spt,1,1,EC_LSU_Phylo_TextLabels,EC_LSU_Phylo_LineLabels,L2:L2:C;L3:L3:D;L4:L4:E;L5:L5:F;L6:L6:G;L9:L9:H;L11:L11:I;L13:L13:J;L14:L14:K;L15:L15:L;L16:L16:M;L17:L17:N;L18:L18:O;L19:L19:P;L20:L20:Q;L21:L21:R;L22:L22:S;L23:L23:T;L24:L24:U;L25:L25:V;L27:L27:W;L28:L28:X;L29:L29:Y;L30:L30:Z;L32:L32:0;L33:L33:1:L34:L34:2;L35:L35:3;L36:L36:4,Shannon Entropy:Shannon_Entropy,"None:\'""""'\;Rainbow:\'map_Index\';Onion:\'Onion\',OnionColors,\'1\';B factors:\'mean_tempFactor\';Domains:\'Domains_Color\',DomainColors,\'1\';Helices:\'Helix_Color\',HelixColors,\'1\',\'Helix_Num\';Mg ions, 2.4 Å:\'Mg_ions_24\',BinaryColors,\'1\';Mg ions, 2.6 Å:\'Mg_ions_26\',BinaryColors,\'1\';Mg ions, 6.0 Å:\'Mg_ions_60\',BinaryColors,\'1\'",Base Pairs:EC_LSU_Phylo_BasePairs;Base Stacking:EC_LSU_Phylo_Stacking;Base Phosphate:EC_LSU_Phylo_BasePhosphate;Base Sugar:EC_LSU_Phylo_BaseSugar;Magnesium2.4A:EC_LSU_Phylo_NMN;Protein Interactions:EC_LSU_Phylo_NPN,EC_LSU_Phylo_ConservationTable
5,Escherichia coli,EC,SSU,<b>3D-based Structure</b> (recommended),3D-based,portrait,EC_SSU_3D,A,16S,,,EC_30S.pdb,EC_30S.pdb,EC_LSU_SSU.spt,2,2,EC_SSU_3D_TextLabels,EC_SSU_3D_LineLabels,S2:S2:B;S3:S3:C;S4:S4:D;S5:S5:E;S6:S6:F;S7:S7:G;S8:S8:H;S9:S9:I;S10:S10:J;S11:S11:K;S12:S12:L;S13:S13:M;S14:S14:N;S15:S15:O;S16:S16:P;S17:S17:Q;S18:S18:R;S19:S19:S;S20:S20:T;S21:S21:U,Shannon Entropy:Shannon_Entropy,"None:\'""""'\;Rainbow:\'map_Index\';Onion:\'Onion\',OnionColors,\'1\';B factors:\'mean_tempFactor\';Domains:\'Domains_Color\',DomainColors,\'1\';Helices:\'Helix_Color\',HelixColors,\'1\',\'Helix_Num\';Mg ions, 2.4 Å:\'Mg_ions_24\',BinaryColors,\'1\';Mg ions, 2.6 Å:\'Mg_ions_26\',BinaryColors,\'1\';Mg ions, 6.0 Å:\'Mg_ions_60\',BinaryColors,\'1\'",Base Pairs:EC_SSU_3D_BasePairs;Base Stacking:EC_SSU_3D_Stacking;Base Phosphate:EC_SSU_3D_BasePhosphate;Base Sugar:EC_SSU_3D_BaseSugar;Magnesium2.4A:EC_SSU_3D_NMN;Protein Interactions:EC_SSU_3D_NPN,EC_SSU_3D_ConservationTable
6,Escherichia coli,EC,SSU,Phylogeny Structure,Phylogeny-based,portrait,EC_SSU_Phylo,A,16S,,,EC_30S.pdb,EC_30S.pdb,EC_LSU_SSU_d6.spt,2,2,EC_SSU_Phylo_TextLabels,EC_SSU_Phylo_LineLabels,S2:S2:B;S3:S3:C;S4:S4:D;S5:S5:E;S6:S6:F;S7:S7:G;S8:S8:H;S9:S9:I;S10:S10:J;S11:S11:K;S12:S12:L;S13:S13:M;S14:S14:N;S15:S15:O;S16:S16:P;S17:S17:Q;S18:S18:R;S19:S19:S;S20:S20:T;S21:S21:U,Shannon Entropy:Shannon_Entropy,"None:\'""""'\;Rainbow:\'map_Index\';Onion:\'Onion\',OnionColors,\'1\';B factors:\'mean_tempFactor\';Domains:\'Domains_Color\',DomainColors,\'1\';Helices:\'Helix_Color\',HelixColors,\'1\',\'Helix_Num\';Mg ions, 2.4 Å:\'Mg_ions_24\',BinaryColors,\'1\';Mg ions, 2.6 Å:\'Mg_ions_26\',BinaryColors,\'1\';Mg ions, 6.0 Å:\'Mg_ions_60\',BinaryColors,\'1\'",Base Pairs:EC_SSU_Phylo_BasePairs;Base Stacking:EC_SSU_Phylo_Stacking;Base Phosphate:EC_SSU_Phylo_BasePhosphate;Base Sugar:EC_SSU_Phylo_BaseSugar;Magnesium2.4A:EC_SSU_Phylo_NMN;Protein Interactions:EC_SSU_Phylo_NPN,EC_SSU_Phylo_ConservationTable
7,Haloarcula marismortui,HM,LSU,<b>3D-based Structure</b> (recommended),3D-based,portrait,HM_LSU_3D,90,5S:23S,,,HM_50S.pdb,HM_50S.pdb,HM_LSU.spt,1,1,HM_LSU_3D_TextLabels,HM_LSU_3D_LineLabels,L2:L2:A;L3:L3:B;L4:L4:C;L5:L5:D;L6:L6:E;7AE:7AE:F;L10:L10:G;L10E:L10E:H;L13:L13:I;L14:L14:J;L15:L15:K;L15E:L15E:L;L18:L18:M;L18E:L18E:N;L19E:L19E:O;L21E:L21E:P;L22:L22:Q;L23:L23:R;L24:L24:S;L24E:L24E:T;L29:L29:U;L30:L30:V;L31E:L31E:W;L32E:L32E:X;L37Ae:L37Ae:Y;L37E:L37E:Z;L39E:L39E:1;L44E:L44E:2,Shannon Entropy:Shannon_Entropy,"None:\'""""'\;Rainbow:\'map_Index\';Onion:\'Onion\',OnionColors,\'1\';B factors:\'mean_tempFactor\';Domains:\'Domains_Color\',DomainColors,\'1\';Helices:\'Helix_Color\',HelixColors,\'1\',\'Helix_Num\';Mg ions, 2.4 Å:\'Mg_ions_24\',BinaryColors,\'1\';Mg ions, 2.6 Å:\'Mg_ions_26\',BinaryColors,\'1\';Mg ions, 6.0 Å:\'Mg_ions_60\',BinaryColors,\'1\'",Base Pairs:HM_LSU_3D_BasePairs;Base Stacking:HM_LSU_3D_Stacking;Base Phosphate:HM_LSU_3D_BasePhosphate;Base Sugar:HM_LSU_3D_BaseSugar;Magnesium2.4A:HM_LSU_3D_NMN;Protein Interactions:HM_LSU_3D_NPN,HM_LSU_3D_ConservationTable
8,Haloarcula marismortui,HM,LSU,Phylogeny Structure,Phylogeny-based,landscape,HM_LSU_Phylo,90,5S:23S,,,HM_50S.pdb,HM_50S.pdb,HM_LSU_d6.spt,1,1,HM_LSU_Phylo_TextLabels,HM_LSU_Phylo_LineLabels,L2:L2:A;L3:L3:B;L4:L4:C;L5:L5:D;L6:L6:E;7AE:7AE:F;L10:L10:G;L10E:L10E:H;L13:L13:I;L14:L14:J;L15:L15:K;L15E:L15E:L;L18:L18:M;L18E:L18E:N;L19E:L19E:O;L21E:L21E:P;L22:L22:Q;L23:L23:R;L24:L24:S;L24E:L24E:T;L29:L29:U;L30:L30:V;L31E:L31E:W;L32E:L32E:X;L37Ae:L37Ae:Y;L37E:L37E:Z;L39E:L39E:1;L44E:L44E:2,Shannon Entropy:Shannon_Entropy,"None:\'""""'\;Rainbow:\'map_Index\';Onion:\'Onion\',OnionColors,\'1\';B factors:\'mean_tempFactor\';Domains:\'Domains_Color\',DomainColors,\'1\';Helices:\'Helix_Color\',HelixColors,\'1\',\'Helix_Num\';Mg ions, 2.4 Å:\'Mg_ions_24\',BinaryColors,\'1\';Mg ions, 2.6 Å:\'Mg_ions_26\',BinaryColors,\'1\';Mg ions, 6.0 Å:\'Mg_ions_60\',BinaryColors,\'1\'",Base Pairs:HM_LSU_Phylo_BasePairs;Base Stacking:HM_LSU_Phylo_Stacking;Base Phosphate:HM_LSU_Phylo_BasePhosphate;Base Sugar:HM_LSU_Phylo_BaseSugar;Magnesium2.4A:HM_LSU_Phylo_NMN;Protein Interactions:HM_LSU_Phylo_NPN,HM_LSU_Phylo_ConservationTable
9,Homo sapiens,HS,LSU,Phylogeny Structure,Phylogeny-based,landscape,HS_LSU_Phylo,587,28S:5.8S:5S,ABCJHEGKOLVMaNIDQRSTPUXYWZrhbFcdefgijklmnpoqzstuv,L8:L3:L4:L11:L9:L6:L7A:L12:L13A:L13:L23:L14:L27A:L15:L10:L5:L18:L19:L18A:L21:L17:L22:L23A:L26:L24:L27:L28:L35:L29:L7:L30:L31:L32:L35A:L34:L36:L37:L38:L39:L40:L41:L37A:L36A:LP0:L10A:LP1a:LP1b:LP2a:LP2b,HS_60S_rRNA.pdb,HS_60S_rProteins.pdb,HS_LSU_SSU_d6.spt,1,3,,,L2(L8):L8:A;L3(L3):L3:B;L4(L4):L4:C;L5(L11):L11:J;L6(L9):L9:H;L6e(L6):L6:E;L8e(L7A):L7A:G;L11(L12):L12:K;L13(L13A):L13A:O;L13e(L13):L13:L;L14(L23):L23:V;L14e(L14):L14:M;L15(L27A):L27A:a;L15e(L15):L15:N;L16(L10):L10:I;L18(L5):L5:D;L18e(L18):L18:Q;L19e(L19):L19:R;L20e(L18A):L18A:S;L21e(L21):L21:T;L22(L17):L17:P;L22e(L22):L22:U;L23(L23A):L23A:X;L24(L26):L26:Y;L24e(L24):L24:W;L27e(L27):L27:Z;L28e(L28):L28:r;L29(L35):L35:h;L29e(L29):L29:b;L30(L7):L7:F;L30e(L30):L30:c;L31e(L31):L31:d;L32e(L32):L32:e;L33e(L35A):L35A:f;L34e(L34):L34:g;L36e(L36):L36:i;L37e(L37):L37:j;L38e(L38):L38:k;L39e(L39):L39:l;L40e(L40):L40:m;L41e(L41):L41:n;L43e(L37A):L37A:p;L44e(L36A):L36A:o;P0(LP0):LP0:q;L1(L10A):L10A:z;P1a(LP1a):LP1a:s;P1b(LP1b):LP1b:t;P2a(LP2a):LP2a:u;P2b(LP2b):LP2b:v,,"None:\'""""'\;Rainbow:\'map_Index\';Onion:\'Onion\',OnionColors,\'1\';FineOnion:\'FineOnion\'';B factors:\'mean_tempFactor\';Domains:\'Domains_Color\',DomainColors,\'1\'",Protein Interactions:HS_LSU_Phylo_NPN,
10,Homo sapiens,HS,SSU,Phylogeny Structure,Phylogeny-based,portrait,HS_SSU_Phylo,2,18S,BADJECGFHWIQUKOXMSdNLRPTVYZabcefh,S3A:SA:S3:S9:S4:S2:S6:S5:S7:S15A:S8:S16:S20:S10:S14:S23:S12:S18:S29:S13:S11:S17:S15:S19:S21:S24:S25:S26:S27:S28:S30:S27A:Pai1,HS_40S_rRNA.pdb,HS_40S_rProteins.pdb,HS_LSU_SSU_d6.spt,2,4,,,S1e(S3A):S3A:B;S2(SA):SA:A;S3(S3):S3:D;S4(S9):S9:J;S4e(S4):S4:E;S5(S2):S2:C;S6e(S6):S6A:G;S7(S5):S5:F;S7e(S7):S7:H;S8(S15A):S15A:W;S8e(S8):S8:I;S9(S16):S16:Q;S10(S20):S20:U;S10e(S10):S10:K;S11(S14):S14:O;S12(S23):S23:X;S12e(S12):S12:M;S13(S18):S18:S;S14(S29):S29A:d;S15(S13):S13:N;S17(S11):S11A:L;S17e(S17):S17A:R;S19(S15):S15:P;S19e(S19):S19A:T;S21e(S21):S21A:V;S24e(S24):S24A:Y;S25e(S25):S25A:Z;S26e(S26):S26A:a;S27e(S27):S27A:b;S28e(S28):S28A:c;S30e(S30):S30:e;S31e(S27A):S27A:f;Pai1(Pai1):Pai1:h,,"None:\'""""'\;Rainbow:\'map_Index\';Onion:\'Onion\',OnionColors,\'1\';FineOnion:\'FineOnion\'';B factors:\'mean_tempFactor\';Domains:\'Domains_Color\',DomainColors,\'1\'",Protein Interactions:HS_SSU_Phylo_NPN,
11,Saccharomyces cerevisiae,SC,LSU,<b>3D-based Structure</b> (recommended),3D-based,portrait,SC_LSU_3D,143,25S:5.8S:5S,,,SC_60S_rRNA.pdb,SC_60S_rProtein.pdb,SC_LSU_SSU.spt,1,3,SC_LSU_3D_TextLabels,SC_LSU_3D_LineLabels,L2(L2):L2A:A;L3(L3):L3:B;L4(L4):L4A:C;L5(L11):L11A:J;L6(L9):L9A:H;L6e(L6):L6A:E;L8e(L8):L8A:G;L13(L16):L16AB:O;L13e(L13):L13A:L;L14(L23):L23A:V;L14e(L14):L14A:M;L15(L28):L28:a;L15e(L15):L15A:N;L16(L10):L10:I;L18(L5):L5:D;L18e(L18):L18A:Q;L19e(L19):L19A:R;L20e(L20):L20A:S;L21e(L21):L21A:T;L22(L17):L17A:P;L22e(L22):L22A:U;L23(L25):L25:X;L24(L26):L26A:Y;L24e(L24):L24A:W;L27e(L27):L27A:Z;L29(L35):L35A:h;L29e(L29):L29:b;L30(L7):L7A:F;L30e(L30):L30:c;L31e(L31):L31A:d;L32e(L32):L32:e;L33e(L33):L33A:f;L34e(L34):L34A:g;L36e(L36):L36A:i;L37e(L37):L37A:j;L38e(L38):L38:k;L39e(L39):L39:l;L40e(L40):L40:m;L41e(L41):L41A:n;L43e(L43):L43A:p;L44e(L42):L42A:o,Shannon Entropy:Shannon_Entropy,"None:\'""""'\;Rainbow:\'map_Index\';Onion:\'Onion\',OnionColors,\'1\';B factors:\'mean_tempFactor\';Domains:\'Domains_Color\',DomainColors,\'1\';Helices:\'Helix_Color\',HelixColors,\'1\',\'Helix_Num\';Mg ions, 2.4 Å:\'Mg_ions_24\',BinaryColors,\'1\';Mg ions, 2.6 Å:\'Mg_ions_26\',BinaryColors,\'1\';Mg ions, 6.0 Å:\'Mg_ions_60\',BinaryColors,\'1\'",Base Pairs:SC_LSU_3D_BasePairs;Base Stacking:SC_LSU_3D_Stacking;Base Phosphate:SC_LSU_3D_BasePhosphate;Base Sugar:SC_LSU_3D_BaseSugar;Magnesium2.4A:SC_LSU_3D_NMN;Protein Interactions:SC_LSU_3D_NPN,SC_LSU_3D_ConservationTable
12,Saccharomyces cerevisiae,SC,LSU,Phylogeny Structure,Phylogeny-based,landscape,SC_LSU_Phylo,143,25S:5.8S:5S,,,SC_60S_rRNA.pdb,SC_60S_rProtein.pdb,SC_LSU_SSU_d6.spt,1,3,SC_LSU_Phylo_TextLabels,SC_LSU_Phylo_LineLabels,L2(L2):L2A:A;L3(L3):L3:B;L4(L4):L4A:C;L5(L11):L11A:J;L6(L9):L9A:H;L6e(L6):L6A:E;L8e(L8):L8A:G;L13(L16):L16AB:O;L13e(L13):L13A:L;L14(L23):L23A:V;L14e(L14):L14A:M;L15(L28):L28:a;L15e(L15):L15A:N;L16(L10):L10:I;L18(L5):L5:D;L18e(L18):L18A:Q;L19e(L19):L19A:R;L20e(L20):L20A:S;L21e(L21):L21A:T;L22(L17):L17A:P;L22e(L22):L22A:U;L23(L25):L25:X;L24(L26):L26A:Y;L24e(L24):L24A:W;L27e(L27):L27A:Z;L29(L35):L35A:h;L29e(L29):L29:b;L30(L7):L7A:F;L30e(L30):L30:c;L31e(L31):L31A:d;L32e(L32):L32:e;L33e(L33):L33A:f;L34e(L34):L34A:g;L36e(L36):L36A:i;L37e(L37):L37A:j;L38e(L38):L38:k;L39e(L39):L39:l;L40e(L40):L40:m;L41e(L41):L41A:n;L43e(L43):L43A:p;L44e(L42):L42A:o,Shannon Entropy:Shannon_Entropy,"None:\'""""'\;Rainbow:\'map_Index\';Onion:\'Onion\',OnionColors,\'1\';B factors:\'mean_tempFactor\';Domains:\'Domains_Color\',DomainColors,\'1\';Helices:\'Helix_Color\',HelixColors,\'1\',\'Helix_Num\';Mg ions, 2.4 Å:\'Mg_ions_24\',BinaryColors,\'1\';Mg ions, 2.6 Å:\'Mg_ions_26\',BinaryColors,\'1\';Mg ions, 6.0 Å:\'Mg_ions_60\',BinaryColors,\'1\'",Base Pairs:SC_LSU_Phylo_BasePairs;Base Stacking:SC_LSU_Phylo_Stacking;Base Phosphate:SC_LSU_Phylo_BasePhosphate;Base Sugar:SC_LSU_Phylo_BaseSugar;Magnesium2.4A:SC_LSU_Phylo_NMN;Protein Interactions:SC_LSU_Phylo_NPN,SC_LSU_Phylo_ConservationTable
13,Saccharomyces cerevisiae,SC,SSU,<b>3D-based Structure</b> (recommended),3D-based,portrait,SC_SSU_3D,2,18S,,,SC_40S_rRNA.pdb,SC_40S_rProtein.pdb,SC_LSU_SSU.spt,2,4,SC_SSU_3D_TextLabels,SC_SSU_3D_LineLabels,S1e(S1):S1A:B;S2(S0):S0A:A;S3(S3):S3:D;S4(S9):S9A:J;S4e(S4):S4A:E;S5(S2):S2:C;S6e(S6):S6A:G;S7(S5):S5:F;S7e(S7):S7A:H;S8(S22):S22A:W;S8e(S8):S8A:I;S9(S16):S16A:Q;S10(S20):S20:U;S10e(S10):S10A:K;S11(S14):S14A:O;S12(S23):S23A:X;S12e(S12):S12:M;S13(S18):S18A:S;S14(S29):S29A:d;S15(S13):S13:N;S17(S11):S11A:L;S17e(S17):S17A:R;S19(S15):S15:P;S19e(S19):S19A:T;S21e(S21):S21A:V;S24e(S24):S24A:Y;S25e(S25):S25A:Z;S26e(S26):S26A:a;S27e(S27):S27A:b;S28e(S28):S28A:c;S30e(S30):S30A:e;S31e(S31):S31:f;RACK1(Asc1):RACK1:g;Stm1(Stm1):Stm1:h,Shannon Entropy:Shannon_Entropy,"None:\'""""'\;Rainbow:\'map_Index\';Onion:\'Onion\',OnionColors,\'1\';B factors:\'mean_tempFactor\';Domains:\'Domains_Color\',DomainColors,\'1\';Helices:\'Helix_Color\',HelixColors,\'1\',\'Helix_Num\';Mg ions, 2.4 Å:\'Mg_ions_24\',BinaryColors,\'1\';Mg ions, 2.6 Å:\'Mg_ions_26\',BinaryColors,\'1\';Mg ions, 6.0 Å:\'Mg_ions_60\',BinaryColors,\'1\'",Base Pairs:SC_SSU_3D_BasePairs;Base Stacking:SC_SSU_3D_Stacking;Base Phosphate:SC_SSU_3D_BasePhosphate;Base Sugar:SC_SSU_3D_BaseSugar;Magnesium2.4A:SC_SSU_3D_NMN;Protein Interactions:SC_SSU_3D_NPN,SC_SSU_3D_ConservationTable
14,Saccharomyces cerevisiae,SC,SSU,Phylogeny Structure,Phylogeny-based,portrait,SC_SSU_Phylo,2,18S,,,SC_40S_rRNA.pdb,SC_40S_rProtein.pdb,SC_LSU_SSU_d6.spt,2,4,SC_SSU_Phylo_TextLabels,SC_SSU_Phylo_LineLabels,S1e(S1):S1A:B;S2(S0):S0A:A;S3(S3):S3:D;S4(S9):S9A:J;S4e(S4):S4A:E;S5(S2):S2:C;S6e(S6):S6A:G;S7(S5):S5:F;S7e(S7):S7A:H;S8(S22):S22A:W;S8e(S8):S8A:I;S9(S16):S16A:Q;S10(S20):S20:U;S10e(S10):S10A:K;S11(S14):S14A:O;S12(S23):S23A:X;S12e(S12):S12:M;S13(S18):S18A:S;S14(S29):S29A:d;S15(S13):S13:N;S17(S11):S11A:L;S17e(S17):S17A:R;S19(S15):S15:P;S19e(S19):S19A:T;S21e(S21):S21A:V;S24e(S24):S24A:Y;S25e(S25):S25A:Z;S26e(S26):S26A:a;S27e(S27):S27A:b;S28e(S28):S28A:c;S30e(S30):S30A:e;S31e(S31):S31:f;RACK1(Asc1):RACK1:g;Stm1(Stm1):Stm1:h,Shannon Entropy:Shannon_Entropy,"None:\'""""'\;Rainbow:\'map_Index\';Onion:\'Onion\',OnionColors,\'1\';B factors:\'mean_tempFactor\';Domains:\'Domains_Color\',DomainColors,\'1\';Helices:\'Helix_Color\',HelixColors,\'1\',\'Helix_Num\';Mg ions, 2.4 Å:\'Mg_ions_24\',BinaryColors,\'1\';Mg ions, 2.6 Å:\'Mg_ions_26\',BinaryColors,\'1\';Mg ions, 6.0 Å:\'Mg_ions_60\',BinaryColors,\'1\'",Base Pairs:SC_SSU_Phylo_BasePairs;Base Stacking:SC_SSU_Phylo_Stacking;Base Phosphate:SC_SSU_Phylo_BasePhosphate;Base Sugar:SC_SSU_Phylo_BaseSugar;Magnesium2.4A:SC_SSU_Phylo_NMN;Protein Interactions:SC_SSU_Phylo_NPN,SC_SSU_Phylo_ConservationTable
15,Thermus thermophilus,TT,LSU,<b>3D-based Structure</b> (recommended),3D-based,portrait,TT_LSU_3D,AB,23S:5S,,,TT_50S.pdb,TT_50S.pdb,TT_LSU_SSU.spt,1,1,TT_LSU_3D_TextLabels,TT_LSU_3D_LineLabels,L1:L1:C;L2:L2:D;L3:L3:E;L4:L4:F;L5:L5:G;L6:L6:H;L9:L9:I;L14:L14:O;L15:L15:P;L16:L16:Q;L17:L17:R;L18:L18:S;L19:L19:T;L20:L20:U;L21:L21:V;L22:L22:W;L23:L23:X;L24:L24:Y;L25:L25:Z;L27:L27:0;L28:L28:1;L29:L29:2;L30:L30:3;L31:L31:4;L32:L32:5;L33:L33:6;L34:L34:7;L35:L35:8,Shannon Entropy:Shannon_Entropy,"None:\'""""'\;Rainbow:\'map_Index\';Onion:\'Onion\',OnionColors,\'1\';B factors:\'mean_tempFactor\';Domains:\'Domains_Color\',DomainColors,\'1\';Helices:\'Helix_Color\',HelixColors,\'1\',\'Helix_Num\';Mg ions, 2.4 Å:\'Mg_ions_24\',BinaryColors,\'1\';Mg ions, 2.6 Å:\'Mg_ions_26\',BinaryColors,\'1\';Mg ions, 6.0 Å:\'Mg_ions_60\',BinaryColors,\'1\'",Base Pairs:TT_LSU_3D_BasePairs;Base Stacking:TT_LSU_3D_Stacking;Base Phosphate:TT_LSU_3D_BasePhosphate;Base Sugar:TT_LSU_3D_BaseSugar;Magnesium2.4A:TT_LSU_3D_NMN;Protein Interactions:TT_LSU_3D_NPN,TT_LSU_3D_ConservationTable
16,Thermus thermophilus,TT,LSU,Phylogeny Structure,Phylogeny-based,landscape,TT_LSU_Phylo,AB,23S:5S,,,TT_50S.pdb,TT_50S.pdb,TT_LSU_SSU_d6.spt,1,1,TT_LSU_Phylo_TextLabels,TT_LSU_Phylo_LineLabels,L1:L1:C;L2:L2:D;L3:L3:E;L4:L4:F;L5:L5:G;L6:L6:H;L9:L9:I;L14:L14:O;L15:L15:P;L16:L16:Q;L17:L17:R;L18:L18:S;L19:L19:T;L20:L20:U;L21:L21:V;L22:L22:W;L23:L23:X;L24:L24:Y;L25:L25:Z;L27:L27:0;L28:L28:1;L29:L29:2;L30:L30:3;L31:L31:4;L32:L32:5;L33:L33:6;L34:L34:7;L35:L35:8,Shannon Entropy:Shannon_Entropy,"None:\'""""'\;Rainbow:\'map_Index\';Onion:\'Onion\',OnionColors,\'1\';B factors:\'mean_tempFactor\';Domains:\'Domains_Color\',DomainColors,\'1\';Helices:\'Helix_Color\',HelixColors,\'1\',\'Helix_Num\';Mg ions, 2.4 Å:\'Mg_ions_24\',BinaryColors,\'1\';Mg ions, 2.6 Å:\'Mg_ions_26\',BinaryColors,\'1\';Mg ions, 6.0 Å:\'Mg_ions_60\',BinaryColors,\'1\'",Base Pairs:TT_LSU_Phylo_BasePairs;Base Stacking:TT_LSU_Phylo_Stacking;Base Phosphate:TT_LSU_Phylo_BasePhosphate;Base Sugar:TT_LSU_Phylo_BaseSugar;Magnesium2.4A:TT_LSU_Phylo_NMN;Protein Interactions:TT_LSU_Phylo_NPN,TT_LSU_Phylo_ConservationTable
17,Thermus thermophilus,TT,SSU,<b>3D-based Structure</b> (recommended),3D-based,portrait,TT_SSU_3D,A,16S,,,TT_30S.pdb,TT_30S.pdb,TT_LSU_SSU.spt,2,2,TT_SSU_3D_TextLabels,TT_SSU_3D_LineLabels,S2:S2:B;S3:S3:C;S4:S4:D;S5:S5:E;S6:S6:F;S7:S7:G;S8:S8:H;S9:S9:I;S10:S10:J;S11:S11:K;S12:S12:L;S13:S13:M;S14:S14:N;S15:S15:O;S16:S16:P;S17:S17:Q;S18:S18:R;S19:S19:S;S20:S20:T;THX:THX:U,Shannon Entropy:Shannon_Entropy,"None:\'""""'\;Rainbow:\'map_Index\';Onion:\'Onion\',OnionColors,\'1\';B factors:\'mean_tempFactor\';Domains:\'Domains_Color\',DomainColors,\'1\';Helices:\'Helix_Color\',HelixColors,\'1\',\'Helix_Num\';Mg ions, 2.4 Å:\'Mg_ions_24\',BinaryColors,\'1\';Mg ions, 2.6 Å:\'Mg_ions_26\',BinaryColors,\'1\';Mg ions, 6.0 Å:\'Mg_ions_60\',BinaryColors,\'1\'",Base Pairs:TT_SSU_3D_BasePairs;Base Stacking:TT_SSU_3D_Stacking;Base Phosphate:TT_SSU_3D_BasePhosphate;Base Sugar:TT_SSU_3D_BaseSugar;Magnesium2.4A:TT_SSU_3D_NMN;Protein Interactions:TT_SSU_3D_NPN,TT_SSU_3D_ConservationTable
18,Thermus thermophilus,TT,SSU,Phylogeny Structure,Phylogeny-based,portrait,TT_SSU_Phylo,A,16S,,,TT_30S.pdb,TT_30S.pdb,TT_LSU_SSU_d6.spt,2,2,TT_SSU_Phylo_TextLabels,TT_SSU_Phylo_LineLabels,S2:S2:B;S3:S3:C;S4:S4:D;S5:S5:E;S6:S6:F;S7:S7:G;S8:S8:H;S9:S9:I;S10:S10:J;S11:S11:K;S12:S12:L;S13:S13:M;S14:S14:N;S15:S15:O;S16:S16:P;S17:S17:Q;S18:S18:R;S19:S19:S;S20:S20:T;THX:THX:U,Shannon Entropy:Shannon_Entropy,"None:\'""""'\;Rainbow:\'map_Index\';Onion:\'Onion\',OnionColors,\'1\';B factors:\'mean_tempFactor\';Domains:\'Domains_Color\',DomainColors,\'1\';Helices:\'Helix_Color\',HelixColors,\'1\',\'Helix_Num\';Mg ions, 2.4 Å:\'Mg_ions_24\',BinaryColors,\'1\';Mg ions, 2.6 Å:\'Mg_ions_26\',BinaryColors,\'1\';Mg ions, 6.0 Å:\'Mg_ions_60\',BinaryColors,\'1\'",Base Pairs:TT_SSU_Phylo_BasePairs;Base Stacking:TT_SSU_Phylo_Stacking;Base Phosphate:TT_SSU_Phylo_BasePhosphate;Base Sugar:TT_SSU_Phylo_BaseSugar;Magnesium2.4A:TT_SSU_Phylo_NMN;Protein Interactions:TT_SSU_Phylo_NPN,TT_SSU_Phylo_ConservationTable
