resNum,DataCol,ColorCol,DataDescription
23S:1,G,#020202,"Nucleotides colored by letter: G (#020202), C(blue),U(red),A(green)"
23S:2,G,#020202,
23S:3,U,red,
23S:4,U,red,
23S:5,A,green,
23S:6,A,green,
23S:7,G,#020202,
23S:8,C,blue,
23S:9,G,#020202,
23S:10,A,green,
23S:11,C,blue,
23S:12,U,red,
23S:13,A,green,
23S:14,A,green,
23S:15,G,#020202,
23S:16,C,blue,
23S:17,G,#020202,
23S:18,U,red,
23S:19,A,green,
23S:20,C,blue,
23S:21,A,green,
23S:22,C,blue,
23S:23,G,#020202,
23S:24,G,#020202,
23S:25,U,red,
23S:26,G,#020202,
23S:27,G,#020202,
23S:28,A,green,
23S:29,U,red,
23S:30,G,#020202,
23S:31,C,blue,
23S:32,C,blue,
23S:33,C,blue,
23S:34,U,red,
23S:35,G,#020202,
23S:36,G,#020202,
23S:37,C,blue,
23S:38,A,green,
23S:39,G,#020202,
23S:40,U,red,
23S:41,C,blue,
23S:42,A,green,
23S:43,G,#020202,
23S:44,A,green,
23S:45,G,#020202,
23S:46,G,#020202,
23S:47,C,blue,
23S:48,G,#020202,
23S:49,A,green,
23S:50,U,red,
23S:51,G,#020202,
23S:52,A,green,
23S:53,A,green,
23S:54,G,#020202,
23S:55,G,#020202,
23S:56,A,green,
23S:57,C,blue,
23S:58,G,#020202,
23S:59,U,red,
23S:60,G,#020202,
23S:61,C,blue,
23S:62,U,red,
23S:63,A,green,
23S:64,A,green,
23S:65,U,red,
23S:66,C,blue,
23S:67,U,red,
23S:68,G,#020202,
23S:69,C,blue,
23S:70,G,#020202,
23S:71,A,green,
23S:72,U,red,
23S:73,A,green,
23S:74,A,green,
23S:75,G,#020202,
23S:76,C,blue,
23S:77,G,#020202,
23S:78,U,red,
23S:79,C,blue,
23S:80,G,#020202,
23S:81,G,#020202,
23S:82,U,red,
23S:83,A,green,
23S:84,A,green,
23S:85,G,#020202,
23S:86,G,#020202,
23S:87,U,red,
23S:88,G,#020202,
23S:89,A,green,
23S:90,U,red,
23S:91,A,green,
23S:92,U,red,
23S:93,G,#020202,
23S:94,A,green,
23S:95,A,green,
23S:96,C,blue,
23S:97,C,blue,
23S:98,G,#020202,
23S:99,U,red,
23S:100,U,red,
23S:101,A,green,
23S:102,U,red,
23S:103,A,green,
23S:104,A,green,
23S:105,C,blue,
23S:106,C,blue,
23S:107,G,#020202,
23S:108,G,#020202,
23S:109,C,blue,
23S:110,G,#020202,
23S:111,A,green,
23S:112,U,red,
23S:113,U,red,
23S:114,U,red,
23S:115,C,blue,
23S:116,C,blue,
23S:117,G,#020202,
23S:118,A,green,
23S:119,A,green,
23S:120,U,red,
23S:121,G,#020202,
23S:122,G,#020202,
23S:123,G,#020202,
23S:124,G,#020202,
23S:125,A,green,
23S:126,A,green,
23S:127,A,green,
23S:128,C,blue,
23S:129,C,blue,
23S:130,C,blue,
23S:131,A,green,
23S:132,G,#020202,
23S:133,U,red,
23S:134,G,#020202,
23S:135,U,red,
23S:136,G,#020202,
23S:137,U,red,
23S:138,U,red,
23S:139,U,red,
23S:140,C,blue,
23S:141,G,#020202,
23S:142,A,green,
23S:143,C,blue,
23S:144,A,green,
23S:145,C,blue,
23S:146,A,green,
23S:147,C,blue,
23S:148,U,red,
23S:149,A,green,
23S:150,U,red,
23S:151,C,blue,
23S:152,A,green,
23S:153,U,red,
23S:154,U,red,
23S:155,A,green,
23S:156,A,green,
23S:157,C,blue,
23S:158,U,red,
23S:159,G,#020202,
23S:160,A,green,
23S:161,A,green,
23S:162,U,red,
23S:163,C,blue,
23S:164,C,blue,
23S:165,A,green,
23S:166,U,red,
23S:167,A,green,
23S:168,G,#020202,
23S:169,G,#020202,
23S:170,U,red,
23S:171,U,red,
23S:172,A,green,
23S:173,A,green,
23S:174,U,red,
23S:175,G,#020202,
23S:176,A,green,
23S:177,G,#020202,
23S:178,G,#020202,
23S:179,C,blue,
23S:180,G,#020202,
23S:181,A,green,
23S:182,A,green,
23S:183,C,blue,
23S:184,C,blue,
23S:185,G,#020202,
23S:186,G,#020202,
23S:187,G,#020202,
23S:188,G,#020202,
23S:189,G,#020202,
23S:190,A,green,
23S:191,A,green,
23S:192,C,blue,
23S:193,U,red,
23S:194,G,#020202,
23S:195,A,green,
23S:196,A,green,
23S:197,A,green,
23S:198,C,blue,
23S:199,A,green,
23S:200,U,red,
23S:201,C,blue,
23S:202,U,red,
23S:203,A,green,
23S:204,A,green,
23S:205,G,#020202,
23S:206,U,red,
23S:207,A,green,
23S:208,C,blue,
23S:209,C,blue,
23S:210,C,blue,
23S:211,C,blue,
23S:212,G,#020202,
23S:213,A,green,
23S:214,G,#020202,
23S:215,G,#020202,
23S:216,A,green,
23S:217,A,green,
23S:218,A,green,
23S:219,A,green,
23S:220,G,#020202,
23S:221,A,green,
23S:222,A,green,
23S:223,A,green,
23S:224,U,red,
23S:225,C,blue,
23S:226,A,green,
23S:227,A,green,
23S:228,C,blue,
23S:229,C,blue,
23S:230,G,#020202,
23S:231,A,green,
23S:232,G,#020202,
23S:233,A,green,
23S:234,U,red,
23S:235,U,red,
23S:236,C,blue,
23S:237,C,blue,
23S:238,C,blue,
23S:239,C,blue,
23S:240,C,blue,
23S:241,A,green,
23S:242,G,#020202,
23S:243,U,red,
23S:244,A,green,
23S:245,G,#020202,
23S:246,C,blue,
23S:247,G,#020202,
23S:248,G,#020202,
23S:249,C,blue,
23S:250,G,#020202,
23S:251,A,green,
23S:252,G,#020202,
23S:253,C,blue,
23S:254,G,#020202,
23S:255,A,green,
23S:256,A,green,
23S:257,C,blue,
23S:258,G,#020202,
23S:259,G,#020202,
23S:260,G,#020202,
23S:261,G,#020202,
23S:262,A,green,
23S:263,G,#020202,
23S:264,C,blue,
23S:265,A,green,
23S:266,G,#020202,
23S:267,C,blue,
23S:268,C,blue,
23S:269,C,blue,
23S:270,A,green,
23S:271,G,#020202,
23S:272,A,green,
23S:273,G,#020202,
23S:274,C,blue,
23S:275,C,blue,
23S:276,U,red,
23S:277,G,#020202,
23S:278,A,green,
23S:279,A,green,
23S:280,U,red,
23S:281,C,blue,
23S:282,A,green,
23S:283,G,#020202,
23S:284,U,red,
23S:285,G,#020202,
23S:286,U,red,
23S:287,G,#020202,
23S:288,U,red,
23S:289,G,#020202,
23S:290,U,red,
23S:291,G,#020202,
23S:292,U,red,
23S:293,U,red,
23S:294,A,green,
23S:295,G,#020202,
23S:296,U,red,
23S:297,G,#020202,
23S:298,G,#020202,
23S:299,A,green,
23S:300,A,green,
23S:301,G,#020202,
23S:302,C,blue,
23S:303,G,#020202,
23S:304,U,red,
23S:305,C,blue,
23S:306,U,red,
23S:307,G,#020202,
23S:308,G,#020202,
23S:309,A,green,
23S:310,A,green,
23S:311,A,green,
23S:312,G,#020202,
23S:313,G,#020202,
23S:314,C,blue,
23S:315,G,#020202,
23S:316,C,blue,
23S:317,G,#020202,
23S:318,C,blue,
23S:319,G,#020202,
23S:320,A,green,
23S:321,U,red,
23S:322,A,green,
23S:323,C,blue,
23S:324,A,green,
23S:325,G,#020202,
23S:326,G,#020202,
23S:327,G,#020202,
23S:328,U,red,
23S:329,G,#020202,
23S:330,A,green,
23S:331,C,blue,
23S:332,A,green,
23S:333,G,#020202,
23S:334,C,blue,
23S:335,C,blue,
23S:336,C,blue,
23S:337,C,blue,
23S:338,G,#020202,
23S:339,U,red,
23S:340,A,green,
23S:341,C,blue,
23S:342,A,green,
23S:343,C,blue,
23S:344,A,green,
23S:345,A,green,
23S:346,A,green,
23S:347,A,green,
23S:348,A,green,
23S:349,U,red,
23S:350,G,#020202,
23S:351,C,blue,
23S:352,A,green,
23S:353,C,blue,
23S:354,A,green,
23S:355,U,red,
23S:356,G,#020202,
23S:357,C,blue,
23S:358,U,red,
23S:359,G,#020202,
23S:360,U,red,
23S:361,G,#020202,
23S:362,A,green,
23S:363,G,#020202,
23S:364,C,blue,
23S:365,U,red,
23S:366,C,blue,
23S:367,G,#020202,
23S:368,A,green,
23S:369,U,red,
23S:370,G,#020202,
23S:371,A,green,
23S:372,G,#020202,
23S:373,U,red,
23S:374,A,green,
23S:375,G,#020202,
23S:376,G,#020202,
23S:377,G,#020202,
23S:378,C,blue,
23S:379,G,#020202,
23S:380,G,#020202,
23S:381,G,#020202,
23S:382,A,green,
23S:383,C,blue,
23S:384,A,green,
23S:385,C,blue,
23S:386,G,#020202,
23S:387,U,red,
23S:388,G,#020202,
23S:389,G,#020202,
23S:390,U,red,
23S:391,A,green,
23S:392,U,red,
23S:393,C,blue,
23S:394,C,blue,
23S:395,U,red,
23S:396,G,#020202,
23S:397,U,red,
23S:398,C,blue,
23S:399,U,red,
23S:400,G,#020202,
23S:401,A,green,
23S:402,A,green,
23S:403,U,red,
23S:404,A,green,
23S:405,U,red,
23S:406,G,#020202,
23S:407,G,#020202,
23S:408,G,#020202,
23S:409,G,#020202,
23S:410,G,#020202,
23S:411,G,#020202,
23S:412,A,green,
23S:413,C,blue,
23S:414,C,blue,
23S:415,A,green,
23S:416,U,red,
23S:417,C,blue,
23S:418,C,blue,
23S:419,U,red,
23S:420,C,blue,
23S:421,C,blue,
23S:422,A,green,
23S:423,A,green,
23S:424,G,#020202,
23S:425,G,#020202,
23S:426,C,blue,
23S:427,U,red,
23S:428,A,green,
23S:429,A,green,
23S:430,A,green,
23S:431,U,red,
23S:432,A,green,
23S:433,C,blue,
23S:434,U,red,
23S:435,C,blue,
23S:436,C,blue,
23S:437,U,red,
23S:438,G,#020202,
23S:439,A,green,
23S:440,C,blue,
23S:441,U,red,
23S:442,G,#020202,
23S:443,A,green,
23S:444,C,blue,
23S:445,C,blue,
23S:446,G,#020202,
23S:447,A,green,
23S:448,U,red,
23S:449,A,green,
23S:450,G,#020202,
23S:451,U,red,
23S:452,G,#020202,
23S:453,A,green,
23S:454,A,green,
23S:455,C,blue,
23S:456,C,blue,
23S:457,A,green,
23S:458,G,#020202,
23S:459,U,red,
23S:460,A,green,
23S:461,C,blue,
23S:462,C,blue,
23S:463,G,#020202,
23S:464,U,red,
23S:465,G,#020202,
23S:466,A,green,
23S:467,G,#020202,
23S:468,G,#020202,
23S:469,G,#020202,
23S:470,A,green,
23S:471,A,green,
23S:472,A,green,
23S:473,G,#020202,
23S:474,G,#020202,
23S:475,C,blue,
23S:476,G,#020202,
23S:477,A,green,
23S:478,A,green,
23S:479,A,green,
23S:480,A,green,
23S:481,G,#020202,
23S:482,A,green,
23S:483,A,green,
23S:484,C,blue,
23S:485,C,blue,
23S:486,C,blue,
23S:487,C,blue,
23S:488,G,#020202,
23S:489,G,#020202,
23S:490,C,blue,
23S:491,G,#020202,
23S:492,A,green,
23S:493,G,#020202,
23S:494,G,#020202,
23S:495,G,#020202,
23S:496,G,#020202,
23S:497,A,green,
23S:498,G,#020202,
23S:499,U,red,
23S:500,G,#020202,
23S:501,A,green,
23S:502,A,green,
23S:503,A,green,
23S:504,A,green,
23S:505,A,green,
23S:506,G,#020202,
23S:507,A,green,
23S:508,A,green,
23S:509,C,blue,
23S:510,C,blue,
23S:511,U,red,
23S:512,G,#020202,
23S:513,A,green,
23S:514,A,green,
23S:515,A,green,
23S:516,C,blue,
23S:517,C,blue,
23S:518,G,#020202,
23S:519,U,red,
23S:520,G,#020202,
23S:521,U,red,
23S:522,A,green,
23S:523,C,blue,
23S:524,G,#020202,
23S:525,U,red,
23S:526,A,green,
23S:527,C,blue,
23S:528,A,green,
23S:529,A,green,
23S:530,G,#020202,
23S:531,C,blue,
23S:532,A,green,
23S:533,G,#020202,
23S:534,U,red,
23S:535,G,#020202,
23S:536,G,#020202,
23S:537,G,#020202,
23S:538,A,green,
23S:539,G,#020202,
23S:540,C,blue,
23S:541,A,green,
23S:542,C,blue,
23S:543,G,#020202,
23S:544,C,blue,
23S:545,U,red,
23S:546,U,red,
23S:547,A,green,
23S:548,G,#020202,
23S:549,G,#020202,
23S:550,C,blue,
23S:551,G,#020202,
23S:552,U,red,
23S:553,G,#020202,
23S:554,U,red,
23S:555,G,#020202,
23S:556,A,green,
23S:557,C,blue,
23S:558,U,red,
23S:559,G,#020202,
23S:560,C,blue,
23S:561,G,#020202,
23S:562,U,red,
23S:563,A,green,
23S:564,C,blue,
23S:565,C,blue,
23S:566,U,red,
23S:567,U,red,
23S:568,U,red,
23S:569,U,red,
23S:570,G,#020202,
23S:571,U,red,
23S:572,A,green,
23S:573,U,red,
23S:574,A,green,
23S:575,A,green,
23S:576,U,red,
23S:577,G,#020202,
23S:578,G,#020202,
23S:579,G,#020202,
23S:580,U,red,
23S:581,C,blue,
23S:582,A,green,
23S:583,G,#020202,
23S:584,C,blue,
23S:585,G,#020202,
23S:586,A,green,
23S:587,C,blue,
23S:588,U,red,
23S:589,U,red,
23S:590,A,green,
23S:591,U,red,
23S:592,A,green,
23S:593,U,red,
23S:594,U,red,
23S:595,C,blue,
23S:596,U,red,
23S:597,G,#020202,
23S:598,U,red,
23S:599,A,green,
23S:600,G,#020202,
23S:601,C,blue,
23S:602,A,green,
23S:603,A,green,
23S:604,G,#020202,
23S:605,G,#020202,
23S:606,U,red,
23S:607,U,red,
23S:608,A,green,
23S:609,A,green,
23S:610,C,blue,
23S:611,C,blue,
23S:612,G,#020202,
23S:613,A,green,
23S:614,A,green,
23S:615,U,red,
23S:616,A,green,
23S:617,G,#020202,
23S:618,G,#020202,
23S:619,G,#020202,
23S:620,G,#020202,
23S:621,A,green,
23S:622,G,#020202,
23S:623,C,blue,
23S:624,C,blue,
23S:625,G,#020202,
23S:626,A,green,
23S:627,A,green,
23S:628,G,#020202,
23S:629,G,#020202,
23S:630,G,#020202,
23S:631,A,green,
23S:632,A,green,
23S:633,A,green,
23S:634,C,blue,
23S:635,C,blue,
23S:636,G,#020202,
23S:637,A,green,
23S:638,G,#020202,
23S:639,U,red,
23S:640,C,blue,
23S:641,U,red,
23S:642,U,red,
23S:643,A,green,
23S:644,A,green,
23S:645,C,blue,
23S:646,U,red,
23S:647,G,#020202,
23S:648,G,#020202,
23S:649,G,#020202,
23S:650,C,blue,
23S:651,G,#020202,
23S:652,U,red,
23S:653,U,red,
23S:654,A,green,
23S:655,A,green,
23S:656,G,#020202,
23S:657,U,red,
23S:658,U,red,
23S:659,G,#020202,
23S:660,C,blue,
23S:661,A,green,
23S:662,G,#020202,
23S:663,G,#020202,
23S:664,G,#020202,
23S:665,U,red,
23S:666,A,green,
23S:667,U,red,
23S:668,A,green,
23S:669,G,#020202,
23S:670,A,green,
23S:671,C,blue,
23S:672,C,blue,
23S:673,C,blue,
23S:674,G,#020202,
23S:675,A,green,
23S:676,A,green,
23S:677,A,green,
23S:678,C,blue,
23S:679,C,blue,
23S:680,C,blue,
23S:681,G,#020202,
23S:682,G,#020202,
23S:683,U,red,
23S:684,G,#020202,
23S:685,A,green,
23S:686,U,red,
23S:687,C,blue,
23S:688,U,red,
23S:689,A,green,
23S:690,G,#020202,
23S:691,C,blue,
23S:692,C,blue,
23S:693,A,green,
23S:694,U,red,
23S:695,G,#020202,
23S:696,G,#020202,
23S:697,G,#020202,
23S:698,C,blue,
23S:699,A,green,
23S:700,G,#020202,
23S:701,G,#020202,
23S:702,U,red,
23S:703,U,red,
23S:704,G,#020202,
23S:705,A,green,
23S:706,A,green,
23S:707,G,#020202,
23S:708,G,#020202,
23S:709,U,red,
23S:710,U,red,
23S:711,G,#020202,
23S:712,G,#020202,
23S:713,G,#020202,
23S:714,U,red,
23S:715,A,green,
23S:716,A,green,
23S:717,C,blue,
23S:718,A,green,
23S:719,C,blue,
23S:720,U,red,
23S:721,A,green,
23S:722,A,green,
23S:723,C,blue,
23S:724,U,red,
23S:725,G,#020202,
23S:726,G,#020202,
23S:727,A,green,
23S:728,G,#020202,
23S:729,G,#020202,
23S:730,A,green,
23S:731,C,blue,
23S:732,C,blue,
23S:733,G,#020202,
23S:734,A,green,
23S:735,A,green,
23S:736,C,blue,
23S:737,C,blue,
23S:738,G,#020202,
23S:739,A,green,
23S:740,C,blue,
23S:741,U,red,
23S:742,A,green,
23S:743,A,green,
23S:744,U,red,
23S:745,G,#020202,
23S:746,U,red,
23S:747,U,red,
23S:748,G,#020202,
23S:749,A,green,
23S:750,A,green,
23S:751,A,green,
23S:752,A,green,
23S:753,A,green,
23S:754,U,red,
23S:755,U,red,
23S:756,A,green,
23S:757,G,#020202,
23S:758,C,blue,
23S:759,G,#020202,
23S:760,G,#020202,
23S:761,A,green,
23S:762,U,red,
23S:763,G,#020202,
23S:764,A,green,
23S:765,C,blue,
23S:766,U,red,
23S:767,U,red,
23S:768,G,#020202,
23S:769,U,red,
23S:770,G,#020202,
23S:771,G,#020202,
23S:772,C,blue,
23S:773,U,red,
23S:774,G,#020202,
23S:775,G,#020202,
23S:776,G,#020202,
23S:777,G,#020202,
23S:778,G,#020202,
23S:779,U,red,
23S:780,G,#020202,
23S:781,A,green,
23S:782,A,green,
23S:783,A,green,
23S:784,G,#020202,
23S:785,G,#020202,
23S:786,C,blue,
23S:787,C,blue,
23S:788,A,green,
23S:789,A,green,
23S:790,U,red,
23S:791,C,blue,
23S:792,A,green,
23S:793,A,green,
23S:794,A,green,
23S:795,C,blue,
23S:796,C,blue,
23S:797,G,#020202,
23S:798,G,#020202,
23S:799,G,#020202,
23S:800,A,green,
23S:801,G,#020202,
23S:802,A,green,
23S:803,U,red,
23S:804,A,green,
23S:805,G,#020202,
23S:806,C,blue,
23S:807,U,red,
23S:808,G,#020202,
23S:809,G,#020202,
23S:810,U,red,
23S:811,U,red,
23S:812,C,blue,
23S:813,U,red,
23S:814,C,blue,
23S:815,C,blue,
23S:816,C,blue,
23S:817,C,blue,
23S:818,G,#020202,
23S:819,A,green,
23S:820,A,green,
23S:821,A,green,
23S:822,G,#020202,
23S:823,C,blue,
23S:824,U,red,
23S:825,A,green,
23S:826,U,red,
23S:827,U,red,
23S:828,U,red,
23S:829,A,green,
23S:830,G,#020202,
23S:831,G,#020202,
23S:832,U,red,
23S:833,A,green,
23S:834,G,#020202,
23S:835,C,blue,
23S:836,G,#020202,
23S:837,C,blue,
23S:838,C,blue,
23S:839,U,red,
23S:840,C,blue,
23S:841,G,#020202,
23S:842,U,red,
23S:843,G,#020202,
23S:844,A,green,
23S:845,A,green,
23S:846,U,red,
23S:847,U,red,
23S:848,C,blue,
23S:849,A,green,
23S:850,U,red,
23S:851,C,blue,
23S:852,U,red,
23S:853,C,blue,
23S:854,C,blue,
23S:855,G,#020202,
23S:856,G,#020202,
23S:857,G,#020202,
23S:858,G,#020202,
23S:859,G,#020202,
23S:860,U,red,
23S:861,A,green,
23S:862,G,#020202,
23S:863,A,green,
23S:864,G,#020202,
23S:865,C,blue,
23S:866,A,green,
23S:867,C,blue,
23S:868,U,red,
23S:869,G,#020202,
23S:870,U,red,
23S:871,U,red,
23S:872,U,red,
23S:873,C,blue,
23S:874,G,#020202,
23S:875,G,#020202,
23S:876,C,blue,
23S:877,A,green,
23S:878,A,green,
23S:879,G,#020202,
23S:880,G,#020202,
23S:881,G,#020202,
23S:882,G,#020202,
23S:883,G,#020202,
23S:884,U,red,
23S:885,C,blue,
23S:886,A,green,
23S:887,U,red,
23S:888,C,blue,
23S:889,C,blue,
23S:890,C,blue,
23S:891,G,#020202,
23S:892,A,green,
23S:893,C,blue,
23S:894,U,red,
23S:895,U,red,
23S:896,A,green,
23S:897,C,blue,
23S:898,C,blue,
23S:899,A,green,
23S:900,A,green,
23S:901,C,blue,
23S:902,C,blue,
23S:903,C,blue,
23S:904,G,#020202,
23S:905,A,green,
23S:906,U,red,
23S:907,G,#020202,
23S:908,C,blue,
23S:909,A,green,
23S:910,A,green,
23S:911,A,green,
23S:912,C,blue,
23S:913,U,red,
23S:914,G,#020202,
23S:915,C,blue,
23S:916,G,#020202,
23S:917,A,green,
23S:918,A,green,
23S:919,U,red,
23S:920,A,green,
23S:921,C,blue,
23S:922,C,blue,
23S:923,G,#020202,
23S:924,G,#020202,
23S:925,A,green,
23S:926,G,#020202,
23S:927,A,green,
23S:928,A,green,
23S:929,U,red,
23S:930,G,#020202,
23S:931,U,red,
23S:932,U,red,
23S:933,A,green,
23S:934,U,red,
23S:935,C,blue,
23S:936,A,green,
23S:937,C,blue,
23S:938,G,#020202,
23S:939,G,#020202,
23S:940,G,#020202,
23S:941,A,green,
23S:942,G,#020202,
23S:943,A,green,
23S:944,C,blue,
23S:945,A,green,
23S:946,C,blue,
23S:947,A,green,
23S:948,C,blue,
23S:949,G,#020202,
23S:950,G,#020202,
23S:951,C,blue,
23S:952,G,#020202,
23S:953,G,#020202,
23S:954,G,#020202,
23S:955,U,red,
23S:956,G,#020202,
23S:957,C,blue,
23S:958,U,red,
23S:959,A,green,
23S:960,A,green,
23S:961,C,blue,
23S:962,G,#020202,
23S:963,U,red,
23S:964,C,blue,
23S:965,C,blue,
23S:966,G,#020202,
23S:967,U,red,
23S:968,C,blue,
23S:969,G,#020202,
23S:970,U,red,
23S:971,G,#020202,
23S:972,A,green,
23S:973,A,green,
23S:974,G,#020202,
23S:975,A,green,
23S:976,G,#020202,
23S:977,G,#020202,
23S:978,G,#020202,
23S:979,A,green,
23S:980,A,green,
23S:981,A,green,
23S:982,C,blue,
23S:983,A,green,
23S:984,A,green,
23S:985,C,blue,
23S:986,C,blue,
23S:987,C,blue,
23S:988,A,green,
23S:989,G,#020202,
23S:990,A,green,
23S:991,C,blue,
23S:992,C,blue,
23S:993,G,#020202,
23S:994,C,blue,
23S:995,C,blue,
23S:996,A,green,
23S:997,G,#020202,
23S:998,C,blue,
23S:999,U,red,
23S:1000,A,green,
23S:1001,A,green,
23S:1002,G,#020202,
23S:1003,G,#020202,
23S:1004,U,red,
23S:1005,C,blue,
23S:1006,C,blue,
23S:1007,C,blue,
23S:1008,A,green,
23S:1009,A,green,
23S:1010,A,green,
23S:1011,G,#020202,
23S:1012,U,red,
23S:1013,C,blue,
23S:1014,A,green,
23S:1015,U,red,
23S:1016,G,#020202,
23S:1017,G,#020202,
23S:1018,U,red,
23S:1019,U,red,
23S:1020,A,green,
23S:1021,A,green,
23S:1022,G,#020202,
23S:1023,U,red,
23S:1024,G,#020202,
23S:1025,G,#020202,
23S:1026,G,#020202,
23S:1027,A,green,
23S:1028,A,green,
23S:1029,A,green,
23S:1030,C,blue,
23S:1031,G,#020202,
23S:1032,A,green,
23S:1033,U,red,
23S:1034,G,#020202,
23S:1035,U,red,
23S:1036,G,#020202,
23S:1037,G,#020202,
23S:1038,G,#020202,
23S:1039,A,green,
23S:1040,A,green,
23S:1041,G,#020202,
23S:1042,G,#020202,
23S:1043,C,blue,
23S:1044,C,blue,
23S:1045,C,blue,
23S:1046,A,green,
23S:1047,G,#020202,
23S:1048,A,green,
23S:1049,C,blue,
23S:1050,A,green,
23S:1051,G,#020202,
23S:1052,C,blue,
23S:1053,C,blue,
23S:1054,A,green,
23S:1055,G,#020202,
23S:1056,G,#020202,
23S:1057,A,green,
23S:1058,U,red,
23S:1059,G,#020202,
23S:1060,U,red,
23S:1061,U,red,
23S:1062,G,#020202,
23S:1063,G,#020202,
23S:1064,C,blue,
23S:1065,U,red,
23S:1066,U,red,
23S:1067,A,green,
23S:1068,G,#020202,
23S:1069,A,green,
23S:1070,A,green,
23S:1071,G,#020202,
23S:1072,C,blue,
23S:1073,A,green,
23S:1074,G,#020202,
23S:1075,C,blue,
23S:1076,C,blue,
23S:1077,A,green,
23S:1078,U,red,
23S:1079,C,blue,
23S:1080,A,green,
23S:1081,U,red,
23S:1082,U,red,
23S:1083,U,red,
23S:1084,A,green,
23S:1085,A,green,
23S:1086,A,green,
23S:1087,G,#020202,
23S:1088,A,green,
23S:1089,A,green,
23S:1090,A,green,
23S:1091,G,#020202,
23S:1092,C,blue,
23S:1093,G,#020202,
23S:1094,U,red,
23S:1095,A,green,
23S:1096,A,green,
23S:1097,U,red,
23S:1098,A,green,
23S:1099,G,#020202,
23S:1100,C,blue,
23S:1101,U,red,
23S:1102,C,blue,
23S:1103,A,green,
23S:1104,C,blue,
23S:1105,U,red,
23S:1106,G,#020202,
23S:1107,G,#020202,
23S:1108,U,red,
23S:1109,C,blue,
23S:1110,G,#020202,
23S:1111,A,green,
23S:1112,G,#020202,
23S:1113,U,red,
23S:1114,C,blue,
23S:1115,G,#020202,
23S:1116,G,#020202,
23S:1117,C,blue,
23S:1118,C,blue,
23S:1119,U,red,
23S:1120,G,#020202,
23S:1121,C,blue,
23S:1122,G,#020202,
23S:1123,C,blue,
23S:1124,G,#020202,
23S:1125,G,#020202,
23S:1126,A,green,
23S:1127,A,green,
23S:1128,G,#020202,
23S:1129,A,green,
23S:1130,U,red,
23S:1131,G,#020202,
23S:1132,U,red,
23S:1133,A,green,
23S:1134,A,green,
23S:1135,C,blue,
23S:1136,G,#020202,
23S:1137,G,#020202,
23S:1138,G,#020202,
23S:1139,G,#020202,
23S:1140,C,blue,
23S:1141,U,red,
23S:1142,A,green,
23S:1143,A,green,
23S:1144,A,green,
23S:1145,C,blue,
23S:1146,C,blue,
23S:1147,A,green,
23S:1148,U,red,
23S:1149,G,#020202,
23S:1150,C,blue,
23S:1151,A,green,
23S:1152,C,blue,
23S:1153,C,blue,
23S:1154,G,#020202,
23S:1155,A,green,
23S:1156,A,green,
23S:1157,G,#020202,
23S:1158,C,blue,
23S:1159,U,red,
23S:1160,G,#020202,
23S:1161,C,blue,
23S:1162,G,#020202,
23S:1163,G,#020202,
23S:1164,C,blue,
23S:1165,A,green,
23S:1166,G,#020202,
23S:1167,C,blue,
23S:1168,G,#020202,
23S:1169,A,green,
23S:1170,C,blue,
23S:1171,G,#020202,
23S:1172,C,blue,
23S:1173,U,red,
23S:1174,U,red,
23S:1175,A,green,
23S:1176,U,red,
23S:1177,G,#020202,
23S:1178,C,blue,
23S:1179,G,#020202,
23S:1180,U,red,
23S:1181,U,red,
23S:1182,G,#020202,
23S:1183,U,red,
23S:1184,U,red,
23S:1185,G,#020202,
23S:1186,G,#020202,
23S:1187,G,#020202,
23S:1188,U,red,
23S:1189,A,green,
23S:1190,G,#020202,
23S:1191,G,#020202,
23S:1192,G,#020202,
23S:1193,G,#020202,
23S:1194,A,green,
23S:1195,G,#020202,
23S:1196,C,blue,
23S:1197,G,#020202,
23S:1198,U,red,
23S:1199,U,red,
23S:1200,C,blue,
23S:1201,U,red,
23S:1202,G,#020202,
23S:1203,U,red,
23S:1204,A,green,
23S:1205,A,green,
23S:1206,G,#020202,
23S:1207,C,blue,
23S:1208,C,blue,
23S:1209,U,red,
23S:1210,G,#020202,
23S:1211,C,blue,
23S:1212,G,#020202,
23S:1213,A,green,
23S:1214,A,green,
23S:1215,G,#020202,
23S:1216,G,#020202,
23S:1217,U,red,
23S:1218,G,#020202,
23S:1219,U,red,
23S:1220,G,#020202,
23S:1221,C,blue,
23S:1222,U,red,
23S:1223,G,#020202,
23S:1224,U,red,
23S:1225,G,#020202,
23S:1226,A,green,
23S:1227,G,#020202,
23S:1228,G,#020202,
23S:1229,C,blue,
23S:1230,A,green,
23S:1231,U,red,
23S:1232,G,#020202,
23S:1233,C,blue,
23S:1234,U,red,
23S:1235,G,#020202,
23S:1236,G,#020202,
23S:1237,A,green,
23S:1238,G,#020202,
23S:1239,G,#020202,
23S:1240,U,red,
23S:1241,A,green,
23S:1242,U,red,
23S:1243,C,blue,
23S:1244,A,green,
23S:1245,G,#020202,
23S:1246,A,green,
23S:1247,A,green,
23S:1248,G,#020202,
23S:1249,U,red,
23S:1250,G,#020202,
23S:1251,C,blue,
23S:1252,G,#020202,
23S:1253,A,green,
23S:1254,A,green,
23S:1255,U,red,
23S:1256,G,#020202,
23S:1257,C,blue,
23S:1258,U,red,
23S:1259,G,#020202,
23S:1260,A,green,
23S:1261,C,blue,
23S:1262,A,green,
23S:1263,U,red,
23S:1264,A,green,
23S:1265,A,green,
23S:1266,G,#020202,
23S:1267,U,red,
23S:1268,A,green,
23S:1269,A,green,
23S:1270,C,blue,
23S:1271,G,#020202,
23S:1272,A,green,
23S:1273,U,red,
23S:1274,A,green,
23S:1275,A,green,
23S:1276,A,green,
23S:1277,G,#020202,
23S:1278,C,blue,
23S:1279,G,#020202,
23S:1280,G,#020202,
23S:1281,G,#020202,
23S:1282,U,red,
23S:1283,G,#020202,
23S:1284,A,green,
23S:1285,A,green,
23S:1286,A,green,
23S:1287,A,green,
23S:1288,G,#020202,
23S:1289,C,blue,
23S:1290,C,blue,
23S:1291,C,blue,
23S:1292,G,#020202,
23S:1293,C,blue,
23S:1294,U,red,
23S:1295,C,blue,
23S:1296,G,#020202,
23S:1297,C,blue,
23S:1298,C,blue,
23S:1299,G,#020202,
23S:1300,G,#020202,
23S:1301,A,green,
23S:1302,A,green,
23S:1303,G,#020202,
23S:1304,A,green,
23S:1305,C,blue,
23S:1306,C,blue,
23S:1307,A,green,
23S:1308,A,green,
23S:1309,G,#020202,
23S:1310,G,#020202,
23S:1311,G,#020202,
23S:1312,U,red,
23S:1313,U,red,
23S:1314,C,blue,
23S:1315,C,blue,
23S:1316,U,red,
23S:1317,G,#020202,
23S:1318,U,red,
23S:1319,C,blue,
23S:1320,C,blue,
23S:1321,A,green,
23S:1322,A,green,
23S:1323,C,blue,
23S:1324,G,#020202,
23S:1325,U,red,
23S:1326,U,red,
23S:1327,A,green,
23S:1328,A,green,
23S:1329,U,red,
23S:1330,C,blue,
23S:1331,G,#020202,
23S:1332,G,#020202,
23S:1333,G,#020202,
23S:1334,G,#020202,
23S:1335,C,blue,
23S:1336,A,green,
23S:1337,G,#020202,
23S:1338,G,#020202,
23S:1339,G,#020202,
23S:1340,U,red,
23S:1341,G,#020202,
23S:1342,A,green,
23S:1343,G,#020202,
23S:1344,U,red,
23S:1345,C,blue,
23S:1346,G,#020202,
23S:1347,A,green,
23S:1348,C,blue,
23S:1349,C,blue,
23S:1350,C,blue,
23S:1351,C,blue,
23S:1352,U,red,
23S:1353,A,green,
23S:1354,A,green,
23S:1355,G,#020202,
23S:1356,G,#020202,
23S:1357,C,blue,
23S:1358,G,#020202,
23S:1359,A,green,
23S:1360,G,#020202,
23S:1361,G,#020202,
23S:1362,C,blue,
23S:1363,C,blue,
23S:1364,G,#020202,
23S:1365,A,green,
23S:1366,A,green,
23S:1367,A,green,
23S:1368,G,#020202,
23S:1369,G,#020202,
23S:1370,C,blue,
23S:1371,G,#020202,
23S:1372,U,red,
23S:1373,A,green,
23S:1374,G,#020202,
23S:1375,U,red,
23S:1376,C,blue,
23S:1377,G,#020202,
23S:1378,A,green,
23S:1379,U,red,
23S:1380,G,#020202,
23S:1381,G,#020202,
23S:1382,G,#020202,
23S:1383,A,green,
23S:1384,A,green,
23S:1385,A,green,
23S:1386,C,blue,
23S:1387,A,green,
23S:1388,G,#020202,
23S:1389,G,#020202,
23S:1390,U,red,
23S:1391,U,red,
23S:1392,A,green,
23S:1393,A,green,
23S:1394,U,red,
23S:1395,A,green,
23S:1396,U,red,
23S:1397,U,red,
23S:1398,C,blue,
23S:1399,C,blue,
23S:1400,U,red,
23S:1401,G,#020202,
23S:1402,U,red,
23S:1403,A,green,
23S:1404,C,blue,
23S:1405,U,red,
23S:1406,U,red,
23S:1407,G,#020202,
23S:1408,G,#020202,
23S:1409,U,red,
23S:1410,G,#020202,
23S:1411,U,red,
23S:1412,U,red,
23S:1413,A,green,
23S:1414,C,blue,
23S:1415,U,red,
23S:1416,G,#020202,
23S:1417,C,blue,
23S:1418,G,#020202,
23S:1419,A,green,
23S:1420,A,green,
23S:1421,G,#020202,
23S:1422,G,#020202,
23S:1423,G,#020202,
23S:1424,G,#020202,
23S:1425,G,#020202,
23S:1426,G,#020202,
23S:1427,A,green,
23S:1428,C,blue,
23S:1429,G,#020202,
23S:1430,G,#020202,
23S:1431,A,green,
23S:1432,G,#020202,
23S:1433,A,green,
23S:1434,A,green,
23S:1435,G,#020202,
23S:1436,G,#020202,
23S:1437,C,blue,
23S:1438,U,red,
23S:1439,A,green,
23S:1440,U,red,
23S:1441,G,#020202,
23S:1442,U,red,
23S:1443,U,red,
23S:1444,G,#020202,
23S:1445,G,#020202,
23S:1446,C,blue,
23S:1447,C,blue,
23S:1448,G,#020202,
23S:1449,G,#020202,
23S:1450,G,#020202,
23S:1451,C,blue,
23S:1452,G,#020202,
23S:1453,A,green,
23S:1454,C,blue,
23S:1455,G,#020202,
23S:1456,G,#020202,
23S:1457,U,red,
23S:1458,U,red,
23S:1459,G,#020202,
23S:1460,U,red,
23S:1461,C,blue,
23S:1462,C,blue,
23S:1463,C,blue,
23S:1464,G,#020202,
23S:1465,G,#020202,
23S:1466,U,red,
23S:1467,U,red,
23S:1468,U,red,
23S:1469,A,green,
23S:1470,A,green,
23S:1471,G,#020202,
23S:1472,C,blue,
23S:1473,G,#020202,
23S:1474,U,red,
23S:1475,G,#020202,
23S:1476,U,red,
23S:1477,A,green,
23S:1478,G,#020202,
23S:1479,G,#020202,
23S:1480,C,blue,
23S:1481,U,red,
23S:1482,G,#020202,
23S:1483,G,#020202,
23S:1484,U,red,
23S:1485,U,red,
23S:1486,U,red,
23S:1487,U,red,
23S:1488,C,blue,
23S:1489,C,blue,
23S:1490,A,green,
23S:1491,G,#020202,
23S:1492,G,#020202,
23S:1493,C,blue,
23S:1494,A,green,
23S:1495,A,green,
23S:1496,A,green,
23S:1497,U,red,
23S:1498,C,blue,
23S:1499,C,blue,
23S:1500,G,#020202,
23S:1501,G,#020202,
23S:1502,A,green,
23S:1503,A,green,
23S:1504,A,green,
23S:1505,A,green,
23S:1506,U,red,
23S:1507,C,blue,
23S:1508,A,green,
23S:1509,A,green,
23S:1510,G,#020202,
23S:1511,G,#020202,
23S:1512,C,blue,
23S:1513,U,red,
23S:1514,G,#020202,
23S:1515,A,green,
23S:1516,G,#020202,
23S:1517,G,#020202,
23S:1518,C,blue,
23S:1519,G,#020202,
23S:1520,U,red,
23S:1521,G,#020202,
23S:1522,A,green,
23S:1523,U,red,
23S:1524,G,#020202,
23S:1525,A,green,
23S:1526,C,blue,
23S:1527,G,#020202,
23S:1528,A,green,
23S:1529,G,#020202,
23S:1530,G,#020202,
23S:1531,C,blue,
23S:1532,A,green,
23S:1533,C,blue,
23S:1534,U,red,
23S:1535,A,green,
23S:1536,C,blue,
23S:1537,G,#020202,
23S:1538,G,#020202,
23S:1539,U,red,
23S:1540,G,#020202,
23S:1541,C,blue,
23S:1542,U,red,
23S:1543,G,#020202,
23S:1544,A,green,
23S:1545,A,green,
23S:1546,G,#020202,
23S:1547,C,blue,
23S:1548,A,green,
23S:1549,A,green,
23S:1550,C,blue,
23S:1551,A,green,
23S:1552,A,green,
23S:1553,A,green,
23S:1554,U,red,
23S:1555,G,#020202,
23S:1556,C,blue,
23S:1557,C,blue,
23S:1558,C,blue,
23S:1559,U,red,
23S:1560,G,#020202,
23S:1561,C,blue,
23S:1562,U,red,
23S:1563,U,red,
23S:1564,C,blue,
23S:1565,C,blue,
23S:1566,A,green,
23S:1567,G,#020202,
23S:1568,G,#020202,
23S:1569,A,green,
23S:1570,A,green,
23S:1571,A,green,
23S:1572,A,green,
23S:1573,G,#020202,
23S:1574,C,blue,
23S:1575,C,blue,
23S:1576,U,red,
23S:1577,C,blue,
23S:1578,U,red,
23S:1579,A,green,
23S:1580,A,green,
23S:1581,G,#020202,
23S:1582,C,blue,
23S:1583,A,green,
23S:1584,U,red,
23S:1585,C,blue,
23S:1586,A,green,
23S:1587,G,#020202,
23S:1588,G,#020202,
23S:1589,U,red,
23S:1590,A,green,
23S:1591,A,green,
23S:1592,C,blue,
23S:1593,A,green,
23S:1594,U,red,
23S:1595,C,blue,
23S:1596,A,green,
23S:1597,A,green,
23S:1598,A,green,
23S:1599,U,red,
23S:1600,C,blue,
23S:1601,G,#020202,
23S:1602,U,red,
23S:1603,A,green,
23S:1604,C,blue,
23S:1605,C,blue,
23S:1606,C,blue,
23S:1607,C,blue,
23S:1608,A,green,
23S:1609,A,green,
23S:1610,A,green,
23S:1611,C,blue,
23S:1612,C,blue,
23S:1613,G,#020202,
23S:1614,A,green,
23S:1615,C,blue,
23S:1616,A,green,
23S:1617,C,blue,
23S:1618,A,green,
23S:1619,G,#020202,
23S:1620,G,#020202,
23S:1621,U,red,
23S:1622,G,#020202,
23S:1623,G,#020202,
23S:1624,U,red,
23S:1625,C,blue,
23S:1626,A,green,
23S:1627,G,#020202,
23S:1628,G,#020202,
23S:1629,U,red,
23S:1630,A,green,
23S:1631,G,#020202,
23S:1632,A,green,
23S:1633,G,#020202,
23S:1634,A,green,
23S:1635,A,green,
23S:1636,U,red,
23S:1637,A,green,
23S:1638,C,blue,
23S:1639,C,blue,
23S:1640,A,green,
23S:1641,A,green,
23S:1642,G,#020202,
23S:1643,G,#020202,
23S:1644,C,blue,
23S:1645,G,#020202,
23S:1646,C,blue,
23S:1647,U,red,
23S:1648,U,red,
23S:1649,G,#020202,
23S:1650,A,green,
23S:1651,G,#020202,
23S:1652,A,green,
23S:1653,G,#020202,
23S:1654,A,green,
23S:1655,A,green,
23S:1656,C,blue,
23S:1657,U,red,
23S:1658,C,blue,
23S:1659,G,#020202,
23S:1660,G,#020202,
23S:1661,G,#020202,
23S:1662,U,red,
23S:1663,G,#020202,
23S:1664,A,green,
23S:1665,A,green,
23S:1666,G,#020202,
23S:1667,G,#020202,
23S:1668,A,green,
23S:1669,A,green,
23S:1670,C,blue,
23S:1671,U,red,
23S:1672,A,green,
23S:1673,G,#020202,
23S:1674,G,#020202,
23S:1675,C,blue,
23S:1676,A,green,
23S:1677,A,green,
23S:1678,A,green,
23S:1679,A,green,
23S:1680,U,red,
23S:1681,G,#020202,
23S:1682,G,#020202,
23S:1683,U,red,
23S:1684,G,#020202,
23S:1685,C,blue,
23S:1686,C,blue,
23S:1687,G,#020202,
23S:1688,U,red,
23S:1689,A,green,
23S:1690,A,green,
23S:1691,C,blue,
23S:1692,U,red,
23S:1693,U,red,
23S:1694,C,blue,
23S:1695,G,#020202,
23S:1696,G,#020202,
23S:1697,G,#020202,
23S:1698,A,green,
23S:1699,G,#020202,
23S:1700,A,green,
23S:1701,A,green,
23S:1702,G,#020202,
23S:1703,G,#020202,
23S:1704,C,blue,
23S:1705,A,green,
23S:1706,C,blue,
23S:1707,G,#020202,
23S:1708,C,blue,
23S:1709,U,red,
23S:1710,G,#020202,
23S:1711,A,green,
23S:1712,U,red,
23S:1713,A,green,
23S:1714,U,red,
23S:1715,G,#020202,
23S:1716,U,red,
23S:1717,A,green,
23S:1718,G,#020202,
23S:1719,G,#020202,
23S:1720,U,red,
23S:1721,G,#020202,
23S:1722,A,green,
23S:1723,G,#020202,
23S:1724,G,#020202,
23S:1725,U,red,
23S:1726,C,blue,
23S:1727,C,blue,
23S:1728,C,blue,
23S:1729,U,red,
23S:1730,C,blue,
23S:1731,G,#020202,
23S:1732,C,blue,
23S:1733,G,#020202,
23S:1734,G,#020202,
23S:1735,A,green,
23S:1736,U,red,
23S:1737,G,#020202,
23S:1738,G,#020202,
23S:1739,A,green,
23S:1740,G,#020202,
23S:1741,C,blue,
23S:1742,U,red,
23S:1743,G,#020202,
23S:1744,A,green,
23S:1745,A,green,
23S:1746,A,green,
23S:1747,U,red,
23S:1748,C,blue,
23S:1749,A,green,
23S:1750,G,#020202,
23S:1751,U,red,
23S:1752,C,blue,
23S:1753,G,#020202,
23S:1754,A,green,
23S:1755,A,green,
23S:1756,G,#020202,
23S:1757,A,green,
23S:1758,U,red,
23S:1759,A,green,
23S:1760,C,blue,
23S:1761,C,blue,
23S:1762,A,green,
23S:1763,G,#020202,
23S:1764,C,blue,
23S:1765,U,red,
23S:1766,G,#020202,
23S:1767,G,#020202,
23S:1768,C,blue,
23S:1769,U,red,
23S:1770,G,#020202,
23S:1771,C,blue,
23S:1772,A,green,
23S:1773,A,green,
23S:1774,C,blue,
23S:1775,U,red,
23S:1776,G,#020202,
23S:1777,U,red,
23S:1778,U,red,
23S:1779,U,red,
23S:1780,A,green,
23S:1781,U,red,
23S:1782,U,red,
23S:1783,A,green,
23S:1784,A,green,
23S:1785,A,green,
23S:1786,A,green,
23S:1787,A,green,
23S:1788,C,blue,
23S:1789,A,green,
23S:1790,C,blue,
23S:1791,A,green,
23S:1792,G,#020202,
23S:1793,C,blue,
23S:1794,A,green,
23S:1795,C,blue,
23S:1796,U,red,
23S:1797,G,#020202,
23S:1798,U,red,
23S:1799,G,#020202,
23S:1800,C,blue,
23S:1801,A,green,
23S:1802,A,green,
23S:1803,A,green,
23S:1804,C,blue,
23S:1805,A,green,
23S:1806,C,blue,
23S:1807,G,#020202,
23S:1808,A,green,
23S:1809,A,green,
23S:1810,A,green,
23S:1811,G,#020202,
23S:1812,U,red,
23S:1813,G,#020202,
23S:1814,G,#020202,
23S:1815,A,green,
23S:1816,C,blue,
23S:1817,G,#020202,
23S:1818,U,red,
23S:1819,A,green,
23S:1820,U,red,
23S:1821,A,green,
23S:1822,C,blue,
23S:1823,G,#020202,
23S:1824,G,#020202,
23S:1825,U,red,
23S:1826,G,#020202,
23S:1827,U,red,
23S:1828,G,#020202,
23S:1829,A,green,
23S:1830,C,blue,
23S:1831,G,#020202,
23S:1832,C,blue,
23S:1833,C,blue,
23S:1834,U,red,
23S:1835,G,#020202,
23S:1836,C,blue,
23S:1837,C,blue,
23S:1838,C,blue,
23S:1839,G,#020202,
23S:1840,G,#020202,
23S:1841,U,red,
23S:1842,G,#020202,
23S:1843,C,blue,
23S:1844,C,blue,
23S:1845,G,#020202,
23S:1846,G,#020202,
23S:1847,A,green,
23S:1848,A,green,
23S:1849,G,#020202,
23S:1850,G,#020202,
23S:1851,U,red,
23S:1852,U,red,
23S:1853,A,green,
23S:1854,A,green,
23S:1855,U,red,
23S:1856,U,red,
23S:1857,G,#020202,
23S:1858,A,green,
23S:1859,U,red,
23S:1860,G,#020202,
23S:1861,G,#020202,
23S:1862,G,#020202,
23S:1863,G,#020202,
23S:1864,U,red,
23S:1865,U,red,
23S:1866,A,green,
23S:1867,G,#020202,
23S:1868,C,blue,
23S:1869,G,#020202,
23S:1870,C,blue,
23S:1871,A,green,
23S:1872,A,green,
23S:1873,G,#020202,
23S:1874,C,blue,
23S:1875,G,#020202,
23S:1876,A,green,
23S:1877,A,green,
23S:1878,G,#020202,
23S:1879,C,blue,
23S:1880,U,red,
23S:1881,C,blue,
23S:1882,U,red,
23S:1883,U,red,
23S:1884,G,#020202,
23S:1885,A,green,
23S:1886,U,red,
23S:1887,C,blue,
23S:1888,G,#020202,
23S:1889,A,green,
23S:1890,A,green,
23S:1891,G,#020202,
23S:1892,C,blue,
23S:1893,C,blue,
23S:1894,C,blue,
23S:1895,C,blue,
23S:1896,G,#020202,
23S:1897,G,#020202,
23S:1898,U,red,
23S:1899,A,green,
23S:1900,A,green,
23S:1901,A,green,
23S:1902,C,blue,
23S:1903,G,#020202,
23S:1904,G,#020202,
23S:1905,C,blue,
23S:1906,G,#020202,
23S:1907,G,#020202,
23S:1908,C,blue,
23S:1909,C,blue,
23S:1910,G,#020202,
23S:1911,U,red,
23S:1912,A,green,
23S:1913,A,green,
23S:1914,C,blue,
23S:1915,U,red,
23S:1916,A,green,
23S:1917,U,red,
23S:1918,A,green,
23S:1919,A,green,
23S:1920,C,blue,
23S:1921,G,#020202,
23S:1922,G,#020202,
23S:1923,U,red,
23S:1924,C,blue,
23S:1925,C,blue,
23S:1926,U,red,
23S:1927,A,green,
23S:1928,A,green,
23S:1929,G,#020202,
23S:1930,G,#020202,
23S:1931,U,red,
23S:1932,A,green,
23S:1933,G,#020202,
23S:1934,C,blue,
23S:1935,G,#020202,
23S:1936,A,green,
23S:1937,A,green,
23S:1938,A,green,
23S:1939,U,red,
23S:1940,U,red,
23S:1941,C,blue,
23S:1942,C,blue,
23S:1943,U,red,
23S:1944,U,red,
23S:1945,G,#020202,
23S:1946,U,red,
23S:1947,C,blue,
23S:1948,G,#020202,
23S:1949,G,#020202,
23S:1950,G,#020202,
23S:1951,U,red,
23S:1952,A,green,
23S:1953,A,green,
23S:1954,G,#020202,
23S:1955,U,red,
23S:1956,U,red,
23S:1957,C,blue,
23S:1958,C,blue,
23S:1959,G,#020202,
23S:1960,A,green,
23S:1961,C,blue,
23S:1962,C,blue,
23S:1963,U,red,
23S:1964,G,#020202,
23S:1965,C,blue,
23S:1966,A,green,
23S:1967,C,blue,
23S:1968,G,#020202,
23S:1969,A,green,
23S:1970,A,green,
23S:1971,U,red,
23S:1972,G,#020202,
23S:1973,G,#020202,
23S:1974,C,blue,
23S:1975,G,#020202,
23S:1976,U,red,
23S:1977,A,green,
23S:1978,A,green,
23S:1979,U,red,
23S:1980,G,#020202,
23S:1981,A,green,
23S:1982,U,red,
23S:1983,G,#020202,
23S:1984,G,#020202,
23S:1985,C,blue,
23S:1986,C,blue,
23S:1987,A,green,
23S:1988,G,#020202,
23S:1989,G,#020202,
23S:1990,C,blue,
23S:1991,U,red,
23S:1992,G,#020202,
23S:1993,U,red,
23S:1994,C,blue,
23S:1995,U,red,
23S:1996,C,blue,
23S:1997,C,blue,
23S:1998,A,green,
23S:1999,C,blue,
23S:2000,C,blue,
23S:2001,C,blue,
23S:2002,G,#020202,
23S:2003,A,green,
23S:2004,G,#020202,
23S:2005,A,green,
23S:2006,C,blue,
23S:2007,U,red,
23S:2008,C,blue,
23S:2009,A,green,
23S:2010,G,#020202,
23S:2011,U,red,
23S:2012,G,#020202,
23S:2013,A,green,
23S:2014,A,green,
23S:2015,A,green,
23S:2016,U,red,
23S:2017,U,red,
23S:2018,G,#020202,
23S:2019,A,green,
23S:2020,A,green,
23S:2021,C,blue,
23S:2022,U,red,
23S:2023,C,blue,
23S:2024,G,#020202,
23S:2025,C,blue,
23S:2026,U,red,
23S:2027,G,#020202,
23S:2028,U,red,
23S:2029,G,#020202,
23S:2030,A,green,
23S:2031,A,green,
23S:2032,G,#020202,
23S:2033,A,green,
23S:2034,U,red,
23S:2035,G,#020202,
23S:2036,C,blue,
23S:2037,A,green,
23S:2038,G,#020202,
23S:2039,U,red,
23S:2040,G,#020202,
23S:2041,U,red,
23S:2042,A,green,
23S:2043,C,blue,
23S:2044,C,blue,
23S:2045,C,blue,
23S:2046,G,#020202,
23S:2047,C,blue,
23S:2048,G,#020202,
23S:2049,G,#020202,
23S:2050,C,blue,
23S:2051,A,green,
23S:2052,A,green,
23S:2053,G,#020202,
23S:2054,A,green,
23S:2055,C,blue,
23S:2056,G,#020202,
23S:2057,G,#020202,
23S:2058,A,green,
23S:2059,A,green,
23S:2060,A,green,
23S:2061,G,#020202,
23S:2062,A,green,
23S:2063,C,blue,
23S:2064,C,blue,
23S:2065,C,blue,
23S:2066,C,blue,
23S:2067,G,#020202,
23S:2068,U,red,
23S:2069,G,#020202,
23S:2070,A,green,
23S:2071,A,green,
23S:2072,C,blue,
23S:2073,C,blue,
23S:2074,U,red,
23S:2075,U,red,
23S:2076,U,red,
23S:2077,A,green,
23S:2078,C,blue,
23S:2079,U,red,
23S:2080,A,green,
23S:2081,U,red,
23S:2082,A,green,
23S:2083,G,#020202,
23S:2084,C,blue,
23S:2085,U,red,
23S:2086,U,red,
23S:2087,G,#020202,
23S:2088,A,green,
23S:2089,C,blue,
23S:2090,A,green,
23S:2091,C,blue,
23S:2092,U,red,
23S:2093,G,#020202,
23S:2094,A,green,
23S:2095,A,green,
23S:2096,C,blue,
23S:2097,A,green,
23S:2098,U,red,
23S:2099,U,red,
23S:2100,G,#020202,
23S:2101,A,green,
23S:2102,G,#020202,
23S:2103,C,blue,
23S:2104,C,blue,
23S:2105,U,red,
23S:2106,U,red,
23S:2107,G,#020202,
23S:2108,A,green,
23S:2109,U,red,
23S:2110,G,#020202,
23S:2111,U,red,
23S:2112,G,#020202,
23S:2113,U,red,
23S:2114,A,green,
23S:2115,G,#020202,
23S:2116,G,#020202,
23S:2117,A,green,
23S:2118,U,red,
23S:2119,A,green,
23S:2120,G,#020202,
23S:2121,G,#020202,
23S:2122,U,red,
23S:2123,G,#020202,
23S:2124,G,#020202,
23S:2125,G,#020202,
23S:2126,A,green,
23S:2127,G,#020202,
23S:2128,G,#020202,
23S:2129,C,blue,
23S:2130,U,red,
23S:2131,U,red,
23S:2132,U,red,
23S:2133,G,#020202,
23S:2134,A,green,
23S:2135,A,green,
23S:2136,G,#020202,
23S:2137,U,red,
23S:2138,G,#020202,
23S:2139,U,red,
23S:2140,G,#020202,
23S:2141,G,#020202,
23S:2142,A,green,
23S:2143,C,blue,
23S:2144,G,#020202,
23S:2145,C,blue,
23S:2146,C,blue,
23S:2147,A,green,
23S:2148,G,#020202,
23S:2149,U,red,
23S:2150,C,blue,
23S:2151,U,red,
23S:2152,G,#020202,
23S:2153,C,blue,
23S:2154,A,green,
23S:2155,U,red,
23S:2156,G,#020202,
23S:2157,G,#020202,
23S:2158,A,green,
23S:2159,G,#020202,
23S:2160,C,blue,
23S:2161,C,blue,
23S:2162,G,#020202,
23S:2163,A,green,
23S:2164,C,blue,
23S:2165,C,blue,
23S:2166,U,red,
23S:2167,U,red,
23S:2168,G,#020202,
23S:2169,A,green,
23S:2170,A,green,
23S:2171,A,green,
23S:2172,U,red,
23S:2173,A,green,
23S:2174,C,blue,
23S:2175,C,blue,
23S:2176,A,green,
23S:2177,C,blue,
23S:2178,C,blue,
23S:2179,C,blue,
23S:2180,U,red,
23S:2181,U,red,
23S:2182,U,red,
23S:2183,A,green,
23S:2184,A,green,
23S:2185,U,red,
23S:2186,G,#020202,
23S:2187,U,red,
23S:2188,U,red,
23S:2189,U,red,
23S:2190,G,#020202,
23S:2191,A,green,
23S:2192,U,red,
23S:2193,G,#020202,
23S:2194,U,red,
23S:2195,U,red,
23S:2196,C,blue,
23S:2197,U,red,
23S:2198,A,green,
23S:2199,A,green,
23S:2200,C,blue,
23S:2201,G,#020202,
23S:2202,U,red,
23S:2203,U,red,
23S:2204,G,#020202,
23S:2205,A,green,
23S:2206,C,blue,
23S:2207,C,blue,
23S:2208,C,blue,
23S:2209,G,#020202,
23S:2210,U,red,
23S:2211,A,green,
23S:2212,A,green,
23S:2213,U,red,
23S:2214,C,blue,
23S:2215,C,blue,
23S:2216,G,#020202,
23S:2217,G,#020202,
23S:2218,G,#020202,
23S:2219,U,red,
23S:2220,U,red,
23S:2221,G,#020202,
23S:2222,C,blue,
23S:2223,G,#020202,
23S:2224,G,#020202,
23S:2225,A,green,
23S:2226,C,blue,
23S:2227,A,green,
23S:2228,G,#020202,
23S:2229,U,red,
23S:2230,G,#020202,
23S:2231,U,red,
23S:2232,C,blue,
23S:2233,U,red,
23S:2234,G,#020202,
23S:2235,G,#020202,
23S:2236,U,red,
23S:2237,G,#020202,
23S:2238,G,#020202,
23S:2239,G,#020202,
23S:2240,U,red,
23S:2241,A,green,
23S:2242,G,#020202,
23S:2243,U,red,
23S:2244,U,red,
23S:2245,U,red,
23S:2246,G,#020202,
23S:2247,A,green,
23S:2248,C,blue,
23S:2249,U,red,
23S:2250,G,#020202,
23S:2251,G,#020202,
23S:2252,G,#020202,
23S:2253,G,#020202,
23S:2254,C,blue,
23S:2255,G,#020202,
23S:2256,G,#020202,
23S:2257,U,red,
23S:2258,C,blue,
23S:2259,U,red,
23S:2260,C,blue,
23S:2261,C,blue,
23S:2262,U,red,
23S:2263,C,blue,
23S:2264,C,blue,
23S:2265,U,red,
23S:2266,A,green,
23S:2267,A,green,
23S:2268,A,green,
23S:2269,G,#020202,
23S:2270,A,green,
23S:2271,G,#020202,
23S:2272,U,red,
23S:2273,A,green,
23S:2274,A,green,
23S:2275,C,blue,
23S:2276,G,#020202,
23S:2277,G,#020202,
23S:2278,A,green,
23S:2279,G,#020202,
23S:2280,G,#020202,
23S:2281,A,green,
23S:2282,G,#020202,
23S:2283,C,blue,
23S:2284,A,green,
23S:2285,C,blue,
23S:2286,G,#020202,
23S:2287,A,green,
23S:2288,A,green,
23S:2289,G,#020202,
23S:2290,G,#020202,
23S:2291,U,red,
23S:2292,U,red,
23S:2293,G,#020202,
23S:2294,G,#020202,
23S:2295,C,blue,
23S:2296,U,red,
23S:2297,A,green,
23S:2298,A,green,
23S:2299,U,red,
23S:2300,C,blue,
23S:2301,C,blue,
23S:2302,U,red,
23S:2303,G,#020202,
23S:2304,G,#020202,
23S:2305,U,red,
23S:2306,C,blue,
23S:2307,G,#020202,
23S:2308,G,#020202,
23S:2309,A,green,
23S:2310,C,blue,
23S:2311,A,green,
23S:2312,U,red,
23S:2313,C,blue,
23S:2314,A,green,
23S:2315,G,#020202,
23S:2316,G,#020202,
23S:2317,A,green,
23S:2318,G,#020202,
23S:2319,G,#020202,
23S:2320,U,red,
23S:2321,U,red,
23S:2322,A,green,
23S:2323,G,#020202,
23S:2324,U,red,
23S:2325,G,#020202,
23S:2326,C,blue,
23S:2327,A,green,
23S:2328,A,green,
23S:2329,U,red,
23S:2330,G,#020202,
23S:2331,G,#020202,
23S:2332,C,blue,
23S:2333,A,green,
23S:2334,U,red,
23S:2335,A,green,
23S:2336,A,green,
23S:2337,G,#020202,
23S:2338,C,blue,
23S:2339,C,blue,
23S:2340,A,green,
23S:2341,G,#020202,
23S:2342,C,blue,
23S:2343,U,red,
23S:2344,U,red,
23S:2345,G,#020202,
23S:2346,A,green,
23S:2347,C,blue,
23S:2348,U,red,
23S:2349,G,#020202,
23S:2350,C,blue,
23S:2351,G,#020202,
23S:2352,A,green,
23S:2353,G,#020202,
23S:2354,C,blue,
23S:2355,G,#020202,
23S:2356,U,red,
23S:2357,G,#020202,
23S:2358,A,green,
23S:2359,C,blue,
23S:2360,G,#020202,
23S:2361,G,#020202,
23S:2362,C,blue,
23S:2363,G,#020202,
23S:2364,C,blue,
23S:2365,G,#020202,
23S:2366,A,green,
23S:2367,G,#020202,
23S:2368,C,blue,
23S:2369,A,green,
23S:2370,G,#020202,
23S:2371,G,#020202,
23S:2372,U,red,
23S:2373,G,#020202,
23S:2374,C,blue,
23S:2375,G,#020202,
23S:2376,A,green,
23S:2377,A,green,
23S:2378,A,green,
23S:2379,G,#020202,
23S:2380,C,blue,
23S:2381,A,green,
23S:2382,G,#020202,
23S:2383,G,#020202,
23S:2384,U,red,
23S:2385,C,blue,
23S:2386,A,green,
23S:2387,U,red,
23S:2388,A,green,
23S:2389,G,#020202,
23S:2390,U,red,
23S:2391,G,#020202,
23S:2392,A,green,
23S:2393,U,red,
23S:2394,C,blue,
23S:2395,C,blue,
23S:2396,G,#020202,
23S:2397,G,#020202,
23S:2398,U,red,
23S:2399,G,#020202,
23S:2400,G,#020202,
23S:2401,U,red,
23S:2402,U,red,
23S:2403,C,blue,
23S:2404,U,red,
23S:2405,G,#020202,
23S:2406,A,green,
23S:2407,A,green,
23S:2408,U,red,
23S:2409,G,#020202,
23S:2410,G,#020202,
23S:2411,A,green,
23S:2412,A,green,
23S:2413,G,#020202,
23S:2414,G,#020202,
23S:2415,G,#020202,
23S:2416,C,blue,
23S:2417,C,blue,
23S:2418,A,green,
23S:2419,U,red,
23S:2420,C,blue,
23S:2421,G,#020202,
23S:2422,C,blue,
23S:2423,U,red,
23S:2424,C,blue,
23S:2425,A,green,
23S:2426,A,green,
23S:2427,C,blue,
23S:2428,G,#020202,
23S:2429,G,#020202,
23S:2430,A,green,
23S:2431,U,red,
23S:2432,A,green,
23S:2433,A,green,
23S:2434,A,green,
23S:2435,A,green,
23S:2436,G,#020202,
23S:2437,G,#020202,
23S:2438,U,red,
23S:2439,A,green,
23S:2440,C,blue,
23S:2441,U,red,
23S:2442,C,blue,
23S:2443,C,blue,
23S:2444,G,#020202,
23S:2445,G,#020202,
23S:2446,G,#020202,
23S:2447,G,#020202,
23S:2448,A,green,
23S:2449,U,red,
23S:2450,A,green,
23S:2451,A,green,
23S:2452,C,blue,
23S:2453,A,green,
23S:2454,G,#020202,
23S:2455,G,#020202,
23S:2456,C,blue,
23S:2457,U,red,
23S:2458,G,#020202,
23S:2459,A,green,
23S:2460,U,red,
23S:2461,A,green,
23S:2462,C,blue,
23S:2463,C,blue,
23S:2464,G,#020202,
23S:2465,C,blue,
23S:2466,C,blue,
23S:2467,C,blue,
23S:2468,A,green,
23S:2469,A,green,
23S:2470,G,#020202,
23S:2471,A,green,
23S:2472,G,#020202,
23S:2473,U,red,
23S:2474,U,red,
23S:2475,C,blue,
23S:2476,A,green,
23S:2477,U,red,
23S:2478,A,green,
23S:2479,U,red,
23S:2480,C,blue,
23S:2481,G,#020202,
23S:2482,A,green,
23S:2483,C,blue,
23S:2484,G,#020202,
23S:2485,G,#020202,
23S:2486,C,blue,
23S:2487,G,#020202,
23S:2488,G,#020202,
23S:2489,U,red,
23S:2490,G,#020202,
23S:2491,U,red,
23S:2492,U,red,
23S:2493,U,red,
23S:2494,G,#020202,
23S:2495,G,#020202,
23S:2496,C,blue,
23S:2497,A,green,
23S:2498,C,blue,
23S:2499,C,blue,
23S:2500,U,red,
23S:2501,C,blue,
23S:2502,G,#020202,
23S:2503,A,green,
23S:2504,U,red,
23S:2505,G,#020202,
23S:2506,U,red,
23S:2507,C,blue,
23S:2508,G,#020202,
23S:2509,G,#020202,
23S:2510,C,blue,
23S:2511,U,red,
23S:2512,C,blue,
23S:2513,A,green,
23S:2514,U,red,
23S:2515,C,blue,
23S:2516,A,green,
23S:2517,C,blue,
23S:2518,A,green,
23S:2519,U,red,
23S:2520,C,blue,
23S:2521,C,blue,
23S:2522,U,red,
23S:2523,G,#020202,
23S:2524,G,#020202,
23S:2525,G,#020202,
23S:2526,G,#020202,
23S:2527,C,blue,
23S:2528,U,red,
23S:2529,G,#020202,
23S:2530,A,green,
23S:2531,A,green,
23S:2532,G,#020202,
23S:2533,U,red,
23S:2534,A,green,
23S:2535,G,#020202,
23S:2536,G,#020202,
23S:2537,U,red,
23S:2538,C,blue,
23S:2539,C,blue,
23S:2540,C,blue,
23S:2541,A,green,
23S:2542,A,green,
23S:2543,G,#020202,
23S:2544,G,#020202,
23S:2545,G,#020202,
23S:2546,U,red,
23S:2547,A,green,
23S:2548,U,red,
23S:2549,G,#020202,
23S:2550,G,#020202,
23S:2551,C,blue,
23S:2552,U,red,
23S:2553,G,#020202,
23S:2554,U,red,
23S:2555,U,red,
23S:2556,C,blue,
23S:2557,G,#020202,
23S:2558,C,blue,
23S:2559,C,blue,
23S:2560,A,green,
23S:2561,U,red,
23S:2562,U,red,
23S:2563,U,red,
23S:2564,A,green,
23S:2565,A,green,
23S:2566,A,green,
23S:2567,G,#020202,
23S:2568,U,red,
23S:2569,G,#020202,
23S:2570,G,#020202,
23S:2571,U,red,
23S:2572,A,green,
23S:2573,C,blue,
23S:2574,G,#020202,
23S:2575,C,blue,
23S:2576,G,#020202,
23S:2577,A,green,
23S:2578,G,#020202,
23S:2579,C,blue,
23S:2580,U,red,
23S:2581,G,#020202,
23S:2582,G,#020202,
23S:2583,G,#020202,
23S:2584,U,red,
23S:2585,U,red,
23S:2586,U,red,
23S:2587,A,green,
23S:2588,G,#020202,
23S:2589,A,green,
23S:2590,A,green,
23S:2591,C,blue,
23S:2592,G,#020202,
23S:2593,U,red,
23S:2594,C,blue,
23S:2595,G,#020202,
23S:2596,U,red,
23S:2597,G,#020202,
23S:2598,A,green,
23S:2599,G,#020202,
23S:2600,A,green,
23S:2601,C,blue,
23S:2602,A,green,
23S:2603,G,#020202,
23S:2604,U,red,
23S:2605,U,red,
23S:2606,C,blue,
23S:2607,G,#020202,
23S:2608,G,#020202,
23S:2609,U,red,
23S:2610,C,blue,
23S:2611,C,blue,
23S:2612,C,blue,
23S:2613,U,red,
23S:2614,A,green,
23S:2615,U,red,
23S:2616,C,blue,
23S:2617,U,red,
23S:2618,G,#020202,
23S:2619,C,blue,
23S:2620,C,blue,
23S:2621,G,#020202,
23S:2622,U,red,
23S:2623,G,#020202,
23S:2624,G,#020202,
23S:2625,G,#020202,
23S:2626,C,blue,
23S:2627,G,#020202,
23S:2628,C,blue,
23S:2629,U,red,
23S:2630,G,#020202,
23S:2631,G,#020202,
23S:2632,A,green,
23S:2633,G,#020202,
23S:2634,A,green,
23S:2635,A,green,
23S:2636,C,blue,
23S:2637,U,red,
23S:2638,G,#020202,
23S:2639,A,green,
23S:2640,G,#020202,
23S:2641,G,#020202,
23S:2642,G,#020202,
23S:2643,G,#020202,
23S:2644,G,#020202,
23S:2645,G,#020202,
23S:2646,C,blue,
23S:2647,U,red,
23S:2648,G,#020202,
23S:2649,C,blue,
23S:2650,U,red,
23S:2651,C,blue,
23S:2652,C,blue,
23S:2653,U,red,
23S:2654,A,green,
23S:2655,G,#020202,
23S:2656,U,red,
23S:2657,A,green,
23S:2658,C,blue,
23S:2659,G,#020202,
23S:2660,A,green,
23S:2661,G,#020202,
23S:2662,A,green,
23S:2663,G,#020202,
23S:2664,G,#020202,
23S:2665,A,green,
23S:2666,C,blue,
23S:2667,C,blue,
23S:2668,G,#020202,
23S:2669,G,#020202,
23S:2670,A,green,
23S:2671,G,#020202,
23S:2672,U,red,
23S:2673,G,#020202,
23S:2674,G,#020202,
23S:2675,A,green,
23S:2676,C,blue,
23S:2677,G,#020202,
23S:2678,C,blue,
23S:2679,A,green,
23S:2680,U,red,
23S:2681,C,blue,
23S:2682,A,green,
23S:2683,C,blue,
23S:2684,U,red,
23S:2685,G,#020202,
23S:2686,G,#020202,
23S:2687,U,red,
23S:2688,G,#020202,
23S:2689,U,red,
23S:2690,U,red,
23S:2691,C,blue,
23S:2692,G,#020202,
23S:2693,G,#020202,
23S:2694,G,#020202,
23S:2695,U,red,
23S:2696,U,red,
23S:2697,G,#020202,
23S:2698,U,red,
23S:2699,C,blue,
23S:2700,A,green,
23S:2701,U,red,
23S:2702,G,#020202,
23S:2703,C,blue,
23S:2704,C,blue,
23S:2705,A,green,
23S:2706,A,green,
23S:2707,U,red,
23S:2708,G,#020202,
23S:2709,G,#020202,
23S:2710,C,blue,
23S:2711,A,green,
23S:2712,C,blue,
23S:2713,U,red,
23S:2714,G,#020202,
23S:2715,C,blue,
23S:2716,C,blue,
23S:2717,C,blue,
23S:2718,G,#020202,
23S:2719,G,#020202,
23S:2720,U,red,
23S:2721,A,green,
23S:2722,G,#020202,
23S:2723,C,blue,
23S:2724,U,red,
23S:2725,A,green,
23S:2726,A,green,
23S:2727,A,green,
23S:2728,U,red,
23S:2729,G,#020202,
23S:2730,C,blue,
23S:2731,G,#020202,
23S:2732,G,#020202,
23S:2733,A,green,
23S:2734,A,green,
23S:2735,G,#020202,
23S:2736,A,green,
23S:2737,G,#020202,
23S:2738,A,green,
23S:2739,U,red,
23S:2740,A,green,
23S:2741,A,green,
23S:2742,G,#020202,
23S:2743,U,red,
23S:2744,G,#020202,
23S:2745,C,blue,
23S:2746,U,red,
23S:2747,G,#020202,
23S:2748,A,green,
23S:2749,A,green,
23S:2750,A,green,
23S:2751,G,#020202,
23S:2752,C,blue,
23S:2753,A,green,
23S:2754,U,red,
23S:2755,C,blue,
23S:2756,U,red,
23S:2757,A,green,
23S:2758,A,green,
23S:2759,G,#020202,
23S:2760,C,blue,
23S:2761,A,green,
23S:2762,C,blue,
23S:2763,G,#020202,
23S:2764,A,green,
23S:2765,A,green,
23S:2766,A,green,
23S:2767,C,blue,
23S:2768,U,red,
23S:2769,U,red,
23S:2770,G,#020202,
23S:2771,C,blue,
23S:2772,C,blue,
23S:2773,C,blue,
23S:2774,C,blue,
23S:2775,G,#020202,
23S:2776,A,green,
23S:2777,G,#020202,
23S:2778,A,green,
23S:2779,U,red,
23S:2780,G,#020202,
23S:2781,A,green,
23S:2782,G,#020202,
23S:2783,U,red,
23S:2784,U,red,
23S:2785,C,blue,
23S:2786,U,red,
23S:2787,C,blue,
23S:2788,C,blue,
23S:2789,C,blue,
23S:2790,U,red,
23S:2791,G,#020202,
23S:2792,A,green,
23S:2793,C,blue,
23S:2794,C,blue,
23S:2795,C,blue,
23S:2796,U,red,
23S:2797,U,red,
23S:2798,U,red,
23S:2799,A,green,
23S:2800,A,green,
23S:2801,G,#020202,
23S:2802,G,#020202,
23S:2803,G,#020202,
23S:2804,U,red,
23S:2805,C,blue,
23S:2806,C,blue,
23S:2807,U,red,
23S:2808,G,#020202,
23S:2809,A,green,
23S:2810,A,green,
23S:2811,G,#020202,
23S:2812,G,#020202,
23S:2813,A,green,
23S:2814,A,green,
23S:2815,C,blue,
23S:2816,G,#020202,
23S:2817,U,red,
23S:2818,U,red,
23S:2819,G,#020202,
23S:2820,A,green,
23S:2821,A,green,
23S:2822,G,#020202,
23S:2823,A,green,
23S:2824,C,blue,
23S:2825,G,#020202,
23S:2826,A,green,
23S:2827,C,blue,
23S:2828,G,#020202,
23S:2829,A,green,
23S:2830,C,blue,
23S:2831,G,#020202,
23S:2832,U,red,
23S:2833,U,red,
23S:2834,G,#020202,
23S:2835,A,green,
23S:2836,U,red,
23S:2837,A,green,
23S:2838,G,#020202,
23S:2839,G,#020202,
23S:2840,C,blue,
23S:2841,C,blue,
23S:2842,G,#020202,
23S:2843,G,#020202,
23S:2844,G,#020202,
23S:2845,U,red,
23S:2846,G,#020202,
23S:2847,U,red,
23S:2848,G,#020202,
23S:2849,U,red,
23S:2850,A,green,
23S:2851,A,green,
23S:2852,G,#020202,
23S:2853,C,blue,
23S:2854,G,#020202,
23S:2855,C,blue,
23S:2856,A,green,
23S:2857,G,#020202,
23S:2858,C,blue,
23S:2859,G,#020202,
23S:2860,A,green,
23S:2861,U,red,
23S:2862,G,#020202,
23S:2863,C,blue,
23S:2864,G,#020202,
23S:2865,U,red,
23S:2866,U,red,
23S:2867,G,#020202,
23S:2868,A,green,
23S:2869,G,#020202,
23S:2870,C,blue,
23S:2871,U,red,
23S:2872,A,green,
23S:2873,A,green,
23S:2874,C,blue,
23S:2875,C,blue,
23S:2876,G,#020202,
23S:2877,G,#020202,
23S:2878,U,red,
23S:2879,A,green,
23S:2880,C,blue,
23S:2881,U,red,
23S:2882,A,green,
23S:2883,A,green,
23S:2884,U,red,
23S:2885,G,#020202,
23S:2886,A,green,
23S:2887,A,green,
23S:2888,C,blue,
23S:2889,C,blue,
23S:2890,G,#020202,
23S:2891,U,red,
23S:2892,G,#020202,
23S:2893,A,green,
23S:2894,G,#020202,
23S:2895,G,#020202,
23S:2896,C,blue,
23S:2897,U,red,
23S:2898,U,red,
23S:2899,A,green,
23S:2900,A,green,
23S:2901,C,blue,
23S:2902,C,blue,
23S:2903,U,red,
23S:2904,U,red,
5S:1,U,red,
5S:2,G,#020202,
5S:3,C,blue,
5S:4,C,blue,
5S:5,U,red,
5S:6,G,#020202,
5S:7,G,#020202,
5S:8,C,blue,
5S:9,G,#020202,
5S:10,G,#020202,
5S:11,C,blue,
5S:12,C,blue,
5S:13,G,#020202,
5S:14,U,red,
5S:15,A,green,
5S:16,G,#020202,
5S:17,C,blue,
5S:18,G,#020202,
5S:19,C,blue,
5S:20,G,#020202,
5S:21,G,#020202,
5S:22,U,red,
5S:23,G,#020202,
5S:24,G,#020202,
5S:25,U,red,
5S:26,C,blue,
5S:27,C,blue,
5S:28,C,blue,
5S:29,A,green,
5S:30,C,blue,
5S:31,C,blue,
5S:32,U,red,
5S:33,G,#020202,
5S:34,A,green,
5S:35,C,blue,
5S:36,C,blue,
5S:37,C,blue,
5S:38,C,blue,
5S:39,A,green,
5S:40,U,red,
5S:41,G,#020202,
5S:42,C,blue,
5S:43,C,blue,
5S:44,G,#020202,
5S:45,A,green,
5S:46,A,green,
5S:47,C,blue,
5S:48,U,red,
5S:49,C,blue,
5S:50,A,green,
5S:51,G,#020202,
5S:52,A,green,
5S:53,A,green,
5S:54,G,#020202,
5S:55,U,red,
5S:56,G,#020202,
5S:57,A,green,
5S:58,A,green,
5S:59,A,green,
5S:60,C,blue,
5S:61,G,#020202,
5S:62,C,blue,
5S:63,C,blue,
5S:64,G,#020202,
5S:65,U,red,
5S:66,A,green,
5S:67,G,#020202,
5S:68,C,blue,
5S:69,G,#020202,
5S:70,C,blue,
5S:71,C,blue,
5S:72,G,#020202,
5S:73,A,green,
5S:74,U,red,
5S:75,G,#020202,
5S:76,G,#020202,
5S:77,U,red,
5S:78,A,green,
5S:79,G,#020202,
5S:80,U,red,
5S:81,G,#020202,
5S:82,U,red,
5S:83,G,#020202,
5S:84,G,#020202,
5S:85,G,#020202,
5S:86,G,#020202,
5S:87,U,red,
5S:88,C,blue,
5S:89,U,red,
5S:90,C,blue,
5S:91,C,blue,
5S:92,C,blue,
5S:93,C,blue,
5S:94,A,green,
5S:95,U,red,
5S:96,G,#020202,
5S:97,C,blue,
5S:98,G,#020202,
5S:99,A,green,
5S:100,G,#020202,
5S:101,A,green,
5S:102,G,#020202,
5S:103,U,red,
5S:104,A,green,
5S:105,G,#020202,
5S:106,G,#020202,
5S:107,G,#020202,
5S:108,A,green,
5S:109,A,green,
5S:110,C,blue,
5S:111,U,red,
5S:112,G,#020202,
5S:113,C,blue,
5S:114,C,blue,
5S:115,A,green,
5S:116,G,#020202,
5S:117,G,#020202,
5S:118,C,blue,
5S:119,A,green,
5S:120,U,red,
