map_Index,Domain_RN,Domain_AN,Domains_Color,Helix_Num,Helix_Color,SS_Table
1,I,1,1,H1,1,HALMA_LSU
2,I,1,1,H1,1,HALMA_LSU
3,I,1,1,H1,1,HALMA_LSU
4,I,1,1,H1,1,HALMA_LSU
5,I,1,1,H1,1,HALMA_LSU
6,I,1,1,H1,1,HALMA_LSU
7,I,1,1,H1,1,HALMA_LSU
8,I,1,1,H1,1,HALMA_LSU
9,I,1,1,H1,1,HALMA_LSU
10,I,1,1,H2,2,HALMA_LSU
11,I,1,1,H2,2,HALMA_LSU
12,I,1,1,H2,2,HALMA_LSU
13,I,1,1,H2,2,HALMA_LSU
14,I,1,1,H2,2,HALMA_LSU
15,I,1,1,H2,2,HALMA_LSU
16,I,1,1,H2,2,HALMA_LSU
17,I,1,1,H2,2,HALMA_LSU
18,I,1,1,H2,2,HALMA_LSU
19,I,1,1,H2,2,HALMA_LSU
20,I,1,1,H2,2,HALMA_LSU
21,I,1,1,H2,2,HALMA_LSU
22,I,1,1,H2,2,HALMA_LSU
23,I,1,1,H2,2,HALMA_LSU
24,I,1,1,H2,2,HALMA_LSU
25,I,1,1,H2,2,HALMA_LSU
26,I,1,1,H2,2,HALMA_LSU
27,I,1,1,H2,2,HALMA_LSU
28,I,1,1,H3,3,HALMA_LSU
29,I,1,1,H3,3,HALMA_LSU
30,I,1,1,H4,4,HALMA_LSU
31,I,1,1,H4,4,HALMA_LSU
32,I,1,1,H4,4,HALMA_LSU
33,I,1,1,H4,4,HALMA_LSU
34,I,1,1,H4,4,HALMA_LSU
35,I,1,1,H4,4,HALMA_LSU
36,I,1,1,H4,4,HALMA_LSU
37,I,1,1,H4,4,HALMA_LSU
38,I,1,1,H4,4,HALMA_LSU
39,I,1,1,H4,4,HALMA_LSU
40,I,1,1,H4,4,HALMA_LSU
41,I,1,1,H4,4,HALMA_LSU
42,I,1,1,H4,4,HALMA_LSU
43,I,1,1,H4,4,HALMA_LSU
44,I,1,1,H5,1,HALMA_LSU
45,I,1,1,H5,1,HALMA_LSU
46,I,1,1,H5,1,HALMA_LSU
47,I,1,1,H5,1,HALMA_LSU
48,I,1,1,H5,1,HALMA_LSU
49,I,1,1,H5,1,HALMA_LSU
50,I,1,1,H5,1,HALMA_LSU
51,I,1,1,H5,1,HALMA_LSU
52,I,1,1,H5,1,HALMA_LSU
53,I,1,1,H6,2,HALMA_LSU
54,I,1,1,H6,2,HALMA_LSU
55,I,1,1,H6,2,HALMA_LSU
56,I,1,1,H6,2,HALMA_LSU
57,I,1,1,H6,2,HALMA_LSU
58,I,1,1,H6,2,HALMA_LSU
59,I,1,1,H6,2,HALMA_LSU
60,I,1,1,H6,2,HALMA_LSU
61,I,1,1,H6,2,HALMA_LSU
62,I,1,1,H6,2,HALMA_LSU
63,I,1,1,H6,2,HALMA_LSU
64,I,1,1,H6,2,HALMA_LSU
65,I,1,1,H6,2,HALMA_LSU
66,I,1,1,H6,2,HALMA_LSU
67,I,1,1,H6,2,HALMA_LSU
68,I,1,1,H6,2,HALMA_LSU
69,I,1,1,H7,3,HALMA_LSU
70,I,1,1,H7,3,HALMA_LSU
71,I,1,1,H7,3,HALMA_LSU
72,I,1,1,H7,3,HALMA_LSU
73,I,1,1,H7,3,HALMA_LSU
74,I,1,1,H7,3,HALMA_LSU
75,I,1,1,H7,3,HALMA_LSU
76,I,1,1,H7,3,HALMA_LSU
77,I,1,1,H7,3,HALMA_LSU
78,I,1,1,H7,3,HALMA_LSU
79,I,1,1,H7,3,HALMA_LSU
80,I,1,1,H7,3,HALMA_LSU
81,I,1,1,H7,3,HALMA_LSU
82,I,1,1,H7,3,HALMA_LSU
83,I,1,1,H7,3,HALMA_LSU
84,I,1,1,H7,3,HALMA_LSU
85,I,1,1,H7,3,HALMA_LSU
86,I,1,1,H7,3,HALMA_LSU
87,I,1,1,H7,3,HALMA_LSU
88,I,1,1,H7,3,HALMA_LSU
89,I,1,1,H7,3,HALMA_LSU
90,I,1,1,H7,3,HALMA_LSU
91,I,1,1,H7,3,HALMA_LSU
92,I,1,1,H7,3,HALMA_LSU
93,I,1,1,H7,3,HALMA_LSU
94,I,1,1,H7,3,HALMA_LSU
95,I,1,1,H7,3,HALMA_LSU
96,I,1,1,H7,3,HALMA_LSU
97,I,1,1,H7,3,HALMA_LSU
98,I,1,1,H7,3,HALMA_LSU
99,I,1,1,H7,3,HALMA_LSU
100,I,1,1,H7,3,HALMA_LSU
101,I,1,1,H7,3,HALMA_LSU
102,I,1,1,H7,3,HALMA_LSU
103,I,1,1,H7,3,HALMA_LSU
104,I,1,1,H7,3,HALMA_LSU
105,I,1,1,H7,3,HALMA_LSU
106,I,1,1,H7,3,HALMA_LSU
107,I,1,1,H7,3,HALMA_LSU
108,I,1,1,H7,3,HALMA_LSU
109,I,1,1,H5,1,HALMA_LSU
110,I,1,1,H5,1,HALMA_LSU
111,I,1,1,H5,1,HALMA_LSU
112,I,1,1,H5,1,HALMA_LSU
113,I,1,1,H5,1,HALMA_LSU
114,I,1,1,H5,1,HALMA_LSU
115,I,1,1,H5,1,HALMA_LSU
116,I,1,1,H8,4,HALMA_LSU
117,I,1,1,H8,4,HALMA_LSU
118,I,1,1,H8,4,HALMA_LSU
119,I,1,1,H8,4,HALMA_LSU
120,I,1,1,H8,4,HALMA_LSU
121,I,1,1,H8,4,HALMA_LSU
122,I,1,1,H8,4,HALMA_LSU
123,I,1,1,H8,4,HALMA_LSU
124,I,1,1,H8,4,HALMA_LSU
125,I,1,1,H9,1,HALMA_LSU
126,I,1,1,H9,1,HALMA_LSU
127,I,1,1,H9,1,HALMA_LSU
128,I,1,1,H9,1,HALMA_LSU
129,I,1,1,H9,1,HALMA_LSU
130,I,1,1,H10,2,HALMA_LSU
131,I,1,1,H10,2,HALMA_LSU
132,I,1,1,H10,2,HALMA_LSU
133,I,1,1,H10,2,HALMA_LSU
134,I,1,1,H10,2,HALMA_LSU
135,I,1,1,H10,2,HALMA_LSU
136,I,1,1,H10,2,HALMA_LSU
137,I,1,1,H10,2,HALMA_LSU
138,I,1,1,H10,2,HALMA_LSU
139,I,1,1,H10,2,HALMA_LSU
140,I,1,1,H10,2,HALMA_LSU
141,I,1,1,H10,2,HALMA_LSU
142,I,1,1,H10,2,HALMA_LSU
143,I,1,1,H10,2,HALMA_LSU
144,I,1,1,H10,2,HALMA_LSU
145,I,1,1,H10,2,HALMA_LSU
146,I,1,1,H10,2,HALMA_LSU
147,I,1,1,H10,2,HALMA_LSU
148,I,1,1,H11,3,HALMA_LSU
149,I,1,1,H11,3,HALMA_LSU
150,I,1,1,H11,3,HALMA_LSU
151,I,1,1,H11,3,HALMA_LSU
152,I,1,1,H11,3,HALMA_LSU
153,I,1,1,H11,3,HALMA_LSU
154,I,1,1,H11,3,HALMA_LSU
155,I,1,1,H11,3,HALMA_LSU
156,I,1,1,H11,3,HALMA_LSU
157,I,1,1,H11,3,HALMA_LSU
158,I,1,1,H11,3,HALMA_LSU
159,I,1,1,H11,3,HALMA_LSU
160,I,1,1,H11,3,HALMA_LSU
161,I,1,1,H11,3,HALMA_LSU
162,I,1,1,H11,3,HALMA_LSU
163,I,1,1,H11,3,HALMA_LSU
164,I,1,1,H11,3,HALMA_LSU
165,I,1,1,H11,3,HALMA_LSU
166,I,1,1,H11,3,HALMA_LSU
167,I,1,1,H11,3,HALMA_LSU
168,I,1,1,H11,3,HALMA_LSU
169,I,1,1,H11,3,HALMA_LSU
170,I,1,1,H11,3,HALMA_LSU
171,I,1,1,H11,3,HALMA_LSU
172,I,1,1,H11,3,HALMA_LSU
173,I,1,1,H11,3,HALMA_LSU
174,I,1,1,H11,3,HALMA_LSU
175,I,1,1,H11,3,HALMA_LSU
176,I,1,1,H11,3,HALMA_LSU
177,I,1,1,H11,3,HALMA_LSU
178,I,1,1,H11,3,HALMA_LSU
179,I,1,1,H11,3,HALMA_LSU
180,I,1,1,H11,3,HALMA_LSU
181,I,1,1,H11,3,HALMA_LSU
182,I,1,1,H11,3,HALMA_LSU
183,I,1,1,H11,3,HALMA_LSU
184,I,1,1,H11,3,HALMA_LSU
185,I,1,1,H11,3,HALMA_LSU
186,I,1,1,H11,3,HALMA_LSU
187,I,1,1,H11,3,HALMA_LSU
188,I,1,1,H11,3,HALMA_LSU
189,I,1,1,H12,4,HALMA_LSU
190,I,1,1,H12,4,HALMA_LSU
191,I,1,1,H12,4,HALMA_LSU
192,I,1,1,H12,4,HALMA_LSU
193,I,1,1,H12,4,HALMA_LSU
194,I,1,1,H12,4,HALMA_LSU
195,I,1,1,H12,4,HALMA_LSU
196,I,1,1,H12,4,HALMA_LSU
197,I,1,1,H12,4,HALMA_LSU
198,I,1,1,H12,4,HALMA_LSU
199,I,1,1,H12,4,HALMA_LSU
200,I,1,1,H12,4,HALMA_LSU
201,I,1,1,H12,4,HALMA_LSU
202,I,1,1,H12,4,HALMA_LSU
203,I,1,1,H12,4,HALMA_LSU
204,I,1,1,H13,1,HALMA_LSU
205,I,1,1,H13,1,HALMA_LSU
206,I,1,1,H13,1,HALMA_LSU
207,I,1,1,H13,1,HALMA_LSU
208,I,1,1,H13,1,HALMA_LSU
209,I,1,1,H13,1,HALMA_LSU
210,I,1,1,H13,1,HALMA_LSU
211,I,1,1,H13,1,HALMA_LSU
212,I,1,1,H13,1,HALMA_LSU
213,I,1,1,H13,1,HALMA_LSU
214,I,1,1,H13,1,HALMA_LSU
215,I,1,1,H13,1,HALMA_LSU
216,I,1,1,H13,1,HALMA_LSU
217,I,1,1,H13,1,HALMA_LSU
218,I,1,1,H13,1,HALMA_LSU
219,I,1,1,H13,1,HALMA_LSU
220,I,1,1,H13,1,HALMA_LSU
221,I,1,1,H13,1,HALMA_LSU
222,I,1,1,H13,1,HALMA_LSU
223,I,1,1,H13,1,HALMA_LSU
224,I,1,1,H13,1,HALMA_LSU
225,I,1,1,H13,1,HALMA_LSU
226,I,1,1,H13,1,HALMA_LSU
227,I,1,1,H13,1,HALMA_LSU
228,I,1,1,H13,1,HALMA_LSU
229,I,1,1,H13,1,HALMA_LSU
230,I,1,1,H13,1,HALMA_LSU
231,I,1,1,H13,1,HALMA_LSU
232,I,1,1,H13,1,HALMA_LSU
233,I,1,1,H14,2,HALMA_LSU
234,I,1,1,H14,2,HALMA_LSU
235,I,1,1,H14,2,HALMA_LSU
236,I,1,1,H14,2,HALMA_LSU
237,I,1,1,H14,2,HALMA_LSU
238,I,1,1,H14,2,HALMA_LSU
239,I,1,1,H14,2,HALMA_LSU
240,I,1,1,H15,3,HALMA_LSU
241,I,1,1,H15,3,HALMA_LSU
242,I,1,1,H15,3,HALMA_LSU
243,I,1,1,H15,3,HALMA_LSU
244,I,1,1,H15,3,HALMA_LSU
245,I,1,1,H15,3,HALMA_LSU
246,I,1,1,H15,3,HALMA_LSU
247,I,1,1,H15,3,HALMA_LSU
248,I,1,1,H15,3,HALMA_LSU
249,I,1,1,H15,3,HALMA_LSU
250,I,1,1,H15,3,HALMA_LSU
251,I,1,1,H15,3,HALMA_LSU
252,I,1,1,H15,3,HALMA_LSU
253,I,1,1,H15,3,HALMA_LSU
254,I,1,1,H15,3,HALMA_LSU
255,I,1,1,H15,3,HALMA_LSU
256,I,1,1,H15,3,HALMA_LSU
257,I,1,1,H15,3,HALMA_LSU
258,I,1,1,H15,3,HALMA_LSU
259,I,1,1,H15,3,HALMA_LSU
260,I,1,1,H15,3,HALMA_LSU
261,I,1,1,H15,3,HALMA_LSU
262,I,1,1,H15,3,HALMA_LSU
263,I,1,1,H15,3,HALMA_LSU
264,I,1,1,H15,3,HALMA_LSU
265,I,1,1,H15,3,HALMA_LSU
266,I,1,1,H15,3,HALMA_LSU
267,I,1,1,H15,3,HALMA_LSU
268,I,1,1,H15,3,HALMA_LSU
269,I,1,1,H15,3,HALMA_LSU
270,I,1,1,H15,3,HALMA_LSU
271,I,1,1,H16,4,HALMA_LSU
272,I,1,1,H16,4,HALMA_LSU
273,I,1,1,H16,4,HALMA_LSU
274,I,1,1,H16,4,HALMA_LSU
275,I,1,1,H16,4,HALMA_LSU
276,I,1,1,H16,4,HALMA_LSU
277,I,1,1,H16,4,HALMA_LSU
278,I,1,1,H16,4,HALMA_LSU
279,I,1,1,H16,4,HALMA_LSU
280,I,1,1,H16,4,HALMA_LSU
281,I,1,1,H16,4,HALMA_LSU
282,I,1,1,H16,4,HALMA_LSU
283,I,1,1,H16,4,HALMA_LSU
284,I,1,1,H16,4,HALMA_LSU
285,I,1,1,H16,4,HALMA_LSU
286,I,1,1,H16,4,HALMA_LSU
287,I,1,1,H16,4,HALMA_LSU
288,I,1,1,H16,4,HALMA_LSU
289,I,1,1,H16,4,HALMA_LSU
290,I,1,1,H16,4,HALMA_LSU
291,I,1,1,H16,4,HALMA_LSU
292,I,1,1,H16,4,HALMA_LSU
293,I,1,1,H16,4,HALMA_LSU
294,I,1,1,H18,1,HALMA_LSU
295,I,1,1,H18,1,HALMA_LSU
296,I,1,1,H18,1,HALMA_LSU
297,I,1,1,H18,1,HALMA_LSU
298,I,1,1,H18,1,HALMA_LSU
299,I,1,1,H18,1,HALMA_LSU
300,I,1,1,H18,1,HALMA_LSU
301,I,1,1,H18,1,HALMA_LSU
302,I,1,1,H18,1,HALMA_LSU
303,I,1,1,H18,1,HALMA_LSU
304,I,1,1,H18,1,HALMA_LSU
305,I,1,1,H19,2,HALMA_LSU
306,I,1,1,H19,2,HALMA_LSU
307,I,1,1,H19,2,HALMA_LSU
308,I,1,1,H19,2,HALMA_LSU
309,I,1,1,H19,2,HALMA_LSU
310,I,1,1,H19,2,HALMA_LSU
311,I,1,1,H19,2,HALMA_LSU
312,I,1,1,H19,2,HALMA_LSU
313,I,1,1,H19,2,HALMA_LSU
314,I,1,1,H19,2,HALMA_LSU
315,I,1,1,H19,2,HALMA_LSU
316,I,1,1,H19,2,HALMA_LSU
317,I,1,1,H19,2,HALMA_LSU
318,I,1,1,H19,2,HALMA_LSU
319,I,1,1,H19,2,HALMA_LSU
320,I,1,1,H19,2,HALMA_LSU
321,I,1,1,H19,2,HALMA_LSU
322,I,1,1,H19,2,HALMA_LSU
323,I,1,1,H19,2,HALMA_LSU
324,I,1,1,H19,2,HALMA_LSU
325,I,1,1,H19,2,HALMA_LSU
326,I,1,1,H19a,3,HALMA_LSU
327,I,1,1,H19a,3,HALMA_LSU
328,I,1,1,H19a,3,HALMA_LSU
329,I,1,1,H19a,3,HALMA_LSU
330,I,1,1,H19a,3,HALMA_LSU
331,I,1,1,H20,4,HALMA_LSU
332,I,1,1,H20,4,HALMA_LSU
333,I,1,1,H20,4,HALMA_LSU
334,I,1,1,H20,4,HALMA_LSU
335,I,1,1,H20,4,HALMA_LSU
336,I,1,1,H20,4,HALMA_LSU
337,I,1,1,H20,4,HALMA_LSU
338,I,1,1,H20,4,HALMA_LSU
339,I,1,1,H20,4,HALMA_LSU
340,I,1,1,H20,4,HALMA_LSU
341,I,1,1,H20,4,HALMA_LSU
342,I,1,1,H20,4,HALMA_LSU
343,I,1,1,H20,4,HALMA_LSU
344,I,1,1,H20,4,HALMA_LSU
345,I,1,1,H20,4,HALMA_LSU
346,I,1,1,H20,4,HALMA_LSU
347,I,1,1,H18,1,HALMA_LSU
348,I,1,1,H18,1,HALMA_LSU
349,I,1,1,H18,1,HALMA_LSU
350,I,1,1,H18,1,HALMA_LSU
351,I,1,1,H18,1,HALMA_LSU
352,I,1,1,H18,1,HALMA_LSU
353,I,1,1,H18,1,HALMA_LSU
354,I,1,1,H18,1,HALMA_LSU
355,I,1,1,H18,1,HALMA_LSU
356,I,1,1,H18,1,HALMA_LSU
357,I,1,1,H18,1,HALMA_LSU
358,I,1,1,H18,1,HALMA_LSU
359,I,1,1,H16,4,HALMA_LSU
360,I,1,1,H16,4,HALMA_LSU
361,I,1,1,H16,4,HALMA_LSU
362,I,1,1,H16,4,HALMA_LSU
363,I,1,1,H16,4,HALMA_LSU
364,I,1,1,H16,4,HALMA_LSU
365,I,1,1,H16,4,HALMA_LSU
366,I,1,1,H16,4,HALMA_LSU
367,I,1,1,H16,4,HALMA_LSU
368,I,1,1,H16,4,HALMA_LSU
369,I,1,1,H16,4,HALMA_LSU
370,I,1,1,H16,4,HALMA_LSU
371,I,1,1,H16,4,HALMA_LSU
372,I,1,1,H16,4,HALMA_LSU
373,I,1,1,H16,4,HALMA_LSU
374,I,1,1,H16,4,HALMA_LSU
375,I,1,1,H16,4,HALMA_LSU
376,I,1,1,H16,4,HALMA_LSU
377,I,1,1,H16,4,HALMA_LSU
378,I,1,1,H16,4,HALMA_LSU
379,I,1,1,H21,1,HALMA_LSU
380,I,1,1,H21,1,HALMA_LSU
381,I,1,1,H21,1,HALMA_LSU
382,I,1,1,H21,1,HALMA_LSU
383,I,1,1,H21,1,HALMA_LSU
384,I,1,1,H21,1,HALMA_LSU
385,I,1,1,H21,1,HALMA_LSU
386,I,1,1,H21,1,HALMA_LSU
387,I,1,1,H21,1,HALMA_LSU
388,I,1,1,H21,1,HALMA_LSU
389,I,1,1,H21,1,HALMA_LSU
390,I,1,1,H21,1,HALMA_LSU
391,I,1,1,H21,1,HALMA_LSU
392,I,1,1,H21,1,HALMA_LSU
393,I,1,1,H21,1,HALMA_LSU
394,I,1,1,H21,1,HALMA_LSU
395,I,1,1,H21,1,HALMA_LSU
396,I,1,1,H21,1,HALMA_LSU
397,I,1,1,H21,1,HALMA_LSU
398,I,1,1,H21,1,HALMA_LSU
399,I,1,1,H21,1,HALMA_LSU
400,I,1,1,H21,1,HALMA_LSU
401,I,1,1,H21,1,HALMA_LSU
402,I,1,1,H21,1,HALMA_LSU
403,I,1,1,H21,1,HALMA_LSU
404,I,1,1,H21,1,HALMA_LSU
405,I,1,1,H21,1,HALMA_LSU
406,I,1,1,H21,1,HALMA_LSU
407,I,1,1,H21,1,HALMA_LSU
408,I,1,1,H21,1,HALMA_LSU
409,I,1,1,H21,1,HALMA_LSU
410,I,1,1,H21,1,HALMA_LSU
411,I,1,1,H22,3,HALMA_LSU
412,I,1,1,H22,3,HALMA_LSU
413,I,1,1,H22,3,HALMA_LSU
414,I,1,1,H22,3,HALMA_LSU
415,I,1,1,H22,3,HALMA_LSU
416,I,1,1,H22,3,HALMA_LSU
417,I,1,1,H22,3,HALMA_LSU
418,I,1,1,H22,3,HALMA_LSU
419,I,1,1,H22,3,HALMA_LSU
420,I,1,1,H22,3,HALMA_LSU
421,I,1,1,H22,3,HALMA_LSU
422,I,1,1,H22,3,HALMA_LSU
423,I,1,1,H22,3,HALMA_LSU
424,I,1,1,H22,3,HALMA_LSU
425,I,1,1,H22,3,HALMA_LSU
426,I,1,1,H22,3,HALMA_LSU
427,I,1,1,H22,3,HALMA_LSU
428,I,1,1,H22,3,HALMA_LSU
429,I,1,1,H22,3,HALMA_LSU
430,I,1,1,H22,3,HALMA_LSU
431,I,1,1,H14,2,HALMA_LSU
432,I,1,1,H14,2,HALMA_LSU
433,I,1,1,H14,2,HALMA_LSU
434,I,1,1,H14,2,HALMA_LSU
435,I,1,1,H14,2,HALMA_LSU
436,I,1,1,H14,2,HALMA_LSU
437,I,1,1,H14,2,HALMA_LSU
438,I,1,1,H4,4,HALMA_LSU
439,I,1,1,H4,4,HALMA_LSU
440,I,1,1,H4,4,HALMA_LSU
441,I,1,1,H4,4,HALMA_LSU
442,I,1,1,H4,4,HALMA_LSU
443,I,1,1,H4,4,HALMA_LSU
444,I,1,1,H4,4,HALMA_LSU
445,I,1,1,H4,4,HALMA_LSU
446,I,1,1,H4,4,HALMA_LSU
447,I,1,1,H4,4,HALMA_LSU
448,I,1,1,H4,4,HALMA_LSU
449,I,1,1,H4,4,HALMA_LSU
450,I,1,1,H4,4,HALMA_LSU
451,I,1,1,H4,4,HALMA_LSU
452,I,1,1,H4,4,HALMA_LSU
453,I,1,1,H4,4,HALMA_LSU
454,I,1,1,H4,4,HALMA_LSU
455,I,1,1,H4,4,HALMA_LSU
456,I,1,1,H4,4,HALMA_LSU
457,I,1,1,H4,4,HALMA_LSU
458,I,1,1,H23,1,HALMA_LSU
459,I,1,1,H23,1,HALMA_LSU
460,I,1,1,H23,1,HALMA_LSU
461,I,1,1,H23,1,HALMA_LSU
462,I,1,1,H23,1,HALMA_LSU
463,I,1,1,H23,1,HALMA_LSU
464,I,1,1,H23,1,HALMA_LSU
465,I,1,1,H23,1,HALMA_LSU
466,I,1,1,H23,1,HALMA_LSU
467,I,1,1,H23,1,HALMA_LSU
468,I,1,1,H23,1,HALMA_LSU
469,I,1,1,H23,1,HALMA_LSU
470,I,1,1,H23,1,HALMA_LSU
471,I,1,1,H23,1,HALMA_LSU
472,I,1,1,H23,1,HALMA_LSU
473,I,1,1,H23,1,HALMA_LSU
474,I,1,1,H23,1,HALMA_LSU
475,I,1,1,H23,1,HALMA_LSU
476,I,1,1,H23,1,HALMA_LSU
477,I,1,1,H23,1,HALMA_LSU
478,I,1,1,H23,1,HALMA_LSU
479,I,1,1,H3,3,HALMA_LSU
480,I,1,1,H3,3,HALMA_LSU
481,I,1,1,H24,4,HALMA_LSU
482,I,1,1,H24,4,HALMA_LSU
483,I,1,1,H24,4,HALMA_LSU
484,I,1,1,H24,4,HALMA_LSU
485,I,1,1,H24,4,HALMA_LSU
486,I,1,1,H24,4,HALMA_LSU
487,I,1,1,H24,4,HALMA_LSU
488,I,1,1,H24,4,HALMA_LSU
489,I,1,1,H24,4,HALMA_LSU
490,I,1,1,H24,4,HALMA_LSU
491,I,1,1,H24,4,HALMA_LSU
492,I,1,1,H24,4,HALMA_LSU
493,I,1,1,H24,4,HALMA_LSU
494,I,1,1,H24,4,HALMA_LSU
495,I,1,1,H24,4,HALMA_LSU
496,I,1,1,H24,4,HALMA_LSU
497,I,1,1,H24,4,HALMA_LSU
498,I,1,1,H24,4,HALMA_LSU
499,I,1,1,H24,4,HALMA_LSU
500,I,1,1,H24,4,HALMA_LSU
501,I,1,1,H24,4,HALMA_LSU
502,I,1,1,H24,4,HALMA_LSU
503,I,1,1,H24,4,HALMA_LSU
504,I,1,1,H24,4,HALMA_LSU
505,I,1,1,H24,4,HALMA_LSU
506,I,1,1,H24,4,HALMA_LSU
507,I,1,1,H24,4,HALMA_LSU
508,I,1,1,H24,4,HALMA_LSU
509,I,1,1,H24,4,HALMA_LSU
510,I,1,1,H24,4,HALMA_LSU
511,I,1,1,H24,4,HALMA_LSU
512,I,1,1,H24,4,HALMA_LSU
513,I,1,1,H24,4,HALMA_LSU
514,I,1,1,H24,4,HALMA_LSU
515,I,1,1,H24,4,HALMA_LSU
516,I,1,1,H2,2,HALMA_LSU
517,I,1,1,H2,2,HALMA_LSU
518,I,1,1,H2,2,HALMA_LSU
519,I,1,1,H2,2,HALMA_LSU
520,I,1,1,H2,2,HALMA_LSU
521,I,1,1,H2,2,HALMA_LSU
522,I,1,1,H2,2,HALMA_LSU
523,I,1,1,H2,2,HALMA_LSU
524,I,1,1,H2,2,HALMA_LSU
525,I,1,1,H2,2,HALMA_LSU
526,I,1,1,H2,2,HALMA_LSU
527,I,1,1,H2,2,HALMA_LSU
528,I,1,1,H2,2,HALMA_LSU
529,I,1,1,H2,2,HALMA_LSU
530,I,1,1,H2,2,HALMA_LSU
531,I,1,1,H2,2,HALMA_LSU
532,I,1,1,H2,2,HALMA_LSU
533,I,1,1,H2,2,HALMA_LSU
534,I,1,1,H2,2,HALMA_LSU
535,I,1,1,H2,2,HALMA_LSU
536,I,1,1,H2,2,HALMA_LSU
537,I,1,1,H2,2,HALMA_LSU
538,I,1,1,H2,2,HALMA_LSU
539,I,1,1,H25,1,HALMA_LSU
540,I,1,1,H25,1,HALMA_LSU
541,I,1,1,H25,1,HALMA_LSU
542,I,1,1,H25,1,HALMA_LSU
543,I,1,1,H25,1,HALMA_LSU
544,I,1,1,H25,1,HALMA_LSU
545,I,1,1,H25,1,HALMA_LSU
546,I,1,1,H25,1,HALMA_LSU
547,I,1,1,H25,1,HALMA_LSU
548,I,1,1,H25,1,HALMA_LSU
549,I,1,1,H25,1,HALMA_LSU
550,I,1,1,H25,1,HALMA_LSU
551,I,1,1,H25,1,HALMA_LSU
552,I,1,1,H25,1,HALMA_LSU
553,I,1,1,H25,1,HALMA_LSU
554,I,1,1,H25,1,HALMA_LSU
555,I,1,1,H25,1,HALMA_LSU
556,I,1,1,H25,1,HALMA_LSU
557,I,1,1,H25,1,HALMA_LSU
558,I,1,1,H25,1,HALMA_LSU
559,I,1,1,H25,1,HALMA_LSU
560,I,1,1,H25,1,HALMA_LSU
561,I,1,1,H25,1,HALMA_LSU
562,I,1,1,H25,1,HALMA_LSU
563,I,1,1,H25,1,HALMA_LSU
564,I,1,1,H25,1,HALMA_LSU
565,I,1,1,H25,1,HALMA_LSU
566,I,1,1,H25,1,HALMA_LSU
567,I,1,1,H25,1,HALMA_LSU
568,I,1,1,H25,1,HALMA_LSU
569,I,1,1,H25,1,HALMA_LSU
570,I,1,1,H25,1,HALMA_LSU
571,I,1,1,H25,1,HALMA_LSU
572,I,1,1,H25,1,HALMA_LSU
573,I,1,1,H25,1,HALMA_LSU
574,I,1,1,H25,1,HALMA_LSU
575,I,1,1,H25,1,HALMA_LSU
576,I,1,1,H25,1,HALMA_LSU
577,I,1,1,H25,1,HALMA_LSU
578,I,1,1,H25,1,HALMA_LSU
579,I,1,1,H25,1,HALMA_LSU
580,I,1,1,H25,1,HALMA_LSU
581,I,1,1,H25,1,HALMA_LSU
582,I,1,1,H25,1,HALMA_LSU
583,I,1,1,H25,1,HALMA_LSU
584,I,1,1,H25,1,HALMA_LSU
585,I,1,1,H25,1,HALMA_LSU
586,I,1,1,H25,1,HALMA_LSU
587,I,1,1,H25,1,HALMA_LSU
588,I,1,1,H25,1,HALMA_LSU
589,I,1,1,H25,1,HALMA_LSU
590,I,1,1,H25,1,HALMA_LSU
591,I,1,1,H25,1,HALMA_LSU
592,I,1,1,H25,1,HALMA_LSU
593,I,1,1,H25,1,HALMA_LSU
594,I,1,1,H25,1,HALMA_LSU
595,I,1,1,H25,1,HALMA_LSU
596,I,1,1,H25,1,HALMA_LSU
597,I,1,1,H25,1,HALMA_LSU
598,I,1,1,H25,1,HALMA_LSU
599,I,1,1,H25,1,HALMA_LSU
600,I,1,1,H25,1,HALMA_LSU
601,I,1,1,H25,1,HALMA_LSU
602,I,1,1,H25,1,HALMA_LSU
603,I,1,1,H25,1,HALMA_LSU
604,I,1,1,H25,1,HALMA_LSU
605,I,1,1,H25,1,HALMA_LSU
606,I,1,1,H25,1,HALMA_LSU
607,I,1,1,H25,1,HALMA_LSU
608,I,1,1,H25,1,HALMA_LSU
609,I,1,1,H25,1,HALMA_LSU
610,I,1,1,H25,1,HALMA_LSU
611,I,1,1,H25,1,HALMA_LSU
612,I,1,1,H25,1,HALMA_LSU
613,I,1,1,H25,1,HALMA_LSU
614,I,1,1,H25,1,HALMA_LSU
615,I,1,1,H25,1,HALMA_LSU
616,I,1,1,H25,1,HALMA_LSU
617,I,1,1,H25,1,HALMA_LSU
618,I,1,1,H25,1,HALMA_LSU
619,0,0,0,H25a,2,HALMA_LSU
620,0,0,0,H25a,2,HALMA_LSU
621,0,0,0,H25a,2,HALMA_LSU
622,0,0,0,H25a,2,HALMA_LSU
623,0,0,0,H25a,2,HALMA_LSU
624,0,0,0,H25a,2,HALMA_LSU
625,0,0,0,H25a,2,HALMA_LSU
626,0,0,0,H25a,2,HALMA_LSU
627,0,0,0,H25a,2,HALMA_LSU
628,0,0,0,H25a,2,HALMA_LSU
629,0,0,0,H25a,2,HALMA_LSU
630,0,0,0,H25a,2,HALMA_LSU
631,0,0,0,H25a,2,HALMA_LSU
632,0,0,0,H25a,2,HALMA_LSU
633,0,0,0,H25a,2,HALMA_LSU
634,0,0,0,H25a,2,HALMA_LSU
635,0,0,0,H25a,2,HALMA_LSU
636,0,0,0,H26,3,HALMA_LSU
637,0,0,0,H26,3,HALMA_LSU
638,0,0,0,H26,3,HALMA_LSU
639,0,0,0,H26,3,HALMA_LSU
640,0,0,0,H26,3,HALMA_LSU
641,0,0,0,H26,3,HALMA_LSU
642,0,0,0,H26,3,HALMA_LSU
643,II,2,2,H27,1,HALMA_LSU
644,II,2,2,H27,1,HALMA_LSU
645,II,2,2,H27,1,HALMA_LSU
646,II,2,2,H27,1,HALMA_LSU
647,II,2,2,H27,1,HALMA_LSU
648,II,2,2,H27,1,HALMA_LSU
649,II,2,2,H27,1,HALMA_LSU
650,II,2,2,H27,1,HALMA_LSU
651,II,2,2,H27,1,HALMA_LSU
652,II,2,2,H27,1,HALMA_LSU
653,II,2,2,H27,1,HALMA_LSU
654,II,2,2,H27,1,HALMA_LSU
655,II,2,2,H27,1,HALMA_LSU
656,II,2,2,H27,1,HALMA_LSU
657,II,2,2,H27,1,HALMA_LSU
658,II,2,2,H27,1,HALMA_LSU
659,II,2,2,H27,1,HALMA_LSU
660,II,2,2,H28,2,HALMA_LSU
661,II,2,2,H28,2,HALMA_LSU
662,II,2,2,H28,2,HALMA_LSU
663,II,2,2,H28,2,HALMA_LSU
664,II,2,2,H28,2,HALMA_LSU
665,II,2,2,H28,2,HALMA_LSU
666,II,2,2,H28,2,HALMA_LSU
667,II,2,2,H28,2,HALMA_LSU
668,II,2,2,H28,2,HALMA_LSU
669,II,2,2,H28,2,HALMA_LSU
670,II,2,2,H28,2,HALMA_LSU
671,II,2,2,H28,2,HALMA_LSU
672,II,2,2,H28,2,HALMA_LSU
673,II,2,2,H28,2,HALMA_LSU
674,II,2,2,H28,2,HALMA_LSU
675,II,2,2,H28,2,HALMA_LSU
676,II,2,2,H28,2,HALMA_LSU
677,II,2,2,H28,2,HALMA_LSU
678,II,2,2,H28,2,HALMA_LSU
679,II,2,2,H28,2,HALMA_LSU
680,II,2,2,H28,2,HALMA_LSU
681,II,2,2,H28,2,HALMA_LSU
682,II,2,2,H28,2,HALMA_LSU
683,II,2,2,H28,2,HALMA_LSU
684,II,2,2,H28,2,HALMA_LSU
685,II,2,2,H28,2,HALMA_LSU
686,II,2,2,H28,2,HALMA_LSU
687,II,2,2,H29,3,HALMA_LSU
688,II,2,2,H29,3,HALMA_LSU
689,II,2,2,H29,3,HALMA_LSU
690,II,2,2,H29,3,HALMA_LSU
691,II,2,2,H29,3,HALMA_LSU
692,II,2,2,H29,3,HALMA_LSU
693,II,2,2,H29,3,HALMA_LSU
694,II,2,2,H29,3,HALMA_LSU
695,II,2,2,H29,3,HALMA_LSU
696,II,2,2,H29,3,HALMA_LSU
697,II,2,2,H29,3,HALMA_LSU
698,II,2,2,H30,1,HALMA_LSU
699,II,2,2,H30,1,HALMA_LSU
700,II,2,2,H30,1,HALMA_LSU
701,II,2,2,H30,1,HALMA_LSU
702,II,2,2,H30,1,HALMA_LSU
703,II,2,2,H30,1,HALMA_LSU
704,II,2,2,H30,1,HALMA_LSU
705,II,2,2,H30,1,HALMA_LSU
706,II,2,2,H30,1,HALMA_LSU
707,II,2,2,H30,1,HALMA_LSU
708,II,2,2,H30,1,HALMA_LSU
709,II,2,2,H30,1,HALMA_LSU
710,II,2,2,H30,1,HALMA_LSU
711,II,2,2,H30,1,HALMA_LSU
712,II,2,2,H30,1,HALMA_LSU
713,II,2,2,H30,1,HALMA_LSU
714,II,2,2,H30,1,HALMA_LSU
715,II,2,2,H30,1,HALMA_LSU
716,II,2,2,H30,1,HALMA_LSU
717,II,2,2,H30,1,HALMA_LSU
718,II,2,2,H30,1,HALMA_LSU
719,II,2,2,H30,1,HALMA_LSU
720,II,2,2,H30,1,HALMA_LSU
721,II,2,2,H30,1,HALMA_LSU
722,II,2,2,H30,1,HALMA_LSU
723,II,2,2,H30,1,HALMA_LSU
724,II,2,2,H30,1,HALMA_LSU
725,II,2,2,H30,1,HALMA_LSU
726,II,2,2,H30,1,HALMA_LSU
727,II,2,2,H30,1,HALMA_LSU
728,II,2,2,H31,4,HALMA_LSU
729,II,2,2,H31,4,HALMA_LSU
730,II,2,2,H31,4,HALMA_LSU
731,II,2,2,H31,4,HALMA_LSU
732,II,2,2,H31,4,HALMA_LSU
733,II,2,2,H31,4,HALMA_LSU
734,II,2,2,H31,4,HALMA_LSU
735,II,2,2,H31,4,HALMA_LSU
736,II,2,2,H31,4,HALMA_LSU
737,II,2,2,H31,4,HALMA_LSU
738,II,2,2,H31,4,HALMA_LSU
739,II,2,2,H31,4,HALMA_LSU
740,II,2,2,H31,4,HALMA_LSU
741,II,2,2,H31,4,HALMA_LSU
742,II,2,2,H31,4,HALMA_LSU
743,II,2,2,H31,4,HALMA_LSU
744,II,2,2,H31,4,HALMA_LSU
745,II,2,2,H31,4,HALMA_LSU
746,II,2,2,H27,1,HALMA_LSU
747,II,2,2,H27,1,HALMA_LSU
748,II,2,2,H27,1,HALMA_LSU
749,II,2,2,H27,1,HALMA_LSU
750,II,2,2,H27,1,HALMA_LSU
751,II,2,2,H27,1,HALMA_LSU
752,II,2,2,H27,1,HALMA_LSU
753,II,2,2,H27,1,HALMA_LSU
754,II,2,2,H27,1,HALMA_LSU
755,II,2,2,H27,1,HALMA_LSU
756,II,2,2,H27,1,HALMA_LSU
757,II,2,2,H27,1,HALMA_LSU
758,II,2,2,H27,1,HALMA_LSU
759,II,2,2,H27,1,HALMA_LSU
760,II,2,2,H27,1,HALMA_LSU
761,II,2,2,H27,1,HALMA_LSU
762,II,2,2,H32,3,HALMA_LSU
763,II,2,2,H32,3,HALMA_LSU
764,II,2,2,H32,3,HALMA_LSU
765,II,2,2,H32,3,HALMA_LSU
766,II,2,2,H32,3,HALMA_LSU
767,II,2,2,H32,3,HALMA_LSU
768,II,2,2,H32,3,HALMA_LSU
769,II,2,2,H32,3,HALMA_LSU
770,II,2,2,H32,3,HALMA_LSU
771,II,2,2,H32,3,HALMA_LSU
772,II,2,2,H32,3,HALMA_LSU
773,II,2,2,H32,3,HALMA_LSU
774,II,2,2,H32,3,HALMA_LSU
775,II,2,2,H33,2,HALMA_LSU
776,II,2,2,H33,2,HALMA_LSU
777,II,2,2,H33,2,HALMA_LSU
778,II,2,2,H33,2,HALMA_LSU
779,II,2,2,H33,2,HALMA_LSU
780,II,2,2,H33,2,HALMA_LSU
781,II,2,2,H33,2,HALMA_LSU
782,II,2,2,H33,2,HALMA_LSU
783,II,2,2,H33,2,HALMA_LSU
784,II,2,2,H33,2,HALMA_LSU
785,II,2,2,H33,2,HALMA_LSU
786,II,2,2,H33,2,HALMA_LSU
787,II,2,2,H33,2,HALMA_LSU
788,II,2,2,H33,2,HALMA_LSU
789,II,2,2,H33,2,HALMA_LSU
790,II,2,2,H34,3,HALMA_LSU
791,II,2,2,H34,3,HALMA_LSU
792,II,2,2,H34,3,HALMA_LSU
793,II,2,2,H34,3,HALMA_LSU
794,II,2,2,H34,3,HALMA_LSU
795,II,2,2,H34,3,HALMA_LSU
796,II,2,2,H34,3,HALMA_LSU
797,II,2,2,H34,3,HALMA_LSU
798,II,2,2,H34,3,HALMA_LSU
799,II,2,2,H34,3,HALMA_LSU
800,II,2,2,H34,3,HALMA_LSU
801,II,2,2,H34,3,HALMA_LSU
802,II,2,2,H34,3,HALMA_LSU
803,II,2,2,H34,3,HALMA_LSU
804,II,2,2,H34,3,HALMA_LSU
805,II,2,2,H34,3,HALMA_LSU
806,II,2,2,H34,3,HALMA_LSU
807,II,2,2,H34,3,HALMA_LSU
808,II,2,2,H34,3,HALMA_LSU
809,II,2,2,H34,3,HALMA_LSU
810,II,2,2,H34,3,HALMA_LSU
811,II,2,2,H34,3,HALMA_LSU
812,II,2,2,H34,3,HALMA_LSU
813,II,2,2,H34,3,HALMA_LSU
814,II,2,2,H34,3,HALMA_LSU
815,II,2,2,H34,3,HALMA_LSU
816,II,2,2,H34,3,HALMA_LSU
817,II,2,2,H34,3,HALMA_LSU
818,II,2,2,H34,3,HALMA_LSU
819,II,2,2,H34,3,HALMA_LSU
820,II,2,2,H34,3,HALMA_LSU
821,II,2,2,H34,3,HALMA_LSU
822,II,2,2,H34,3,HALMA_LSU
823,II,2,2,H34,3,HALMA_LSU
824,II,2,2,H34,3,HALMA_LSU
825,II,2,2,H35,4,HALMA_LSU
826,II,2,2,H35,4,HALMA_LSU
827,II,2,2,H35,4,HALMA_LSU
828,II,2,2,H35,4,HALMA_LSU
829,II,2,2,H35,4,HALMA_LSU
830,II,2,2,H35,4,HALMA_LSU
831,II,2,2,H35,4,HALMA_LSU
832,II,2,2,H35,4,HALMA_LSU
833,II,2,2,H35,4,HALMA_LSU
834,II,2,2,H35,4,HALMA_LSU
835,II,2,2,H35,4,HALMA_LSU
836,II,2,2,H35,4,HALMA_LSU
837,II,2,2,H35,4,HALMA_LSU
838,II,2,2,H35,4,HALMA_LSU
839,II,2,2,H35,4,HALMA_LSU
840,II,2,2,H35,4,HALMA_LSU
841,II,2,2,H35,4,HALMA_LSU
842,II,2,2,H35,4,HALMA_LSU
843,II,2,2,H35,4,HALMA_LSU
844,II,2,2,H35,4,HALMA_LSU
845,II,2,2,H35,4,HALMA_LSU
846,II,2,2,H35,4,HALMA_LSU
847,II,2,2,H35,4,HALMA_LSU
848,II,2,2,H35,4,HALMA_LSU
849,II,2,2,H35,4,HALMA_LSU
850,II,2,2,H35,4,HALMA_LSU
851,II,2,2,H35,4,HALMA_LSU
852,II,2,2,H35,4,HALMA_LSU
853,II,2,2,H35,4,HALMA_LSU
854,II,2,2,H35,4,HALMA_LSU
855,II,2,2,H35,4,HALMA_LSU
856,II,2,2,H33,2,HALMA_LSU
857,II,2,2,H33,2,HALMA_LSU
858,II,2,2,H33,2,HALMA_LSU
859,II,2,2,H33,2,HALMA_LSU
860,II,2,2,H33,2,HALMA_LSU
861,II,2,2,H33,2,HALMA_LSU
862,II,2,2,H33,2,HALMA_LSU
863,II,2,2,H33,2,HALMA_LSU
864,II,2,2,H33,2,HALMA_LSU
865,II,2,2,H33,2,HALMA_LSU
866,II,2,2,H33,2,HALMA_LSU
867,II,2,2,H33,2,HALMA_LSU
868,II,2,2,H35a,1,HALMA_LSU
869,II,2,2,H35a,1,HALMA_LSU
870,II,2,2,H35a,1,HALMA_LSU
871,II,2,2,H35a,1,HALMA_LSU
872,II,2,2,H35a,1,HALMA_LSU
873,II,2,2,H35a,1,HALMA_LSU
874,II,2,2,H35a,1,HALMA_LSU
875,II,2,2,H35a,1,HALMA_LSU
876,II,2,2,H35a,1,HALMA_LSU
877,II,2,2,H35a,1,HALMA_LSU
878,II,2,2,H35a,1,HALMA_LSU
879,II,2,2,H35a,1,HALMA_LSU
880,II,2,2,H35a,1,HALMA_LSU
881,II,2,2,H35a,1,HALMA_LSU
882,II,2,2,H35a,1,HALMA_LSU
883,II,2,2,H35a,1,HALMA_LSU
884,II,2,2,H35a,1,HALMA_LSU
885,II,2,2,H32,3,HALMA_LSU
886,II,2,2,H32,3,HALMA_LSU
887,II,2,2,H32,3,HALMA_LSU
888,II,2,2,H32,3,HALMA_LSU
889,II,2,2,H32,3,HALMA_LSU
890,II,2,2,H32,3,HALMA_LSU
891,II,2,2,H32,3,HALMA_LSU
892,II,2,2,H32,3,HALMA_LSU
893,II,2,2,H32,3,HALMA_LSU
894,II,2,2,H32,3,HALMA_LSU
895,II,2,2,H32,3,HALMA_LSU
896,II,2,2,H32,3,HALMA_LSU
897,II,2,2,H32,3,HALMA_LSU
898,II,2,2,H32,3,HALMA_LSU
899,II,2,2,H32,3,HALMA_LSU
900,II,2,2,H32,3,HALMA_LSU
901,II,2,2,H32,3,HALMA_LSU
902,II,2,2,H32,3,HALMA_LSU
903,II,2,2,H36,1,HALMA_LSU
904,II,2,2,H36,1,HALMA_LSU
905,II,2,2,H36,1,HALMA_LSU
906,II,2,2,H36,1,HALMA_LSU
907,II,2,2,H36,1,HALMA_LSU
908,II,2,2,H36,1,HALMA_LSU
909,II,2,2,H36,1,HALMA_LSU
910,II,2,2,H36,1,HALMA_LSU
911,II,2,2,H36,1,HALMA_LSU
912,II,2,2,H36,1,HALMA_LSU
913,II,2,2,H36,1,HALMA_LSU
914,II,2,2,H36,1,HALMA_LSU
915,II,2,2,H37,4,HALMA_LSU
916,II,2,2,H37,4,HALMA_LSU
917,II,2,2,H37,4,HALMA_LSU
918,II,2,2,H37,4,HALMA_LSU
919,II,2,2,H37,4,HALMA_LSU
920,II,2,2,H37,4,HALMA_LSU
921,II,2,2,H37,4,HALMA_LSU
922,II,2,2,H37,4,HALMA_LSU
923,II,2,2,H37,4,HALMA_LSU
924,II,2,2,H37,4,HALMA_LSU
925,II,2,2,H37,4,HALMA_LSU
926,II,2,2,H37,4,HALMA_LSU
927,II,2,2,H37,4,HALMA_LSU
928,II,2,2,H37,4,HALMA_LSU
929,II,2,2,H38,2,HALMA_LSU
930,II,2,2,H38,2,HALMA_LSU
931,II,2,2,H38,2,HALMA_LSU
932,II,2,2,H38,2,HALMA_LSU
933,II,2,2,H38,2,HALMA_LSU
934,II,2,2,H38,2,HALMA_LSU
935,II,2,2,H38,2,HALMA_LSU
936,II,2,2,H38,2,HALMA_LSU
937,II,2,2,H38,2,HALMA_LSU
938,II,2,2,H38,2,HALMA_LSU
939,II,2,2,H38,2,HALMA_LSU
940,II,2,2,H38,2,HALMA_LSU
941,II,2,2,H38,2,HALMA_LSU
942,II,2,2,H38,2,HALMA_LSU
943,II,2,2,H38,2,HALMA_LSU
944,II,2,2,H38,2,HALMA_LSU
945,II,2,2,H38,2,HALMA_LSU
946,II,2,2,H38,2,HALMA_LSU
947,II,2,2,H38,2,HALMA_LSU
948,II,2,2,H38,2,HALMA_LSU
949,II,2,2,H38,2,HALMA_LSU
950,II,2,2,H38,2,HALMA_LSU
951,II,2,2,H38,2,HALMA_LSU
952,II,2,2,H38,2,HALMA_LSU
953,II,2,2,H38,2,HALMA_LSU
954,II,2,2,H38,2,HALMA_LSU
955,II,2,2,H38,2,HALMA_LSU
956,II,2,2,H38,2,HALMA_LSU
957,II,2,2,H38,2,HALMA_LSU
958,II,2,2,H38,2,HALMA_LSU
959,II,2,2,H38,2,HALMA_LSU
960,II,2,2,H38,2,HALMA_LSU
961,II,2,2,H38,2,HALMA_LSU
962,II,2,2,H38,2,HALMA_LSU
963,II,2,2,H38,2,HALMA_LSU
964,II,2,2,H38,2,HALMA_LSU
965,II,2,2,H38,2,HALMA_LSU
966,II,2,2,H38,2,HALMA_LSU
967,II,2,2,H38,2,HALMA_LSU
968,II,2,2,H38,2,HALMA_LSU
969,II,2,2,H38,2,HALMA_LSU
970,II,2,2,H38,2,HALMA_LSU
971,II,2,2,H38,2,HALMA_LSU
972,II,2,2,H38,2,HALMA_LSU
973,II,2,2,H38,2,HALMA_LSU
974,II,2,2,H38,2,HALMA_LSU
975,II,2,2,H38,2,HALMA_LSU
976,II,2,2,H38,2,HALMA_LSU
977,II,2,2,H38,2,HALMA_LSU
978,II,2,2,H38,2,HALMA_LSU
979,II,2,2,H38,2,HALMA_LSU
980,II,2,2,H38,2,HALMA_LSU
981,II,2,2,H38,2,HALMA_LSU
982,II,2,2,H38,2,HALMA_LSU
983,II,2,2,H38,2,HALMA_LSU
984,II,2,2,H38,2,HALMA_LSU
985,II,2,2,H38,2,HALMA_LSU
986,II,2,2,H38,2,HALMA_LSU
987,II,2,2,H38,2,HALMA_LSU
988,II,2,2,H38,2,HALMA_LSU
989,II,2,2,H38,2,HALMA_LSU
990,II,2,2,H38,2,HALMA_LSU
991,II,2,2,H38,2,HALMA_LSU
992,II,2,2,H38,2,HALMA_LSU
993,II,2,2,H38,2,HALMA_LSU
994,II,2,2,H38,2,HALMA_LSU
995,II,2,2,H38,2,HALMA_LSU
996,II,2,2,H38,2,HALMA_LSU
997,II,2,2,H38,2,HALMA_LSU
998,II,2,2,H38,2,HALMA_LSU
999,II,2,2,H38,2,HALMA_LSU
1000,II,2,2,H38,2,HALMA_LSU
1001,II,2,2,H38,2,HALMA_LSU
1002,II,2,2,H38,2,HALMA_LSU
1003,II,2,2,H38,2,HALMA_LSU
1004,II,2,2,H38,2,HALMA_LSU
1005,II,2,2,H38,2,HALMA_LSU
1006,II,2,2,H38,2,HALMA_LSU
1007,II,2,2,H38,2,HALMA_LSU
1008,II,2,2,H38,2,HALMA_LSU
1009,II,2,2,H38,2,HALMA_LSU
1010,II,2,2,H38,2,HALMA_LSU
1011,II,2,2,H38,2,HALMA_LSU
1012,II,2,2,H38,2,HALMA_LSU
1013,II,2,2,H38,2,HALMA_LSU
1014,II,2,2,H38,2,HALMA_LSU
1015,II,2,2,H38,2,HALMA_LSU
1016,II,2,2,H38,2,HALMA_LSU
1017,II,2,2,H38,2,HALMA_LSU
1018,II,2,2,H38,2,HALMA_LSU
1019,II,2,2,H38,2,HALMA_LSU
1020,II,2,2,H38,2,HALMA_LSU
1021,II,2,2,H38,2,HALMA_LSU
1022,II,2,2,H38,2,HALMA_LSU
1023,II,2,2,H38,2,HALMA_LSU
1024,II,2,2,H38,2,HALMA_LSU
1025,II,2,2,H38,2,HALMA_LSU
1026,II,2,2,H38,2,HALMA_LSU
1027,II,2,2,H38,2,HALMA_LSU
1028,II,2,2,H38,2,HALMA_LSU
1029,II,2,2,H38,2,HALMA_LSU
1030,II,2,2,H38,2,HALMA_LSU
1031,II,2,2,H38,2,HALMA_LSU
1032,II,2,2,H38,2,HALMA_LSU
1033,II,2,2,H38,2,HALMA_LSU
1034,II,2,2,H38,2,HALMA_LSU
1035,II,2,2,H38,2,HALMA_LSU
1036,II,2,2,H38,2,HALMA_LSU
1037,II,2,2,H38,2,HALMA_LSU
1038,II,2,2,H38,2,HALMA_LSU
1039,II,2,2,H38,2,HALMA_LSU
1040,II,2,2,H38,2,HALMA_LSU
1041,II,2,2,H38,2,HALMA_LSU
1042,II,2,2,H39,3,HALMA_LSU
1043,II,2,2,H39,3,HALMA_LSU
1044,II,2,2,H39,3,HALMA_LSU
1045,II,2,2,H39,3,HALMA_LSU
1046,II,2,2,H39,3,HALMA_LSU
1047,II,2,2,H39,3,HALMA_LSU
1048,II,2,2,H39,3,HALMA_LSU
1049,II,2,2,H39,3,HALMA_LSU
1050,II,2,2,H39,3,HALMA_LSU
1051,II,2,2,H39,3,HALMA_LSU
1052,II,2,2,H39,3,HALMA_LSU
1053,II,2,2,H39,3,HALMA_LSU
1054,II,2,2,H39,3,HALMA_LSU
1055,II,2,2,H39,3,HALMA_LSU
1056,II,2,2,H39,3,HALMA_LSU
1057,II,2,2,H39,3,HALMA_LSU
1058,II,2,2,H39,3,HALMA_LSU
1059,II,2,2,H39,3,HALMA_LSU
1060,II,2,2,H39,3,HALMA_LSU
1061,II,2,2,H39,3,HALMA_LSU
1062,II,2,2,H39,3,HALMA_LSU
1063,II,2,2,H39,3,HALMA_LSU
1064,II,2,2,H39,3,HALMA_LSU
1065,II,2,2,H39,3,HALMA_LSU
1066,II,2,2,H39,3,HALMA_LSU
1067,II,2,2,H39,3,HALMA_LSU
1068,II,2,2,H39,3,HALMA_LSU
1069,II,2,2,H39,3,HALMA_LSU
1070,II,2,2,H39,3,HALMA_LSU
1071,II,2,2,H39,3,HALMA_LSU
1072,II,2,2,H40,2,HALMA_LSU
1073,II,2,2,H40,2,HALMA_LSU
1074,II,2,2,H40,2,HALMA_LSU
1075,II,2,2,H40,2,HALMA_LSU
1076,II,2,2,H40,2,HALMA_LSU
1077,II,2,2,H40,2,HALMA_LSU
1078,II,2,2,H40,2,HALMA_LSU
1079,II,2,2,H40,2,HALMA_LSU
1080,II,2,2,H40,2,HALMA_LSU
1081,II,2,2,H40,2,HALMA_LSU
1082,II,2,2,H40,2,HALMA_LSU
1083,II,2,2,H40,2,HALMA_LSU
1084,II,2,2,H40,2,HALMA_LSU
1085,II,2,2,H40,2,HALMA_LSU
1086,II,2,2,H40,2,HALMA_LSU
1087,II,2,2,H40,2,HALMA_LSU
1088,II,2,2,H40,2,HALMA_LSU
1089,II,2,2,H41,1,HALMA_LSU
1090,II,2,2,H41,1,HALMA_LSU
1091,II,2,2,H41,1,HALMA_LSU
1092,II,2,2,H41,1,HALMA_LSU
1093,II,2,2,H41,1,HALMA_LSU
1094,II,2,2,H41,1,HALMA_LSU
1095,II,2,2,H41,1,HALMA_LSU
1096,II,2,2,H41,1,HALMA_LSU
1097,II,2,2,H41,1,HALMA_LSU
1098,II,2,2,H41,1,HALMA_LSU
1099,II,2,2,H41,1,HALMA_LSU
1100,II,2,2,H41,1,HALMA_LSU
1101,II,2,2,H41,1,HALMA_LSU
1102,II,2,2,H41,1,HALMA_LSU
1103,II,2,2,H41,1,HALMA_LSU
1104,II,2,2,H41,1,HALMA_LSU
1105,II,2,2,H41,1,HALMA_LSU
1106,II,2,2,H41,1,HALMA_LSU
1107,II,2,2,H41,1,HALMA_LSU
1108,II,2,2,H41,1,HALMA_LSU
1109,II,2,2,H41,1,HALMA_LSU
1110,II,2,2,H41,1,HALMA_LSU
1111,II,2,2,H41,1,HALMA_LSU
1112,II,2,2,H41,1,HALMA_LSU
1113,II,2,2,H41,1,HALMA_LSU
1114,II,2,2,H41,1,HALMA_LSU
1115,II,2,2,H41,1,HALMA_LSU
1116,II,2,2,H41,1,HALMA_LSU
1117,II,2,2,H41,1,HALMA_LSU
1118,II,2,2,H41,1,HALMA_LSU
1119,II,2,2,H41,1,HALMA_LSU
1120,II,2,2,H41,1,HALMA_LSU
1121,II,2,2,H41,1,HALMA_LSU
1122,II,2,2,H41,1,HALMA_LSU
1123,II,2,2,H41,1,HALMA_LSU
1124,II,2,2,H41,1,HALMA_LSU
1125,II,2,2,H41,1,HALMA_LSU
1126,II,2,2,H41,1,HALMA_LSU
1127,II,2,2,H42,2,HALMA_LSU
1128,II,2,2,H42,2,HALMA_LSU
1129,II,2,2,H42,2,HALMA_LSU
1130,II,2,2,H42,2,HALMA_LSU
1131,II,2,2,H42,2,HALMA_LSU
1132,II,2,2,H42,2,HALMA_LSU
1133,II,2,2,H42,2,HALMA_LSU
1134,II,2,2,H42,2,HALMA_LSU
1135,II,2,2,H42,2,HALMA_LSU
1136,II,2,2,H42,2,HALMA_LSU
1137,II,2,2,H42,2,HALMA_LSU
1138,II,2,2,H42,2,HALMA_LSU
1139,II,2,2,H42,2,HALMA_LSU
1140,II,2,2,H42,2,HALMA_LSU
1141,II,2,2,H42,2,HALMA_LSU
1142,II,2,2,H42,2,HALMA_LSU
1143,II,2,2,H42,2,HALMA_LSU
1144,II,2,2,H42,2,HALMA_LSU
1145,II,2,2,H42,2,HALMA_LSU
1146,II,2,2,H42,2,HALMA_LSU
1147,II,2,2,H42,2,HALMA_LSU
1148,II,2,2,H42,2,HALMA_LSU
1149,II,2,2,H42,2,HALMA_LSU
1150,II,2,2,H42,2,HALMA_LSU
1151,II,2,2,H42,2,HALMA_LSU
1152,II,2,2,H42,2,HALMA_LSU
1153,II,2,2,H42,2,HALMA_LSU
1154,II,2,2,H42,2,HALMA_LSU
1155,II,2,2,H42,2,HALMA_LSU
1156,II,2,2,H42,2,HALMA_LSU
1157,II,2,2,H42,2,HALMA_LSU
1158,II,2,2,H42,2,HALMA_LSU
1159,II,2,2,H42,2,HALMA_LSU
1160,II,2,2,H42,2,HALMA_LSU
1161,II,2,2,H43,4,HALMA_LSU
1162,II,2,2,H43,4,HALMA_LSU
1163,II,2,2,H43,4,HALMA_LSU
1164,II,2,2,H43,4,HALMA_LSU
1165,II,2,2,H43,4,HALMA_LSU
1166,II,2,2,H43,4,HALMA_LSU
1167,II,2,2,H43,4,HALMA_LSU
1168,II,2,2,H43,4,HALMA_LSU
1169,II,2,2,H43,4,HALMA_LSU
1170,II,2,2,H43,4,HALMA_LSU
1171,II,2,2,H43,4,HALMA_LSU
1172,II,2,2,H43,4,HALMA_LSU
1173,II,2,2,H43,4,HALMA_LSU
1174,II,2,2,H43,4,HALMA_LSU
1175,II,2,2,H43,4,HALMA_LSU
1176,II,2,2,H43,4,HALMA_LSU
1177,II,2,2,H43,4,HALMA_LSU
1178,II,2,2,H43,4,HALMA_LSU
1179,II,2,2,H43,4,HALMA_LSU
1180,II,2,2,H43,4,HALMA_LSU
1181,II,2,2,H43,4,HALMA_LSU
1182,II,2,2,H43,4,HALMA_LSU
1183,II,2,2,H43,4,HALMA_LSU
1184,II,2,2,H43,4,HALMA_LSU
1185,II,2,2,H43,4,HALMA_LSU
1186,II,2,2,H43a,1,HALMA_LSU
1187,II,2,2,H43a,1,HALMA_LSU
1188,II,2,2,H43a,1,HALMA_LSU
1189,II,2,2,H43a,1,HALMA_LSU
1190,II,2,2,H43a,1,HALMA_LSU
1191,II,2,2,H44,3,HALMA_LSU
1192,II,2,2,H44,3,HALMA_LSU
1193,II,2,2,H44,3,HALMA_LSU
1194,II,2,2,H44,3,HALMA_LSU
1195,II,2,2,H44,3,HALMA_LSU
1196,II,2,2,H44,3,HALMA_LSU
1197,II,2,2,H44,3,HALMA_LSU
1198,II,2,2,H44,3,HALMA_LSU
1199,II,2,2,H44,3,HALMA_LSU
1200,II,2,2,H44,3,HALMA_LSU
1201,II,2,2,H44,3,HALMA_LSU
1202,II,2,2,H44,3,HALMA_LSU
1203,II,2,2,H44,3,HALMA_LSU
1204,II,2,2,H44,3,HALMA_LSU
1205,II,2,2,H44,3,HALMA_LSU
1206,II,2,2,H44,3,HALMA_LSU
1207,II,2,2,H42,2,HALMA_LSU
1208,II,2,2,H42,2,HALMA_LSU
1209,II,2,2,H42,2,HALMA_LSU
1210,II,2,2,H42,2,HALMA_LSU
1211,II,2,2,H42,2,HALMA_LSU
1212,II,2,2,H42,2,HALMA_LSU
1213,II,2,2,H42,2,HALMA_LSU
1214,II,2,2,H42,2,HALMA_LSU
1215,II,2,2,H42,2,HALMA_LSU
1216,II,2,2,H42,2,HALMA_LSU
1217,II,2,2,H42,2,HALMA_LSU
1218,II,2,2,H42,2,HALMA_LSU
1219,II,2,2,H42,2,HALMA_LSU
1220,II,2,2,H42,2,HALMA_LSU
1221,II,2,2,H42,2,HALMA_LSU
1222,II,2,2,H42,2,HALMA_LSU
1223,II,2,2,H42,2,HALMA_LSU
1224,II,2,2,H42,2,HALMA_LSU
1225,II,2,2,H42,2,HALMA_LSU
1226,II,2,2,H42,2,HALMA_LSU
1227,II,2,2,H42,2,HALMA_LSU
1228,II,2,2,H42,2,HALMA_LSU
1229,II,2,2,H42,2,HALMA_LSU
1230,II,2,2,H42,2,HALMA_LSU
1231,II,2,2,H42,2,HALMA_LSU
1232,II,2,2,H42,2,HALMA_LSU
1233,II,2,2,H42,2,HALMA_LSU
1234,II,2,2,H42,2,HALMA_LSU
1235,II,2,2,H42,2,HALMA_LSU
1236,II,2,2,H42,2,HALMA_LSU
1237,II,2,2,H41,1,HALMA_LSU
1238,II,2,2,H41,1,HALMA_LSU
1239,II,2,2,H41,1,HALMA_LSU
1240,II,2,2,H41,1,HALMA_LSU
1241,II,2,2,H41,1,HALMA_LSU
1242,II,2,2,H41,1,HALMA_LSU
1243,II,2,2,H41,1,HALMA_LSU
1244,II,2,2,H41,1,HALMA_LSU
1245,II,2,2,H41,1,HALMA_LSU
1246,II,2,2,H41,1,HALMA_LSU
1247,II,2,2,H41,1,HALMA_LSU
1248,II,2,2,H41,1,HALMA_LSU
1249,II,2,2,H41,1,HALMA_LSU
1250,II,2,2,H41,1,HALMA_LSU
1251,II,2,2,H41,1,HALMA_LSU
1252,II,2,2,H41,1,HALMA_LSU
1253,II,2,2,H41,1,HALMA_LSU
1254,II,2,2,H41,1,HALMA_LSU
1255,II,2,2,H41,1,HALMA_LSU
1256,II,2,2,H41,1,HALMA_LSU
1257,II,2,2,H41,1,HALMA_LSU
1258,II,2,2,H41,1,HALMA_LSU
1259,II,2,2,H41,1,HALMA_LSU
1260,II,2,2,H41,1,HALMA_LSU
1261,II,2,2,H41,1,HALMA_LSU
1262,II,2,2,H41,1,HALMA_LSU
1263,II,2,2,H41,1,HALMA_LSU
1264,II,2,2,H41,1,HALMA_LSU
1265,II,2,2,H41,1,HALMA_LSU
1266,II,2,2,H41,1,HALMA_LSU
1267,II,2,2,H41,1,HALMA_LSU
1268,II,2,2,H45,3,HALMA_LSU
1269,II,2,2,H45,3,HALMA_LSU
1270,II,2,2,H45,3,HALMA_LSU
1271,II,2,2,H45,3,HALMA_LSU
1272,II,2,2,H45,3,HALMA_LSU
1273,II,2,2,H45,3,HALMA_LSU
1274,II,2,2,H45,3,HALMA_LSU
1275,II,2,2,H45,3,HALMA_LSU
1276,II,2,2,H45,3,HALMA_LSU
1277,II,2,2,H45,3,HALMA_LSU
1278,II,2,2,H45,3,HALMA_LSU
1279,II,2,2,H45,3,HALMA_LSU
1280,II,2,2,H45,3,HALMA_LSU
1281,II,2,2,H45,3,HALMA_LSU
1282,II,2,2,H45,3,HALMA_LSU
1283,II,2,2,H45,3,HALMA_LSU
1284,II,2,2,H45,3,HALMA_LSU
1285,II,2,2,H45,3,HALMA_LSU
1286,II,2,2,H45,3,HALMA_LSU
1287,II,2,2,H45,3,HALMA_LSU
1288,II,2,2,H45,3,HALMA_LSU
1289,II,2,2,H45,3,HALMA_LSU
1290,II,2,2,H45,3,HALMA_LSU
1291,II,2,2,H36,1,HALMA_LSU
1292,II,2,2,H36,1,HALMA_LSU
1293,II,2,2,H36,1,HALMA_LSU
1294,II,2,2,H36,1,HALMA_LSU
1295,II,2,2,H36,1,HALMA_LSU
1296,II,2,2,H36,1,HALMA_LSU
1297,II,2,2,H36,1,HALMA_LSU
1298,II,2,2,H36,1,HALMA_LSU
1299,II,2,2,H36,1,HALMA_LSU
1300,II,2,2,H36,1,HALMA_LSU
1301,II,2,2,H46,4,HALMA_LSU
1302,II,2,2,H46,4,HALMA_LSU
1303,II,2,2,H46,4,HALMA_LSU
1304,II,2,2,H46,4,HALMA_LSU
1305,II,2,2,H46,4,HALMA_LSU
1306,II,2,2,H46,4,HALMA_LSU
1307,II,2,2,H46,4,HALMA_LSU
1308,II,2,2,H46,4,HALMA_LSU
1309,II,2,2,H46,4,HALMA_LSU
1310,II,2,2,H46,4,HALMA_LSU
1311,II,2,2,H46,4,HALMA_LSU
1312,II,2,2,H46,4,HALMA_LSU
1313,II,2,2,H46,4,HALMA_LSU
1314,II,2,2,H46,4,HALMA_LSU
1315,II,2,2,H46,4,HALMA_LSU
1316,II,2,2,H46,4,HALMA_LSU
1317,II,2,2,H46,4,HALMA_LSU
1318,II,2,2,H46,4,HALMA_LSU
1319,II,2,2,H46,4,HALMA_LSU
1320,II,2,2,H46,4,HALMA_LSU
1321,II,2,2,H46,4,HALMA_LSU
1322,II,2,2,H46,4,HALMA_LSU
1323,II,2,2,H46,4,HALMA_LSU
1324,II,2,2,H46,4,HALMA_LSU
1325,II,2,2,H46,4,HALMA_LSU
1326,II,2,2,H46,4,HALMA_LSU
1327,II,2,2,H46,4,HALMA_LSU
1328,II,2,2,H46,4,HALMA_LSU
1329,II,2,2,H46,4,HALMA_LSU
1330,II,2,2,H46,4,HALMA_LSU
1331,II,2,2,H46,4,HALMA_LSU
1332,II,2,2,H46,4,HALMA_LSU
1333,II,2,2,H46,4,HALMA_LSU
1334,II,2,2,H46,4,HALMA_LSU
1335,II,2,2,H46,4,HALMA_LSU
1336,II,2,2,H46,4,HALMA_LSU
1337,II,2,2,H46,4,HALMA_LSU
1338,II,2,2,H46,4,HALMA_LSU
1339,II,2,2,H46,4,HALMA_LSU
1340,II,2,2,H46,4,HALMA_LSU
1341,II,2,2,H46,4,HALMA_LSU
1342,II,2,2,H46,4,HALMA_LSU
1343,II,2,2,H46,4,HALMA_LSU
1344,II,2,2,H46,4,HALMA_LSU
1345,II,2,2,H46,4,HALMA_LSU
1346,II,2,2,H46,4,HALMA_LSU
1347,II,2,2,H46,4,HALMA_LSU
1348,II,2,2,H46,4,HALMA_LSU
1349,II,2,2,H46,4,HALMA_LSU
1350,II,2,2,H46,4,HALMA_LSU
1351,II,2,2,H46,4,HALMA_LSU
1352,II,2,2,H46,4,HALMA_LSU
1353,II,2,2,H46,4,HALMA_LSU
1354,II,2,2,H46,4,HALMA_LSU
1355,0,0,0,H26,3,HALMA_LSU
1356,0,0,0,H26,3,HALMA_LSU
1357,0,0,0,H26,3,HALMA_LSU
1358,0,0,0,H26,3,HALMA_LSU
1359,0,0,0,H26,3,HALMA_LSU
1360,0,0,0,H26,3,HALMA_LSU
1361,0,0,0,H26,3,HALMA_LSU
1362,0,0,0,H26,3,HALMA_LSU
1363,0,0,0,H26,3,HALMA_LSU
1364,0,0,0,H26,3,HALMA_LSU
1365,0,0,0,H26,3,HALMA_LSU
1366,0,0,0,H26a,4,HALMA_LSU
1367,0,0,0,H26a,4,HALMA_LSU
1368,0,0,0,H26a,4,HALMA_LSU
1369,0,0,0,H26a,4,HALMA_LSU
1370,0,0,0,H26a,4,HALMA_LSU
1371,0,0,0,H26a,4,HALMA_LSU
1372,0,0,0,H26a,4,HALMA_LSU
1373,0,0,0,H26a,4,HALMA_LSU
1374,0,0,0,H26a,4,HALMA_LSU
1375,III,3,3,H47,1,HALMA_LSU
1376,III,3,3,H47,1,HALMA_LSU
1377,III,3,3,H47,1,HALMA_LSU
1378,III,3,3,H47,1,HALMA_LSU
1379,III,3,3,H47,1,HALMA_LSU
1380,III,3,3,H47,1,HALMA_LSU
1381,III,3,3,H47,1,HALMA_LSU
1382,III,3,3,H47,1,HALMA_LSU
1383,III,3,3,H47,1,HALMA_LSU
1384,III,3,3,H47,1,HALMA_LSU
1385,III,3,3,H47,1,HALMA_LSU
1386,III,3,3,H47,1,HALMA_LSU
1387,III,3,3,H47,1,HALMA_LSU
1388,III,3,3,H47,1,HALMA_LSU
1389,III,3,3,H47,1,HALMA_LSU
1390,III,3,3,H47,1,HALMA_LSU
1391,III,3,3,H47,1,HALMA_LSU
1392,III,3,3,H47,1,HALMA_LSU
1393,III,3,3,H47,1,HALMA_LSU
1394,III,3,3,H47,1,HALMA_LSU
1395,III,3,3,H47,1,HALMA_LSU
1396,III,3,3,H47,1,HALMA_LSU
1397,III,3,3,H47,1,HALMA_LSU
1398,III,3,3,H47,1,HALMA_LSU
1399,III,3,3,H47,1,HALMA_LSU
1400,III,3,3,H47,1,HALMA_LSU
1401,III,3,3,H48,3,HALMA_LSU
1402,III,3,3,H48,3,HALMA_LSU
1403,III,3,3,H48,3,HALMA_LSU
1404,III,3,3,H48,3,HALMA_LSU
1405,III,3,3,H48,3,HALMA_LSU
1406,III,3,3,H48,3,HALMA_LSU
1407,III,3,3,H48,3,HALMA_LSU
1408,III,3,3,H48,3,HALMA_LSU
1409,III,3,3,H49,1,HALMA_LSU
1410,III,3,3,H49,1,HALMA_LSU
1411,III,3,3,H49,1,HALMA_LSU
1412,III,3,3,H49,1,HALMA_LSU
1413,III,3,3,H49b,3,HALMA_LSU
1414,III,3,3,H49b,3,HALMA_LSU
1415,III,3,3,H49b,3,HALMA_LSU
1416,III,3,3,H49b,3,HALMA_LSU
1417,III,3,3,H49b,3,HALMA_LSU
1418,III,3,3,H49b,3,HALMA_LSU
1419,III,3,3,H49b,3,HALMA_LSU
1420,III,3,3,H50,4,HALMA_LSU
1421,III,3,3,H50,4,HALMA_LSU
1422,III,3,3,H50,4,HALMA_LSU
1423,III,3,3,H50,4,HALMA_LSU
1424,III,3,3,H50,4,HALMA_LSU
1425,III,3,3,H50,4,HALMA_LSU
1426,III,3,3,H50,4,HALMA_LSU
1427,III,3,3,H50,4,HALMA_LSU
1428,III,3,3,H50,4,HALMA_LSU
1429,III,3,3,H50,4,HALMA_LSU
1430,III,3,3,H50,4,HALMA_LSU
1431,III,3,3,H50,4,HALMA_LSU
1432,III,3,3,H50,4,HALMA_LSU
1433,III,3,3,H50,4,HALMA_LSU
1434,III,3,3,H50,4,HALMA_LSU
1435,III,3,3,H50,4,HALMA_LSU
1436,III,3,3,H50,4,HALMA_LSU
1437,III,3,3,H50,4,HALMA_LSU
1438,III,3,3,H50,4,HALMA_LSU
1439,III,3,3,H50,4,HALMA_LSU
1440,III,3,3,H50,4,HALMA_LSU
1441,III,3,3,H50,4,HALMA_LSU
1442,III,3,3,H50,4,HALMA_LSU
1443,III,3,3,H50,4,HALMA_LSU
1444,III,3,3,H50,4,HALMA_LSU
1445,III,3,3,H51,1,HALMA_LSU
1446,III,3,3,H51,1,HALMA_LSU
1447,III,3,3,H51,1,HALMA_LSU
1448,III,3,3,H51,1,HALMA_LSU
1449,III,3,3,H51,1,HALMA_LSU
1450,III,3,3,H51,1,HALMA_LSU
1451,III,3,3,H51,1,HALMA_LSU
1452,III,3,3,H51,1,HALMA_LSU
1453,III,3,3,H51,1,HALMA_LSU
1454,III,3,3,H52,2,HALMA_LSU
1455,III,3,3,H52,2,HALMA_LSU
1456,III,3,3,H52,2,HALMA_LSU
1457,III,3,3,H52,2,HALMA_LSU
1458,III,3,3,H52,2,HALMA_LSU
1459,III,3,3,H52,2,HALMA_LSU
1460,III,3,3,H52,2,HALMA_LSU
1461,III,3,3,H52,2,HALMA_LSU
1462,III,3,3,H52,2,HALMA_LSU
1463,III,3,3,H52,2,HALMA_LSU
1464,III,3,3,H52,2,HALMA_LSU
1465,III,3,3,H52,2,HALMA_LSU
1466,III,3,3,H52,2,HALMA_LSU
1467,III,3,3,H52,2,HALMA_LSU
1468,III,3,3,H52,2,HALMA_LSU
1469,III,3,3,H52,2,HALMA_LSU
1470,III,3,3,H52,2,HALMA_LSU
1471,III,3,3,H52,2,HALMA_LSU
1472,III,3,3,H52,2,HALMA_LSU
1473,III,3,3,H52,2,HALMA_LSU
1474,III,3,3,H52,2,HALMA_LSU
1475,III,3,3,H52,2,HALMA_LSU
1476,III,3,3,H52,2,HALMA_LSU
1477,III,3,3,H52,2,HALMA_LSU
1478,III,3,3,H52,2,HALMA_LSU
1479,III,3,3,H52,2,HALMA_LSU
1480,III,3,3,H52,2,HALMA_LSU
1481,III,3,3,H52,2,HALMA_LSU
1482,III,3,3,H52,2,HALMA_LSU
1483,III,3,3,H52,2,HALMA_LSU
1484,III,3,3,H52,2,HALMA_LSU
1485,III,3,3,H52,2,HALMA_LSU
1486,III,3,3,H52,2,HALMA_LSU
1487,III,3,3,H52,2,HALMA_LSU
1488,III,3,3,H52,2,HALMA_LSU
1489,III,3,3,H52,2,HALMA_LSU
1490,III,3,3,H52,2,HALMA_LSU
1491,III,3,3,H52,2,HALMA_LSU
1492,III,3,3,H53,3,HALMA_LSU
1493,III,3,3,H53,3,HALMA_LSU
1494,III,3,3,H53,3,HALMA_LSU
1495,III,3,3,H53,3,HALMA_LSU
1496,III,3,3,H53,3,HALMA_LSU
1497,III,3,3,H53,3,HALMA_LSU
1498,III,3,3,H53,3,HALMA_LSU
1499,III,3,3,H53,3,HALMA_LSU
1500,III,3,3,H53,3,HALMA_LSU
1501,III,3,3,H53,3,HALMA_LSU
1502,III,3,3,H53,3,HALMA_LSU
1503,III,3,3,H53,3,HALMA_LSU
1504,III,3,3,H53,3,HALMA_LSU
1505,III,3,3,H53,3,HALMA_LSU
1506,III,3,3,H53,3,HALMA_LSU
1507,III,3,3,H53,3,HALMA_LSU
1508,III,3,3,H53,3,HALMA_LSU
1509,III,3,3,H53,3,HALMA_LSU
1510,III,3,3,H53,3,HALMA_LSU
1511,III,3,3,H53,3,HALMA_LSU
1512,III,3,3,H53,3,HALMA_LSU
1513,III,3,3,H53,3,HALMA_LSU
1514,III,3,3,H54,4,HALMA_LSU
1515,III,3,3,H54,4,HALMA_LSU
1516,III,3,3,H54,4,HALMA_LSU
1517,III,3,3,H54,4,HALMA_LSU
1518,III,3,3,H54,4,HALMA_LSU
1519,III,3,3,H54,4,HALMA_LSU
1520,III,3,3,H54,4,HALMA_LSU
1521,III,3,3,H54,4,HALMA_LSU
1522,III,3,3,H55,1,HALMA_LSU
1523,III,3,3,H55,1,HALMA_LSU
1524,III,3,3,H55,1,HALMA_LSU
1525,III,3,3,H55,1,HALMA_LSU
1526,III,3,3,H55,1,HALMA_LSU
1527,III,3,3,H55,1,HALMA_LSU
1528,III,3,3,H55,1,HALMA_LSU
1529,III,3,3,H55,1,HALMA_LSU
1530,III,3,3,H55,1,HALMA_LSU
1531,III,3,3,H55,1,HALMA_LSU
1532,III,3,3,H55,1,HALMA_LSU
1533,III,3,3,H55,1,HALMA_LSU
1534,III,3,3,H55,1,HALMA_LSU
1535,III,3,3,H56,3,HALMA_LSU
1536,III,3,3,H56,3,HALMA_LSU
1537,III,3,3,H56,3,HALMA_LSU
1538,III,3,3,H56,3,HALMA_LSU
1539,III,3,3,H56,3,HALMA_LSU
1540,III,3,3,H56,3,HALMA_LSU
1541,III,3,3,H56,3,HALMA_LSU
1542,III,3,3,H56,3,HALMA_LSU
1543,III,3,3,H56,3,HALMA_LSU
1544,III,3,3,H56,3,HALMA_LSU
1545,III,3,3,H56,3,HALMA_LSU
1546,III,3,3,H56,3,HALMA_LSU
1547,III,3,3,H56,3,HALMA_LSU
1548,III,3,3,H56,3,HALMA_LSU
1549,III,3,3,H56,3,HALMA_LSU
1550,III,3,3,H56,3,HALMA_LSU
1551,III,3,3,H56,3,HALMA_LSU
1552,III,3,3,H57,4,HALMA_LSU
1553,III,3,3,H57,4,HALMA_LSU
1554,III,3,3,H57,4,HALMA_LSU
1555,III,3,3,H57,4,HALMA_LSU
1556,III,3,3,H57,4,HALMA_LSU
1557,III,3,3,H57,4,HALMA_LSU
1558,III,3,3,H57,4,HALMA_LSU
1559,III,3,3,H57,4,HALMA_LSU
1560,III,3,3,H57,4,HALMA_LSU
1561,III,3,3,H57,4,HALMA_LSU
1562,III,3,3,H57,4,HALMA_LSU
1563,III,3,3,H57,4,HALMA_LSU
1564,III,3,3,H57,4,HALMA_LSU
1565,III,3,3,H57,4,HALMA_LSU
1566,III,3,3,H57,4,HALMA_LSU
1567,III,3,3,H57,4,HALMA_LSU
1568,III,3,3,H57,4,HALMA_LSU
1569,III,3,3,H57,4,HALMA_LSU
1570,III,3,3,H58,1,HALMA_LSU
1571,III,3,3,H58,1,HALMA_LSU
1572,III,3,3,H58,1,HALMA_LSU
1573,III,3,3,H58,1,HALMA_LSU
1574,III,3,3,H58,1,HALMA_LSU
1575,III,3,3,H58,1,HALMA_LSU
1576,III,3,3,H58,1,HALMA_LSU
1577,III,3,3,H58,1,HALMA_LSU
1578,III,3,3,H58,1,HALMA_LSU
1579,III,3,3,H58,1,HALMA_LSU
1580,III,3,3,H58,1,HALMA_LSU
1581,III,3,3,H58,1,HALMA_LSU
1582,III,3,3,H58,1,HALMA_LSU
1583,III,3,3,H58,1,HALMA_LSU
1584,III,3,3,H58,1,HALMA_LSU
1585,III,3,3,H58,1,HALMA_LSU
1586,III,3,3,H58,1,HALMA_LSU
1587,III,3,3,H58,1,HALMA_LSU
1588,III,3,3,H58,1,HALMA_LSU
1589,III,3,3,H58,1,HALMA_LSU
1590,III,3,3,H58,1,HALMA_LSU
1591,III,3,3,H58,1,HALMA_LSU
1592,III,3,3,H58,1,HALMA_LSU
1593,III,3,3,H58,1,HALMA_LSU
1594,III,3,3,H58,1,HALMA_LSU
1595,III,3,3,H58,1,HALMA_LSU
1596,III,3,3,H58,1,HALMA_LSU
1597,III,3,3,H58,1,HALMA_LSU
1598,III,3,3,H58,1,HALMA_LSU
1599,III,3,3,H58,1,HALMA_LSU
1600,III,3,3,H58,1,HALMA_LSU
1601,III,3,3,H58,1,HALMA_LSU
1602,III,3,3,H58,1,HALMA_LSU
1603,III,3,3,H58,1,HALMA_LSU
1604,III,3,3,H58,1,HALMA_LSU
1605,III,3,3,H58,1,HALMA_LSU
1606,III,3,3,H58,1,HALMA_LSU
1607,III,3,3,H58,1,HALMA_LSU
1608,III,3,3,H58,1,HALMA_LSU
1609,III,3,3,H58,1,HALMA_LSU
1610,III,3,3,H58,1,HALMA_LSU
1611,III,3,3,H58,1,HALMA_LSU
1612,III,3,3,H58,1,HALMA_LSU
1613,III,3,3,H58,1,HALMA_LSU
1614,III,3,3,H58,1,HALMA_LSU
1615,III,3,3,H58,1,HALMA_LSU
1616,III,3,3,H58,1,HALMA_LSU
1617,III,3,3,H58,1,HALMA_LSU
1618,III,3,3,H58,1,HALMA_LSU
1619,III,3,3,H58,1,HALMA_LSU
1620,III,3,3,H58,1,HALMA_LSU
1621,III,3,3,H58,1,HALMA_LSU
1622,III,3,3,H58,1,HALMA_LSU
1623,III,3,3,H58,1,HALMA_LSU
1624,III,3,3,H58,1,HALMA_LSU
1625,III,3,3,H58,1,HALMA_LSU
1626,III,3,3,H58,1,HALMA_LSU
1627,III,3,3,H58,1,HALMA_LSU
1628,III,3,3,H59,2,HALMA_LSU
1629,III,3,3,H59,2,HALMA_LSU
1630,III,3,3,H59,2,HALMA_LSU
1631,III,3,3,H59,2,HALMA_LSU
1632,III,3,3,H59,2,HALMA_LSU
1633,III,3,3,H59,2,HALMA_LSU
1634,III,3,3,H56,3,HALMA_LSU
1635,III,3,3,H56,3,HALMA_LSU
1636,III,3,3,H56,3,HALMA_LSU
1637,III,3,3,H56,3,HALMA_LSU
1638,III,3,3,H56,3,HALMA_LSU
1639,III,3,3,H56,3,HALMA_LSU
1640,III,3,3,H56,3,HALMA_LSU
1641,III,3,3,H56,3,HALMA_LSU
1642,III,3,3,H56,3,HALMA_LSU
1643,III,3,3,H56,3,HALMA_LSU
1644,III,3,3,H56,3,HALMA_LSU
1645,III,3,3,H56,3,HALMA_LSU
1646,III,3,3,H56,3,HALMA_LSU
1647,III,3,3,H56,3,HALMA_LSU
1648,III,3,3,H56,3,HALMA_LSU
1649,III,3,3,H56,3,HALMA_LSU
1650,III,3,3,H56,3,HALMA_LSU
1651,III,3,3,H55a,2,HALMA_LSU
1652,III,3,3,H55a,2,HALMA_LSU
1653,III,3,3,H55a,2,HALMA_LSU
1654,III,3,3,H55a,2,HALMA_LSU
1655,III,3,3,H55a,2,HALMA_LSU
1656,III,3,3,H55,1,HALMA_LSU
1657,III,3,3,H55,1,HALMA_LSU
1658,III,3,3,H55,1,HALMA_LSU
1659,III,3,3,H55,1,HALMA_LSU
1660,III,3,3,H55,1,HALMA_LSU
1661,III,3,3,H55,1,HALMA_LSU
1662,III,3,3,H55,1,HALMA_LSU
1663,III,3,3,H55,1,HALMA_LSU
1664,III,3,3,H55,1,HALMA_LSU
1665,III,3,3,H54,4,HALMA_LSU
1666,III,3,3,H54,4,HALMA_LSU
1667,III,3,3,H54,4,HALMA_LSU
1668,III,3,3,H54,4,HALMA_LSU
1669,III,3,3,H54,4,HALMA_LSU
1670,III,3,3,H54,4,HALMA_LSU
1671,III,3,3,H54,4,HALMA_LSU
1672,III,3,3,H54,4,HALMA_LSU
1673,III,3,3,H54,4,HALMA_LSU
1674,III,3,3,H51,1,HALMA_LSU
1675,III,3,3,H51,1,HALMA_LSU
1676,III,3,3,H51,1,HALMA_LSU
1677,III,3,3,H51,1,HALMA_LSU
1678,III,3,3,H49b,3,HALMA_LSU
1679,III,3,3,H49b,3,HALMA_LSU
1680,III,3,3,H49b,3,HALMA_LSU
1681,III,3,3,H49b,3,HALMA_LSU
1682,III,3,3,H49a,2,HALMA_LSU
1683,III,3,3,H49a,2,HALMA_LSU
1684,III,3,3,H49a,2,HALMA_LSU
1685,III,3,3,H49a,2,HALMA_LSU
1686,III,3,3,H49a,2,HALMA_LSU
1687,III,3,3,H49a,2,HALMA_LSU
1688,III,3,3,H49a,2,HALMA_LSU
1689,III,3,3,H49a,2,HALMA_LSU
1690,III,3,3,H49a,2,HALMA_LSU
1691,III,3,3,H49a,2,HALMA_LSU
1692,III,3,3,H49a,2,HALMA_LSU
1693,III,3,3,H49a,2,HALMA_LSU
1694,III,3,3,H49a,2,HALMA_LSU
1695,III,3,3,H49a,2,HALMA_LSU
1696,III,3,3,H49a,2,HALMA_LSU
1697,III,3,3,H49,1,HALMA_LSU
1698,III,3,3,H49,1,HALMA_LSU
1699,III,3,3,H49,1,HALMA_LSU
1700,III,3,3,H49,1,HALMA_LSU
1701,III,3,3,H60,4,HALMA_LSU
1702,III,3,3,H60,4,HALMA_LSU
1703,III,3,3,H60,4,HALMA_LSU
1704,III,3,3,H60,4,HALMA_LSU
1705,III,3,3,H60,4,HALMA_LSU
1706,III,3,3,H60,4,HALMA_LSU
1707,III,3,3,H60,4,HALMA_LSU
1708,III,3,3,H60,4,HALMA_LSU
1709,III,3,3,H60,4,HALMA_LSU
1710,III,3,3,H60,4,HALMA_LSU
1711,III,3,3,H60,4,HALMA_LSU
1712,III,3,3,H60,4,HALMA_LSU
1713,III,3,3,H60,4,HALMA_LSU
1714,III,3,3,H60,4,HALMA_LSU
1715,III,3,3,H60,4,HALMA_LSU
1716,III,3,3,H48,3,HALMA_LSU
1717,III,3,3,H48,3,HALMA_LSU
1718,III,3,3,H48,3,HALMA_LSU
1719,III,3,3,H48,3,HALMA_LSU
1720,III,3,3,H48,3,HALMA_LSU
1721,III,3,3,H48,3,HALMA_LSU
1722,III,3,3,H48,3,HALMA_LSU
1723,0,0,0,H61,2,HALMA_LSU
1724,0,0,0,H61,2,HALMA_LSU
1725,0,0,0,H61,2,HALMA_LSU
1726,0,0,0,H61,2,HALMA_LSU
1727,0,0,0,H61,2,HALMA_LSU
1728,0,0,0,H61,2,HALMA_LSU
1729,0,0,0,H61,2,HALMA_LSU
1730,0,0,0,H61,2,HALMA_LSU
1731,0,0,0,H61,2,HALMA_LSU
1732,0,0,0,H61,2,HALMA_LSU
1733,0,0,0,H61,2,HALMA_LSU
1734,0,0,0,H61,2,HALMA_LSU
1735,0,0,0,H61,2,HALMA_LSU
1736,0,0,0,H61,2,HALMA_LSU
1737,0,0,0,H61,2,HALMA_LSU
1738,0,0,0,H61,2,HALMA_LSU
1739,0,0,0,H61,2,HALMA_LSU
1740,0,0,0,H61,2,HALMA_LSU
1741,0,0,0,H61,2,HALMA_LSU
1742,0,0,0,H61,2,HALMA_LSU
1743,0,0,0,H61,2,HALMA_LSU
1744,0,0,0,H61,2,HALMA_LSU
1745,0,0,0,H61,2,HALMA_LSU
1746,0,0,0,H61,2,HALMA_LSU
1747,0,0,0,H61,2,HALMA_LSU
1748,0,0,0,H61,2,HALMA_LSU
1749,0,0,0,H61,2,HALMA_LSU
1750,0,0,0,H61,2,HALMA_LSU
1751,0,0,0,H61,2,HALMA_LSU
1752,0,0,0,H61,2,HALMA_LSU
1753,0,0,0,H61,2,HALMA_LSU
1754,0,0,0,H61,2,HALMA_LSU
1755,0,0,0,H61,2,HALMA_LSU
1756,0,0,0,H61,2,HALMA_LSU
1757,0,0,0,H61,2,HALMA_LSU
1758,0,0,0,H61,2,HALMA_LSU
1759,0,0,0,H61,2,HALMA_LSU
1760,IV,4,4,H62,4,HALMA_LSU
1761,IV,4,4,H62,4,HALMA_LSU
1762,IV,4,4,H62,4,HALMA_LSU
1763,IV,4,4,H62,4,HALMA_LSU
1764,IV,4,4,H62,4,HALMA_LSU
1765,IV,4,4,H62,4,HALMA_LSU
1766,IV,4,4,H62,4,HALMA_LSU
1767,IV,4,4,H62,4,HALMA_LSU
1768,IV,4,4,H62,4,HALMA_LSU
1769,IV,4,4,H62,4,HALMA_LSU
1770,IV,4,4,H62,4,HALMA_LSU
1771,IV,4,4,H62,4,HALMA_LSU
1772,IV,4,4,H62,4,HALMA_LSU
1773,IV,4,4,H62,4,HALMA_LSU
1774,IV,4,4,H62,4,HALMA_LSU
1775,IV,4,4,H62,4,HALMA_LSU
1776,IV,4,4,H62,4,HALMA_LSU
1777,IV,4,4,H62,4,HALMA_LSU
1778,IV,4,4,H62,4,HALMA_LSU
1779,IV,4,4,H62,4,HALMA_LSU
1780,IV,4,4,H62,4,HALMA_LSU
1781,IV,4,4,H62,4,HALMA_LSU
1782,IV,4,4,H62,4,HALMA_LSU
1783,IV,4,4,H62,4,HALMA_LSU
1784,IV,4,4,H62,4,HALMA_LSU
1785,IV,4,4,H63,2,HALMA_LSU
1786,IV,4,4,H63,2,HALMA_LSU
1787,IV,4,4,H63,2,HALMA_LSU
1788,IV,4,4,H63,2,HALMA_LSU
1789,IV,4,4,H63,2,HALMA_LSU
1790,IV,4,4,H63,2,HALMA_LSU
1791,IV,4,4,H63,2,HALMA_LSU
1792,IV,4,4,H63,2,HALMA_LSU
1793,IV,4,4,H63,2,HALMA_LSU
1794,IV,4,4,H63,2,HALMA_LSU
1795,IV,4,4,H63,2,HALMA_LSU
1796,IV,4,4,H63,2,HALMA_LSU
1797,IV,4,4,H63,2,HALMA_LSU
1798,IV,4,4,H63,2,HALMA_LSU
1799,IV,4,4,H63,2,HALMA_LSU
1800,IV,4,4,H63,2,HALMA_LSU
1801,IV,4,4,H63,2,HALMA_LSU
1802,IV,4,4,H63,2,HALMA_LSU
1803,IV,4,4,H63,2,HALMA_LSU
1804,IV,4,4,H63,2,HALMA_LSU
1805,IV,4,4,H63,2,HALMA_LSU
1806,IV,4,4,H63,2,HALMA_LSU
1807,IV,4,4,H63,2,HALMA_LSU
1808,IV,4,4,H63a,3,HALMA_LSU
1809,IV,4,4,H63a,3,HALMA_LSU
1810,IV,4,4,H63a,3,HALMA_LSU
1811,IV,4,4,H63a,3,HALMA_LSU
1812,IV,4,4,H63a,3,HALMA_LSU
1813,IV,4,4,H64,1,HALMA_LSU
1814,IV,4,4,H64,1,HALMA_LSU
1815,IV,4,4,H64,1,HALMA_LSU
1816,IV,4,4,H64,1,HALMA_LSU
1817,IV,4,4,H64,1,HALMA_LSU
1818,IV,4,4,H64,1,HALMA_LSU
1819,IV,4,4,H64,1,HALMA_LSU
1820,IV,4,4,H64,1,HALMA_LSU
1821,IV,4,4,H64,1,HALMA_LSU
1822,IV,4,4,H64,1,HALMA_LSU
1823,IV,4,4,H64,1,HALMA_LSU
1824,IV,4,4,H64,1,HALMA_LSU
1825,IV,4,4,H64,1,HALMA_LSU
1826,IV,4,4,H64,1,HALMA_LSU
1827,IV,4,4,H64,1,HALMA_LSU
1828,IV,4,4,H64,1,HALMA_LSU
1829,IV,4,4,H64,1,HALMA_LSU
1830,IV,4,4,H65,4,HALMA_LSU
1831,IV,4,4,H65,4,HALMA_LSU
1832,IV,4,4,H65,4,HALMA_LSU
1833,IV,4,4,H65,4,HALMA_LSU
1834,IV,4,4,H65,4,HALMA_LSU
1835,IV,4,4,H65,4,HALMA_LSU
1836,IV,4,4,H65,4,HALMA_LSU
1837,IV,4,4,H65,4,HALMA_LSU
1838,IV,4,4,H65,4,HALMA_LSU
1839,IV,4,4,H65,4,HALMA_LSU
1840,IV,4,4,H65,4,HALMA_LSU
1841,IV,4,4,H65,4,HALMA_LSU
1842,IV,4,4,H65,4,HALMA_LSU
1843,IV,4,4,H65,4,HALMA_LSU
1844,IV,4,4,H65,4,HALMA_LSU
1845,IV,4,4,H65,4,HALMA_LSU
1846,IV,4,4,H65,4,HALMA_LSU
1847,IV,4,4,H66,3,HALMA_LSU
1848,IV,4,4,H66,3,HALMA_LSU
1849,IV,4,4,H66,3,HALMA_LSU
1850,IV,4,4,H66,3,HALMA_LSU
1851,IV,4,4,H66,3,HALMA_LSU
1852,IV,4,4,H66,3,HALMA_LSU
1853,IV,4,4,H66,3,HALMA_LSU
1854,IV,4,4,H66,3,HALMA_LSU
1855,IV,4,4,H66,3,HALMA_LSU
1856,IV,4,4,H66,3,HALMA_LSU
1857,IV,4,4,H66,3,HALMA_LSU
1858,IV,4,4,H66,3,HALMA_LSU
1859,IV,4,4,H66,3,HALMA_LSU
1860,IV,4,4,H66,3,HALMA_LSU
1861,IV,4,4,H66,3,HALMA_LSU
1862,IV,4,4,H66,3,HALMA_LSU
1863,IV,4,4,H66,3,HALMA_LSU
1864,IV,4,4,H66,3,HALMA_LSU
1865,IV,4,4,H66,3,HALMA_LSU
1866,IV,4,4,H66,3,HALMA_LSU
1867,IV,4,4,H66,3,HALMA_LSU
1868,IV,4,4,H66,3,HALMA_LSU
1869,IV,4,4,H66,3,HALMA_LSU
1870,IV,4,4,H66,3,HALMA_LSU
1871,IV,4,4,H66,3,HALMA_LSU
1872,IV,4,4,H66,3,HALMA_LSU
1873,IV,4,4,H66,3,HALMA_LSU
1874,IV,4,4,H66,3,HALMA_LSU
1875,IV,4,4,H66,3,HALMA_LSU
1876,IV,4,4,H66,3,HALMA_LSU
1877,IV,4,4,H66,3,HALMA_LSU
1878,IV,4,4,H66,3,HALMA_LSU
1879,IV,4,4,H66,3,HALMA_LSU
1880,IV,4,4,H66,3,HALMA_LSU
1881,IV,4,4,H66,3,HALMA_LSU
1882,IV,4,4,H66,3,HALMA_LSU
1883,IV,4,4,H66,3,HALMA_LSU
1884,IV,4,4,H66,3,HALMA_LSU
1885,IV,4,4,H67,2,HALMA_LSU
1886,IV,4,4,H67,2,HALMA_LSU
1887,IV,4,4,H67,2,HALMA_LSU
1888,IV,4,4,H67,2,HALMA_LSU
1889,IV,4,4,H67,2,HALMA_LSU
1890,IV,4,4,H67,2,HALMA_LSU
1891,IV,4,4,H68,4,HALMA_LSU
1892,IV,4,4,H68,4,HALMA_LSU
1893,IV,4,4,H68,4,HALMA_LSU
1894,IV,4,4,H68,4,HALMA_LSU
1895,IV,4,4,H68,4,HALMA_LSU
1896,IV,4,4,H68,4,HALMA_LSU
1897,IV,4,4,H68,4,HALMA_LSU
1898,IV,4,4,H68,4,HALMA_LSU
1899,IV,4,4,H68,4,HALMA_LSU
1900,IV,4,4,H68,4,HALMA_LSU
1901,IV,4,4,H68,4,HALMA_LSU
1902,IV,4,4,H68,4,HALMA_LSU
1903,IV,4,4,H68,4,HALMA_LSU
1904,IV,4,4,H68,4,HALMA_LSU
1905,IV,4,4,H68,4,HALMA_LSU
1906,IV,4,4,H68,4,HALMA_LSU
1907,IV,4,4,H68,4,HALMA_LSU
1908,IV,4,4,H68,4,HALMA_LSU
1909,IV,4,4,H68,4,HALMA_LSU
1910,IV,4,4,H68,4,HALMA_LSU
1911,IV,4,4,H68,4,HALMA_LSU
1912,IV,4,4,H68,4,HALMA_LSU
1913,IV,4,4,H68,4,HALMA_LSU
1914,IV,4,4,H68,4,HALMA_LSU
1915,IV,4,4,H68,4,HALMA_LSU
1916,IV,4,4,H68,4,HALMA_LSU
1917,IV,4,4,H68,4,HALMA_LSU
1918,IV,4,4,H68,4,HALMA_LSU
1919,IV,4,4,H68,4,HALMA_LSU
1920,IV,4,4,H68,4,HALMA_LSU
1921,IV,4,4,H68,4,HALMA_LSU
1922,IV,4,4,H68,4,HALMA_LSU
1923,IV,4,4,H68,4,HALMA_LSU
1924,IV,4,4,H68,4,HALMA_LSU
1925,IV,4,4,H68,4,HALMA_LSU
1926,IV,4,4,H68,4,HALMA_LSU
1927,IV,4,4,H68,4,HALMA_LSU
1928,IV,4,4,H68,4,HALMA_LSU
1929,IV,4,4,H68,4,HALMA_LSU
1930,IV,4,4,H68,4,HALMA_LSU
1931,IV,4,4,H68,4,HALMA_LSU
1932,IV,4,4,H68,4,HALMA_LSU
1933,IV,4,4,H68,4,HALMA_LSU
1934,IV,4,4,H68,4,HALMA_LSU
1935,IV,4,4,H68,4,HALMA_LSU
1936,IV,4,4,H68,4,HALMA_LSU
1937,IV,4,4,H68,4,HALMA_LSU
1938,IV,4,4,H68,4,HALMA_LSU
1939,IV,4,4,H68,4,HALMA_LSU
1940,IV,4,4,H68,4,HALMA_LSU
1941,IV,4,4,H68,4,HALMA_LSU
1942,IV,4,4,H68,4,HALMA_LSU
1943,IV,4,4,H68,4,HALMA_LSU
1944,IV,4,4,H68,4,HALMA_LSU
1945,IV,4,4,H68,4,HALMA_LSU
1946,IV,4,4,H68,4,HALMA_LSU
1947,IV,4,4,H69,3,HALMA_LSU
1948,IV,4,4,H69,3,HALMA_LSU
1949,IV,4,4,H69,3,HALMA_LSU
1950,IV,4,4,H69,3,HALMA_LSU
1951,IV,4,4,H69,3,HALMA_LSU
1952,IV,4,4,H69,3,HALMA_LSU
1953,IV,4,4,H69,3,HALMA_LSU
1954,IV,4,4,H69,3,HALMA_LSU
1955,IV,4,4,H69,3,HALMA_LSU
1956,IV,4,4,H69,3,HALMA_LSU
1957,IV,4,4,H69,3,HALMA_LSU
1958,IV,4,4,H69,3,HALMA_LSU
1959,IV,4,4,H69,3,HALMA_LSU
1960,IV,4,4,H69,3,HALMA_LSU
1961,IV,4,4,H69,3,HALMA_LSU
1962,IV,4,4,H69,3,HALMA_LSU
1963,IV,4,4,H69,3,HALMA_LSU
1964,IV,4,4,H69,3,HALMA_LSU
1965,IV,4,4,H69,3,HALMA_LSU
1966,IV,4,4,H70,1,HALMA_LSU
1967,IV,4,4,H70,1,HALMA_LSU
1968,IV,4,4,H70,1,HALMA_LSU
1969,IV,4,4,H70,1,HALMA_LSU
1970,IV,4,4,H70,1,HALMA_LSU
1971,IV,4,4,H70,1,HALMA_LSU
1972,IV,4,4,H70,1,HALMA_LSU
1973,IV,4,4,H71,3,HALMA_LSU
1974,IV,4,4,H71,3,HALMA_LSU
1975,IV,4,4,H71,3,HALMA_LSU
1976,IV,4,4,H71,3,HALMA_LSU
1977,IV,4,4,H71,3,HALMA_LSU
1978,IV,4,4,H71,3,HALMA_LSU
1979,IV,4,4,H71,3,HALMA_LSU
1980,IV,4,4,H71,3,HALMA_LSU
1981,IV,4,4,H71,3,HALMA_LSU
1982,IV,4,4,H71,3,HALMA_LSU
1983,IV,4,4,H71,3,HALMA_LSU
1984,IV,4,4,H71,3,HALMA_LSU
1985,IV,4,4,H71,3,HALMA_LSU
1986,IV,4,4,H71,3,HALMA_LSU
1987,IV,4,4,H71,3,HALMA_LSU
1988,IV,4,4,H71,3,HALMA_LSU
1989,IV,4,4,H71,3,HALMA_LSU
1990,IV,4,4,H71,3,HALMA_LSU
1991,IV,4,4,H71,3,HALMA_LSU
1992,IV,4,4,H71,3,HALMA_LSU
1993,IV,4,4,H71,3,HALMA_LSU
1994,IV,4,4,H71,3,HALMA_LSU
1995,IV,4,4,H71,3,HALMA_LSU
1996,IV,4,4,H71,3,HALMA_LSU
1997,IV,4,4,H71,3,HALMA_LSU
1998,IV,4,4,H71,3,HALMA_LSU
1999,IV,4,4,H71,3,HALMA_LSU
2000,IV,4,4,H71,3,HALMA_LSU
2001,IV,4,4,H71,3,HALMA_LSU
2002,IV,4,4,H71,3,HALMA_LSU
2003,IV,4,4,H71,3,HALMA_LSU
2004,IV,4,4,H71,3,HALMA_LSU
2005,IV,4,4,H71,3,HALMA_LSU
2006,IV,4,4,H71,3,HALMA_LSU
2007,IV,4,4,H71,3,HALMA_LSU
2008,IV,4,4,H71,3,HALMA_LSU
2009,IV,4,4,H71,3,HALMA_LSU
2010,IV,4,4,H71,3,HALMA_LSU
2011,IV,4,4,H67,2,HALMA_LSU
2012,IV,4,4,H67,2,HALMA_LSU
2013,IV,4,4,H67,2,HALMA_LSU
2014,IV,4,4,H67,2,HALMA_LSU
2015,IV,4,4,H67,2,HALMA_LSU
2016,IV,4,4,H67,2,HALMA_LSU
2017,IV,4,4,H67,2,HALMA_LSU
2018,IV,4,4,H64,1,HALMA_LSU
2019,IV,4,4,H64,1,HALMA_LSU
2020,IV,4,4,H64,1,HALMA_LSU
2021,IV,4,4,H64,1,HALMA_LSU
2022,IV,4,4,H64,1,HALMA_LSU
2023,IV,4,4,H64,1,HALMA_LSU
2024,IV,4,4,H64,1,HALMA_LSU
2025,IV,4,4,H64,1,HALMA_LSU
2026,IV,4,4,H64,1,HALMA_LSU
2027,IV,4,4,H64,1,HALMA_LSU
2028,IV,4,4,H64,1,HALMA_LSU
2029,IV,4,4,H64,1,HALMA_LSU
2030,IV,4,4,H64,1,HALMA_LSU
2031,0,0,0,H61,2,HALMA_LSU
2032,0,0,0,H61,2,HALMA_LSU
2033,0,0,0,H61,2,HALMA_LSU
2034,0,0,0,H61,2,HALMA_LSU
2035,0,0,0,H61,2,HALMA_LSU
2036,0,0,0,H61,2,HALMA_LSU
2037,0,0,0,H61,2,HALMA_LSU
2038,0,0,0,H61,2,HALMA_LSU
2039,0,0,0,H61,2,HALMA_LSU
2040,0,0,0,H61,2,HALMA_LSU
2041,0,0,0,H61,2,HALMA_LSU
2042,0,0,0,H61,2,HALMA_LSU
2043,0,0,0,H61,2,HALMA_LSU
2044,0,0,0,H61,2,HALMA_LSU
2045,0,0,0,H61,2,HALMA_LSU
2046,0,0,0,H61,2,HALMA_LSU
2047,0,0,0,H61,2,HALMA_LSU
2048,0,0,0,H61,2,HALMA_LSU
2049,0,0,0,H61,2,HALMA_LSU
2050,0,0,0,H61,2,HALMA_LSU
2051,0,0,0,H26a,4,HALMA_LSU
2052,0,0,0,H26a,4,HALMA_LSU
2053,0,0,0,H26a,4,HALMA_LSU
2054,0,0,0,H26a,4,HALMA_LSU
2055,0,0,0,H26a,4,HALMA_LSU
2056,0,0,0,H26a,4,HALMA_LSU
2057,0,0,0,H26a,4,HALMA_LSU
2058,0,0,0,H26a,4,HALMA_LSU
2059,0,0,0,H72,3,HALMA_LSU
2060,0,0,0,H72,3,HALMA_LSU
2061,0,0,0,H72,3,HALMA_LSU
2062,0,0,0,H72,3,HALMA_LSU
2063,0,0,0,H72,3,HALMA_LSU
2064,0,0,0,H72,3,HALMA_LSU
2065,0,0,0,H72,3,HALMA_LSU
2066,0,0,0,H72,3,HALMA_LSU
2067,0,0,0,H72,3,HALMA_LSU
2068,0,0,0,H72,3,HALMA_LSU
2069,0,0,0,H72,3,HALMA_LSU
2070,0,0,0,H72,3,HALMA_LSU
2071,0,0,0,H72,3,HALMA_LSU
2072,0,0,0,H72,3,HALMA_LSU
2073,0,0,0,H72,3,HALMA_LSU
2074,0,0,0,H72,3,HALMA_LSU
2075,0,0,0,H72,3,HALMA_LSU
2076,0,0,0,H72,3,HALMA_LSU
2077,0,0,0,H72,3,HALMA_LSU
2078,0,0,0,H72,3,HALMA_LSU
2079,0,0,0,H72,3,HALMA_LSU
2080,0,0,0,H72,3,HALMA_LSU
2081,0,0,0,H72,3,HALMA_LSU
2082,0,0,0,H72,3,HALMA_LSU
2083,0,0,0,H72,3,HALMA_LSU
2084,0,0,0,H73,4,HALMA_LSU
2085,0,0,0,H73,4,HALMA_LSU
2086,0,0,0,H73,4,HALMA_LSU
2087,0,0,0,H73,4,HALMA_LSU
2088,0,0,0,H73,4,HALMA_LSU
2089,0,0,0,H73,4,HALMA_LSU
2090,0,0,0,H73,4,HALMA_LSU
2091,0,0,0,H73,4,HALMA_LSU
2092,0,0,0,H73,4,HALMA_LSU
2093,0,0,0,H73,4,HALMA_LSU
2094,0,0,0,H73,4,HALMA_LSU
2095,0,0,0,H73,4,HALMA_LSU
2096,0,0,0,H73,4,HALMA_LSU
2097,0,0,0,H73,4,HALMA_LSU
2098,0,0,0,H73,4,HALMA_LSU
2099,V,5,5,H74,1,HALMA_LSU
2100,V,5,5,H74,1,HALMA_LSU
2101,V,5,5,H74,1,HALMA_LSU
2102,V,5,5,H74,1,HALMA_LSU
2103,V,5,5,H74,1,HALMA_LSU
2104,V,5,5,H74,1,HALMA_LSU
2105,V,5,5,H74,1,HALMA_LSU
2106,V,5,5,H74,1,HALMA_LSU
2107,V,5,5,H74,1,HALMA_LSU
2108,V,5,5,H74,1,HALMA_LSU
2109,V,5,5,H74,1,HALMA_LSU
2110,V,5,5,H74,1,HALMA_LSU
2111,V,5,5,H74,1,HALMA_LSU
2112,V,5,5,H74,1,HALMA_LSU
2113,V,5,5,H74,1,HALMA_LSU
2114,V,5,5,H74,1,HALMA_LSU
2115,V,5,5,H74,1,HALMA_LSU
2116,V,5,5,H75,2,HALMA_LSU
2117,V,5,5,H75,2,HALMA_LSU
2118,V,5,5,H75,2,HALMA_LSU
2119,V,5,5,H75,2,HALMA_LSU
2120,V,5,5,H75,2,HALMA_LSU
2121,V,5,5,H75,2,HALMA_LSU
2122,V,5,5,H75,2,HALMA_LSU
2123,V,5,5,H75,2,HALMA_LSU
2124,V,5,5,H75,2,HALMA_LSU
2125,V,5,5,H75,2,HALMA_LSU
2126,V,5,5,H75,2,HALMA_LSU
2127,V,5,5,H75,2,HALMA_LSU
2128,V,5,5,H75,2,HALMA_LSU
2129,V,5,5,H75,2,HALMA_LSU
2130,V,5,5,H75,2,HALMA_LSU
2131,V,5,5,H75,2,HALMA_LSU
2132,V,5,5,H75,2,HALMA_LSU
2133,V,5,5,H75,2,HALMA_LSU
2134,V,5,5,H76,3,HALMA_LSU
2135,V,5,5,H76,3,HALMA_LSU
2136,V,5,5,H76,3,HALMA_LSU
2137,V,5,5,H76,3,HALMA_LSU
2138,V,5,5,H76,3,HALMA_LSU
2139,V,5,5,H76,3,HALMA_LSU
2140,V,5,5,H76,3,HALMA_LSU
2141,V,5,5,H76,3,HALMA_LSU
2142,V,5,5,H76,3,HALMA_LSU
2143,V,5,5,H76,3,HALMA_LSU
2144,V,5,5,H76,3,HALMA_LSU
2145,V,5,5,H76,3,HALMA_LSU
2146,V,5,5,H76,3,HALMA_LSU
2147,V,5,5,H76,3,HALMA_LSU
2148,V,5,5,H76,3,HALMA_LSU
2149,V,5,5,H76,3,HALMA_LSU
2150,V,5,5,H76,3,HALMA_LSU
2151,V,5,5,H76,3,HALMA_LSU
2152,V,5,5,H76,3,HALMA_LSU
2153,V,5,5,H76,3,HALMA_LSU
2154,V,5,5,H76,3,HALMA_LSU
2155,V,5,5,H76,3,HALMA_LSU
2156,V,5,5,H77,4,HALMA_LSU
2157,V,5,5,H77,4,HALMA_LSU
2158,V,5,5,H77,4,HALMA_LSU
2159,V,5,5,H77,4,HALMA_LSU
2160,V,5,5,H77,4,HALMA_LSU
2161,V,5,5,H77,4,HALMA_LSU
2162,V,5,5,H77,4,HALMA_LSU
2163,V,5,5,H77,4,HALMA_LSU
2164,V,5,5,H77,4,HALMA_LSU
2165,V,5,5,H77,4,HALMA_LSU
2166,V,5,5,H77,4,HALMA_LSU
2167,V,5,5,H77,4,HALMA_LSU
2168,V,5,5,H78,1,HALMA_LSU
2169,V,5,5,H78,1,HALMA_LSU
2170,V,5,5,H78,1,HALMA_LSU
2171,V,5,5,H78,1,HALMA_LSU
2172,V,5,5,H78,1,HALMA_LSU
2173,V,5,5,H78,1,HALMA_LSU
2174,V,5,5,H78,1,HALMA_LSU
2175,V,5,5,H78,1,HALMA_LSU
2176,V,5,5,H78,1,HALMA_LSU
2177,V,5,5,H78,1,HALMA_LSU
2178,V,5,5,H78,1,HALMA_LSU
2179,V,5,5,H78,1,HALMA_LSU
2180,V,5,5,H78,1,HALMA_LSU
2181,V,5,5,H78,1,HALMA_LSU
2182,V,5,5,H78,1,HALMA_LSU
2183,V,5,5,H78,1,HALMA_LSU
2184,V,5,5,H78,1,HALMA_LSU
2185,V,5,5,H78,1,HALMA_LSU
2186,V,5,5,H78,1,HALMA_LSU
2187,V,5,5,H78,1,HALMA_LSU
2188,V,5,5,H78,1,HALMA_LSU
2189,V,5,5,H78,1,HALMA_LSU
2190,V,5,5,H78,1,HALMA_LSU
2191,V,5,5,H78,1,HALMA_LSU
2192,V,5,5,H78,1,HALMA_LSU
2193,V,5,5,H78,1,HALMA_LSU
2194,V,5,5,H78,1,HALMA_LSU
2195,V,5,5,H78,1,HALMA_LSU
2196,V,5,5,H78,1,HALMA_LSU
2197,V,5,5,H78,1,HALMA_LSU
2198,V,5,5,H78,1,HALMA_LSU
2199,V,5,5,H78,1,HALMA_LSU
2200,V,5,5,H78,1,HALMA_LSU
2201,V,5,5,H78,1,HALMA_LSU
2202,V,5,5,H78,1,HALMA_LSU
2203,V,5,5,H78,1,HALMA_LSU
2204,V,5,5,H78,1,HALMA_LSU
2205,V,5,5,H78,1,HALMA_LSU
2206,V,5,5,H78,1,HALMA_LSU
2207,V,5,5,H78,1,HALMA_LSU
2208,V,5,5,H78,1,HALMA_LSU
2209,V,5,5,H78,1,HALMA_LSU
2210,V,5,5,H78,1,HALMA_LSU
2211,V,5,5,H78,1,HALMA_LSU
2212,V,5,5,H78,1,HALMA_LSU
2213,V,5,5,H78,1,HALMA_LSU
2214,V,5,5,H77,4,HALMA_LSU
2215,V,5,5,H77,4,HALMA_LSU
2216,V,5,5,H77,4,HALMA_LSU
2217,V,5,5,H77,4,HALMA_LSU
2218,V,5,5,H77,4,HALMA_LSU
2219,V,5,5,H77,4,HALMA_LSU
2220,V,5,5,H77,4,HALMA_LSU
2221,V,5,5,H77,4,HALMA_LSU
2222,V,5,5,H77,4,HALMA_LSU
2223,V,5,5,H77,4,HALMA_LSU
2224,V,5,5,H76,3,HALMA_LSU
2225,V,5,5,H76,3,HALMA_LSU
2226,V,5,5,H76,3,HALMA_LSU
2227,V,5,5,H76,3,HALMA_LSU
2228,V,5,5,H76,3,HALMA_LSU
2229,V,5,5,H76,3,HALMA_LSU
2230,V,5,5,H76,3,HALMA_LSU
2231,V,5,5,H76,3,HALMA_LSU
2232,V,5,5,H76,3,HALMA_LSU
2233,V,5,5,H76,3,HALMA_LSU
2234,V,5,5,H76,3,HALMA_LSU
2235,V,5,5,H76,3,HALMA_LSU
2236,V,5,5,H76,3,HALMA_LSU
2237,V,5,5,H76,3,HALMA_LSU
2238,V,5,5,H76,3,HALMA_LSU
2239,V,5,5,H76,3,HALMA_LSU
2240,V,5,5,H76,3,HALMA_LSU
2241,V,5,5,H76,3,HALMA_LSU
2242,V,5,5,H79,1,HALMA_LSU
2243,V,5,5,H79,1,HALMA_LSU
2244,V,5,5,H79,1,HALMA_LSU
2245,V,5,5,H79,1,HALMA_LSU
2246,V,5,5,H79,1,HALMA_LSU
2247,V,5,5,H79,1,HALMA_LSU
2248,V,5,5,H79,1,HALMA_LSU
2249,V,5,5,H79,1,HALMA_LSU
2250,V,5,5,H79,1,HALMA_LSU
2251,V,5,5,H79,1,HALMA_LSU
2252,V,5,5,H79,1,HALMA_LSU
2253,V,5,5,H79,1,HALMA_LSU
2254,V,5,5,H79,1,HALMA_LSU
2255,V,5,5,H79,1,HALMA_LSU
2256,V,5,5,H79,1,HALMA_LSU
2257,V,5,5,H79,1,HALMA_LSU
2258,V,5,5,H79,1,HALMA_LSU
2259,V,5,5,H75,2,HALMA_LSU
2260,V,5,5,H75,2,HALMA_LSU
2261,V,5,5,H75,2,HALMA_LSU
2262,V,5,5,H75,2,HALMA_LSU
2263,V,5,5,H75,2,HALMA_LSU
2264,V,5,5,H75,2,HALMA_LSU
2265,V,5,5,H75,2,HALMA_LSU
2266,V,5,5,H75,2,HALMA_LSU
2267,V,5,5,H75,2,HALMA_LSU
2268,V,5,5,H75,2,HALMA_LSU
2269,V,5,5,H75,2,HALMA_LSU
2270,V,5,5,H75,2,HALMA_LSU
2271,V,5,5,H75,2,HALMA_LSU
2272,V,5,5,H75,2,HALMA_LSU
2273,V,5,5,H75,2,HALMA_LSU
2274,V,5,5,H75,2,HALMA_LSU
2275,V,5,5,H75,2,HALMA_LSU
2276,V,5,5,H75,2,HALMA_LSU
2277,V,5,5,H75,2,HALMA_LSU
2278,V,5,5,H75,2,HALMA_LSU
2279,V,5,5,H80,3,HALMA_LSU
2280,V,5,5,H80,3,HALMA_LSU
2281,V,5,5,H80,3,HALMA_LSU
2282,V,5,5,H80,3,HALMA_LSU
2283,V,5,5,H80,3,HALMA_LSU
2284,V,5,5,H80,3,HALMA_LSU
2285,V,5,5,H80,3,HALMA_LSU
2286,V,5,5,H80,3,HALMA_LSU
2287,V,5,5,H80,3,HALMA_LSU
2288,V,5,5,H80,3,HALMA_LSU
2289,V,5,5,H80,3,HALMA_LSU
2290,V,5,5,H80,3,HALMA_LSU
2291,V,5,5,H80,3,HALMA_LSU
2292,V,5,5,H80,3,HALMA_LSU
2293,V,5,5,H81,4,HALMA_LSU
2294,V,5,5,H81,4,HALMA_LSU
2295,V,5,5,H81,4,HALMA_LSU
2296,V,5,5,H81,4,HALMA_LSU
2297,V,5,5,H81,4,HALMA_LSU
2298,V,5,5,H81,4,HALMA_LSU
2299,V,5,5,H81,4,HALMA_LSU
2300,V,5,5,H81,4,HALMA_LSU
2301,V,5,5,H81,4,HALMA_LSU
2302,V,5,5,H81,4,HALMA_LSU
2303,V,5,5,H81,4,HALMA_LSU
2304,V,5,5,H81,4,HALMA_LSU
2305,V,5,5,H81,4,HALMA_LSU
2306,V,5,5,H81,4,HALMA_LSU
2307,V,5,5,H81,4,HALMA_LSU
2308,V,5,5,H81,4,HALMA_LSU
2309,V,5,5,H81,4,HALMA_LSU
2310,V,5,5,H81,4,HALMA_LSU
2311,V,5,5,H81,4,HALMA_LSU
2312,V,5,5,H81,4,HALMA_LSU
2313,V,5,5,H81,4,HALMA_LSU
2314,V,5,5,H81,4,HALMA_LSU
2315,V,5,5,H81,4,HALMA_LSU
2316,V,5,5,H82,1,HALMA_LSU
2317,V,5,5,H82,1,HALMA_LSU
2318,V,5,5,H82,1,HALMA_LSU
2319,V,5,5,H82,1,HALMA_LSU
2320,V,5,5,H82,1,HALMA_LSU
2321,V,5,5,H83,2,HALMA_LSU
2322,V,5,5,H83,2,HALMA_LSU
2323,V,5,5,H83,2,HALMA_LSU
2324,V,5,5,H83,2,HALMA_LSU
2325,V,5,5,H83,2,HALMA_LSU
2326,V,5,5,H83,2,HALMA_LSU
2327,V,5,5,H83,2,HALMA_LSU
2328,V,5,5,H83,2,HALMA_LSU
2329,V,5,5,H83,2,HALMA_LSU
2330,V,5,5,H83,2,HALMA_LSU
2331,V,5,5,H84,3,HALMA_LSU
2332,V,5,5,H84,3,HALMA_LSU
2333,V,5,5,H84,3,HALMA_LSU
2334,V,5,5,H84,3,HALMA_LSU
2335,V,5,5,H84,3,HALMA_LSU
2336,V,5,5,H84,3,HALMA_LSU
2337,V,5,5,H84,3,HALMA_LSU
2338,V,5,5,H84,3,HALMA_LSU
2339,V,5,5,H84,3,HALMA_LSU
2340,V,5,5,H84,3,HALMA_LSU
2341,V,5,5,H84,3,HALMA_LSU
2342,V,5,5,H84,3,HALMA_LSU
2343,V,5,5,H84,3,HALMA_LSU
2344,V,5,5,H84,3,HALMA_LSU
2345,V,5,5,H84,3,HALMA_LSU
2346,V,5,5,H84,3,HALMA_LSU
2347,V,5,5,H84,3,HALMA_LSU
2348,V,5,5,H84,3,HALMA_LSU
2349,V,5,5,H84,3,HALMA_LSU
2350,V,5,5,H84,3,HALMA_LSU
2351,V,5,5,H84,3,HALMA_LSU
2352,V,5,5,H84,3,HALMA_LSU
2353,V,5,5,H84,3,HALMA_LSU
2354,V,5,5,H84,3,HALMA_LSU
2355,V,5,5,H84,3,HALMA_LSU
2356,V,5,5,H85,4,HALMA_LSU
2357,V,5,5,H85,4,HALMA_LSU
2358,V,5,5,H85,4,HALMA_LSU
2359,V,5,5,H85,4,HALMA_LSU
2360,V,5,5,H85,4,HALMA_LSU
2361,V,5,5,H85,4,HALMA_LSU
2362,V,5,5,H85,4,HALMA_LSU
2363,V,5,5,H85,4,HALMA_LSU
2364,V,5,5,H85,4,HALMA_LSU
2365,V,5,5,H85,4,HALMA_LSU
2366,V,5,5,H85,4,HALMA_LSU
2367,V,5,5,H85,4,HALMA_LSU
2368,V,5,5,H85,4,HALMA_LSU
2369,V,5,5,H83,2,HALMA_LSU
2370,V,5,5,H83,2,HALMA_LSU
2371,V,5,5,H83,2,HALMA_LSU
2372,V,5,5,H83,2,HALMA_LSU
2373,V,5,5,H83,2,HALMA_LSU
2374,V,5,5,H83,2,HALMA_LSU
2375,V,5,5,H83,2,HALMA_LSU
2376,V,5,5,H83,2,HALMA_LSU
2377,V,5,5,H83,2,HALMA_LSU
2378,V,5,5,H83,2,HALMA_LSU
2379,V,5,5,H86,1,HALMA_LSU
2380,V,5,5,H86,1,HALMA_LSU
2381,V,5,5,H86,1,HALMA_LSU
2382,V,5,5,H86,1,HALMA_LSU
2383,V,5,5,H86,1,HALMA_LSU
2384,V,5,5,H86,1,HALMA_LSU
2385,V,5,5,H86,1,HALMA_LSU
2386,V,5,5,H86,1,HALMA_LSU
2387,V,5,5,H86,1,HALMA_LSU
2388,V,5,5,H86,1,HALMA_LSU
2389,V,5,5,H86,1,HALMA_LSU
2390,V,5,5,H86,1,HALMA_LSU
2391,V,5,5,H86,1,HALMA_LSU
2392,V,5,5,H86,1,HALMA_LSU
2393,V,5,5,H86,1,HALMA_LSU
2394,V,5,5,H86,1,HALMA_LSU
2395,V,5,5,H86,1,HALMA_LSU
2396,V,5,5,H86,1,HALMA_LSU
2397,V,5,5,H86,1,HALMA_LSU
2398,V,5,5,H86,1,HALMA_LSU
2399,V,5,5,H86,1,HALMA_LSU
2400,V,5,5,H86,1,HALMA_LSU
2401,V,5,5,H86,1,HALMA_LSU
2402,V,5,5,H86,1,HALMA_LSU
2403,V,5,5,H86,1,HALMA_LSU
2404,V,5,5,H86,1,HALMA_LSU
2405,V,5,5,H86,1,HALMA_LSU
2406,V,5,5,H86,1,HALMA_LSU
2407,V,5,5,H86,1,HALMA_LSU
2408,V,5,5,H86,1,HALMA_LSU
2409,V,5,5,H87,4,HALMA_LSU
2410,V,5,5,H87,4,HALMA_LSU
2411,V,5,5,H87,4,HALMA_LSU
2412,V,5,5,H87,4,HALMA_LSU
2413,V,5,5,H87,4,HALMA_LSU
2414,V,5,5,H87,4,HALMA_LSU
2415,V,5,5,H87,4,HALMA_LSU
2416,V,5,5,H87,4,HALMA_LSU
2417,V,5,5,H87,4,HALMA_LSU
2418,V,5,5,H87,4,HALMA_LSU
2419,V,5,5,H82,1,HALMA_LSU
2420,V,5,5,H82,1,HALMA_LSU
2421,V,5,5,H82,1,HALMA_LSU
2422,V,5,5,H82,1,HALMA_LSU
2423,V,5,5,H82,1,HALMA_LSU
2424,V,5,5,H82,1,HALMA_LSU
2425,V,5,5,H82,1,HALMA_LSU
2426,V,5,5,H82,1,HALMA_LSU
2427,V,5,5,H82,1,HALMA_LSU
2428,V,5,5,H88,2,HALMA_LSU
2429,V,5,5,H88,2,HALMA_LSU
2430,V,5,5,H88,2,HALMA_LSU
2431,V,5,5,H88,2,HALMA_LSU
2432,V,5,5,H88,2,HALMA_LSU
2433,V,5,5,H88,2,HALMA_LSU
2434,V,5,5,H88,2,HALMA_LSU
2435,V,5,5,H88,2,HALMA_LSU
2436,V,5,5,H88,2,HALMA_LSU
2437,V,5,5,H88,2,HALMA_LSU
2438,V,5,5,H88,2,HALMA_LSU
2439,V,5,5,H88,2,HALMA_LSU
2440,V,5,5,H88,2,HALMA_LSU
2441,V,5,5,H88,2,HALMA_LSU
2442,V,5,5,H88,2,HALMA_LSU
2443,V,5,5,H88,2,HALMA_LSU
2444,V,5,5,H88,2,HALMA_LSU
2445,V,5,5,H88,2,HALMA_LSU
2446,V,5,5,H88,2,HALMA_LSU
2447,V,5,5,H88,2,HALMA_LSU
2448,V,5,5,H88,2,HALMA_LSU
2449,V,5,5,H88,2,HALMA_LSU
2450,V,5,5,H88,2,HALMA_LSU
2451,V,5,5,H88,2,HALMA_LSU
2452,V,5,5,H88,2,HALMA_LSU
2453,V,5,5,H88,2,HALMA_LSU
2454,V,5,5,H88,2,HALMA_LSU
2455,V,5,5,H88,2,HALMA_LSU
2456,V,5,5,H88,2,HALMA_LSU
2457,V,5,5,H88,2,HALMA_LSU
2458,V,5,5,H88,2,HALMA_LSU
2459,V,5,5,H88,2,HALMA_LSU
2460,V,5,5,H88,2,HALMA_LSU
2461,V,5,5,H88,2,HALMA_LSU
2462,V,5,5,H88,2,HALMA_LSU
2463,V,5,5,H88,2,HALMA_LSU
2464,V,5,5,H88,2,HALMA_LSU
2465,V,5,5,H88,2,HALMA_LSU
2466,V,5,5,H88,2,HALMA_LSU
2467,V,5,5,H74,1,HALMA_LSU
2468,V,5,5,H74,1,HALMA_LSU
2469,V,5,5,H74,1,HALMA_LSU
2470,V,5,5,H74,1,HALMA_LSU
2471,V,5,5,H74,1,HALMA_LSU
2472,V,5,5,H74,1,HALMA_LSU
2473,V,5,5,H74,1,HALMA_LSU
2474,V,5,5,H74,1,HALMA_LSU
2475,V,5,5,H74,1,HALMA_LSU
2476,V,5,5,H74,1,HALMA_LSU
2477,V,5,5,H74,1,HALMA_LSU
2478,V,5,5,H74,1,HALMA_LSU
2479,V,5,5,H74,1,HALMA_LSU
2480,V,5,5,H74,1,HALMA_LSU
2481,V,5,5,H74,1,HALMA_LSU
2482,V,5,5,H74,1,HALMA_LSU
2483,V,5,5,H74,1,HALMA_LSU
2484,V,5,5,H74,1,HALMA_LSU
2485,V,5,5,H74,1,HALMA_LSU
2486,V,5,5,H74,1,HALMA_LSU
2487,V,5,5,H89,4,HALMA_LSU
2488,V,5,5,H89,4,HALMA_LSU
2489,V,5,5,H89,4,HALMA_LSU
2490,V,5,5,H89,4,HALMA_LSU
2491,V,5,5,H89,4,HALMA_LSU
2492,V,5,5,H89,4,HALMA_LSU
2493,V,5,5,H89,4,HALMA_LSU
2494,V,5,5,H89,4,HALMA_LSU
2495,V,5,5,H89,4,HALMA_LSU
2496,V,5,5,H89,4,HALMA_LSU
2497,V,5,5,H89,4,HALMA_LSU
2498,V,5,5,H89,4,HALMA_LSU
2499,V,5,5,H89,4,HALMA_LSU
2500,V,5,5,H89,4,HALMA_LSU
2501,V,5,5,H89,4,HALMA_LSU
2502,V,5,5,H89,4,HALMA_LSU
2503,V,5,5,H89,4,HALMA_LSU
2504,V,5,5,H89,4,HALMA_LSU
2505,V,5,5,H89,4,HALMA_LSU
2506,V,5,5,H89,4,HALMA_LSU
2507,V,5,5,H89,4,HALMA_LSU
2508,V,5,5,H89,4,HALMA_LSU
2509,V,5,5,H89,4,HALMA_LSU
2510,V,5,5,H89,4,HALMA_LSU
2511,V,5,5,H89,4,HALMA_LSU
2512,V,5,5,H89,4,HALMA_LSU
2513,V,5,5,H89,4,HALMA_LSU
2514,V,5,5,H89,4,HALMA_LSU
2515,V,5,5,H89,4,HALMA_LSU
2516,V,5,5,H89,4,HALMA_LSU
2517,V,5,5,H89,4,HALMA_LSU
2518,V,5,5,H89,4,HALMA_LSU
2519,V,5,5,H89,4,HALMA_LSU
2520,V,5,5,H89,4,HALMA_LSU
2521,V,5,5,H89,4,HALMA_LSU
2522,V,5,5,H89,4,HALMA_LSU
2523,V,5,5,H89,4,HALMA_LSU
2524,V,5,5,H89,4,HALMA_LSU
2525,V,5,5,H89,4,HALMA_LSU
2526,V,5,5,H89,4,HALMA_LSU
2527,V,5,5,H89,4,HALMA_LSU
2528,V,5,5,H89,4,HALMA_LSU
2529,V,5,5,H89,4,HALMA_LSU
2530,V,5,5,H89,4,HALMA_LSU
2531,V,5,5,H89,4,HALMA_LSU
2532,V,5,5,H89,4,HALMA_LSU
2533,V,5,5,H89,4,HALMA_LSU
2534,V,5,5,H89,4,HALMA_LSU
2535,V,5,5,H89,4,HALMA_LSU
2536,V,5,5,H90,1,HALMA_LSU
2537,V,5,5,H90,1,HALMA_LSU
2538,V,5,5,H90,1,HALMA_LSU
2539,V,5,5,H90,1,HALMA_LSU
2540,V,5,5,H90,1,HALMA_LSU
2541,V,5,5,H90,1,HALMA_LSU
2542,V,5,5,H90,1,HALMA_LSU
2543,V,5,5,H90,1,HALMA_LSU
2544,V,5,5,H90,1,HALMA_LSU
2545,V,5,5,H90,1,HALMA_LSU
2546,V,5,5,H90,1,HALMA_LSU
2547,V,5,5,H90,1,HALMA_LSU
2548,V,5,5,H90,1,HALMA_LSU
2549,V,5,5,H90,1,HALMA_LSU
2550,V,5,5,H90,1,HALMA_LSU
2551,V,5,5,H90,1,HALMA_LSU
2552,V,5,5,H90,1,HALMA_LSU
2553,V,5,5,H91,3,HALMA_LSU
2554,V,5,5,H91,3,HALMA_LSU
2555,V,5,5,H91,3,HALMA_LSU
2556,V,5,5,H91,3,HALMA_LSU
2557,V,5,5,H91,3,HALMA_LSU
2558,V,5,5,H91,3,HALMA_LSU
2559,V,5,5,H91,3,HALMA_LSU
2560,V,5,5,H91,3,HALMA_LSU
2561,V,5,5,H91,3,HALMA_LSU
2562,V,5,5,H91,3,HALMA_LSU
2563,V,5,5,H91,3,HALMA_LSU
2564,V,5,5,H91,3,HALMA_LSU
2565,V,5,5,H91,3,HALMA_LSU
2566,V,5,5,H91,3,HALMA_LSU
2567,V,5,5,H91,3,HALMA_LSU
2568,V,5,5,H91,3,HALMA_LSU
2569,V,5,5,H91,3,HALMA_LSU
2570,V,5,5,H91,3,HALMA_LSU
2571,V,5,5,H91,3,HALMA_LSU
2572,V,5,5,H91,3,HALMA_LSU
2573,V,5,5,H91,3,HALMA_LSU
2574,V,5,5,H91,3,HALMA_LSU
2575,V,5,5,H91,3,HALMA_LSU
2576,V,5,5,H91,3,HALMA_LSU
2577,V,5,5,H91,3,HALMA_LSU
2578,V,5,5,H91,3,HALMA_LSU
2579,V,5,5,H91,3,HALMA_LSU
2580,V,5,5,H91,3,HALMA_LSU
2581,V,5,5,H91,3,HALMA_LSU
2582,V,5,5,H92,2,HALMA_LSU
2583,V,5,5,H92,2,HALMA_LSU
2584,V,5,5,H92,2,HALMA_LSU
2585,V,5,5,H92,2,HALMA_LSU
2586,V,5,5,H92,2,HALMA_LSU
2587,V,5,5,H92,2,HALMA_LSU
2588,V,5,5,H92,2,HALMA_LSU
2589,V,5,5,H92,2,HALMA_LSU
2590,V,5,5,H92,2,HALMA_LSU
2591,V,5,5,H92,2,HALMA_LSU
2592,V,5,5,H92,2,HALMA_LSU
2593,V,5,5,H92,2,HALMA_LSU
2594,V,5,5,H92,2,HALMA_LSU
2595,V,5,5,H92,2,HALMA_LSU
2596,V,5,5,H92,2,HALMA_LSU
2597,V,5,5,H92a,4,HALMA_LSU
2598,V,5,5,H92a,4,HALMA_LSU
2599,V,5,5,H92a,4,HALMA_LSU
2600,V,5,5,H92a,4,HALMA_LSU
2601,V,5,5,H92a,4,HALMA_LSU
2602,V,5,5,H90,1,HALMA_LSU
2603,V,5,5,H90,1,HALMA_LSU
2604,V,5,5,H90,1,HALMA_LSU
2605,V,5,5,H90,1,HALMA_LSU
2606,V,5,5,H90,1,HALMA_LSU
2607,V,5,5,H90,1,HALMA_LSU
2608,V,5,5,H90,1,HALMA_LSU
2609,V,5,5,H90,1,HALMA_LSU
2610,V,5,5,H90,1,HALMA_LSU
2611,V,5,5,H90,1,HALMA_LSU
2612,V,5,5,H90,1,HALMA_LSU
2613,V,5,5,H90,1,HALMA_LSU
2614,V,5,5,H90,1,HALMA_LSU
2615,V,5,5,H90,1,HALMA_LSU
2616,V,5,5,H90,1,HALMA_LSU
2617,V,5,5,H90,1,HALMA_LSU
2618,V,5,5,H90,1,HALMA_LSU
2619,V,5,5,H90,1,HALMA_LSU
2620,V,5,5,H90,1,HALMA_LSU
2621,V,5,5,H90,1,HALMA_LSU
2622,V,5,5,H93,3,HALMA_LSU
2623,V,5,5,H93,3,HALMA_LSU
2624,V,5,5,H93,3,HALMA_LSU
2625,V,5,5,H93,3,HALMA_LSU
2626,V,5,5,H93,3,HALMA_LSU
2627,V,5,5,H93,3,HALMA_LSU
2628,V,5,5,H93,3,HALMA_LSU
2629,V,5,5,H93,3,HALMA_LSU
2630,V,5,5,H93,3,HALMA_LSU
2631,V,5,5,H93,3,HALMA_LSU
2632,V,5,5,H93,3,HALMA_LSU
2633,V,5,5,H93,3,HALMA_LSU
2634,V,5,5,H93,3,HALMA_LSU
2635,V,5,5,H93,3,HALMA_LSU
2636,V,5,5,H93,3,HALMA_LSU
2637,V,5,5,H93,3,HALMA_LSU
2638,V,5,5,H93,3,HALMA_LSU
2639,V,5,5,H93,3,HALMA_LSU
2640,V,5,5,H93,3,HALMA_LSU
2641,V,5,5,H93,3,HALMA_LSU
2642,V,5,5,H93,3,HALMA_LSU
2643,V,5,5,H93,3,HALMA_LSU
2644,V,5,5,H93,3,HALMA_LSU
2645,V,5,5,H93,3,HALMA_LSU
2646,0,0,0,H73,4,HALMA_LSU
2647,0,0,0,H73,4,HALMA_LSU
2648,0,0,0,H73,4,HALMA_LSU
2649,0,0,0,H73,4,HALMA_LSU
2650,0,0,0,H73,4,HALMA_LSU
2651,0,0,0,H73,4,HALMA_LSU
2652,0,0,0,H73,4,HALMA_LSU
2653,0,0,0,H73,4,HALMA_LSU
2654,0,0,0,H73,4,HALMA_LSU
2655,0,0,0,H73,4,HALMA_LSU
2656,0,0,0,H73,4,HALMA_LSU
2657,0,0,0,H73,4,HALMA_LSU
2658,0,0,0,H73,4,HALMA_LSU
2659,0,0,0,H73,4,HALMA_LSU
2660,0,0,0,H73,4,HALMA_LSU
2661,VI,6,6,H94,1,HALMA_LSU
2662,VI,6,6,H94,1,HALMA_LSU
2663,VI,6,6,H94,1,HALMA_LSU
2664,VI,6,6,H94,1,HALMA_LSU
2665,VI,6,6,H94,1,HALMA_LSU
2666,VI,6,6,H94,1,HALMA_LSU
2667,VI,6,6,H94,1,HALMA_LSU
2668,VI,6,6,H94,1,HALMA_LSU
2669,VI,6,6,H94,1,HALMA_LSU
2670,VI,6,6,H94,1,HALMA_LSU
2671,VI,6,6,H94,1,HALMA_LSU
2672,VI,6,6,H94,1,HALMA_LSU
2673,VI,6,6,H94,1,HALMA_LSU
2674,VI,6,6,H94,1,HALMA_LSU
2675,VI,6,6,H94,1,HALMA_LSU
2676,VI,6,6,H94,1,HALMA_LSU
2677,VI,6,6,H94,1,HALMA_LSU
2678,VI,6,6,H94,1,HALMA_LSU
2679,VI,6,6,H94,1,HALMA_LSU
2680,VI,6,6,H95,3,HALMA_LSU
2681,VI,6,6,H95,3,HALMA_LSU
2682,VI,6,6,H95,3,HALMA_LSU
2683,VI,6,6,H95,3,HALMA_LSU
2684,VI,6,6,H95,3,HALMA_LSU
2685,VI,6,6,H95,3,HALMA_LSU
2686,VI,6,6,H95,3,HALMA_LSU
2687,VI,6,6,H95,3,HALMA_LSU
2688,VI,6,6,H95,3,HALMA_LSU
2689,VI,6,6,H95,3,HALMA_LSU
2690,VI,6,6,H95,3,HALMA_LSU
2691,VI,6,6,H95,3,HALMA_LSU
2692,VI,6,6,H95,3,HALMA_LSU
2693,VI,6,6,H95,3,HALMA_LSU
2694,VI,6,6,H95,3,HALMA_LSU
2695,VI,6,6,H95,3,HALMA_LSU
2696,VI,6,6,H95,3,HALMA_LSU
2697,VI,6,6,H95,3,HALMA_LSU
2698,VI,6,6,H95,3,HALMA_LSU
2699,VI,6,6,H95,3,HALMA_LSU
2700,VI,6,6,H95,3,HALMA_LSU
2701,VI,6,6,H95,3,HALMA_LSU
2702,VI,6,6,H95,3,HALMA_LSU
2703,VI,6,6,H95,3,HALMA_LSU
2704,VI,6,6,H95,3,HALMA_LSU
2705,VI,6,6,H95,3,HALMA_LSU
2706,VI,6,6,H95,3,HALMA_LSU
2707,VI,6,6,H95,3,HALMA_LSU
2708,VI,6,6,H95,3,HALMA_LSU
2709,VI,6,6,H95,3,HALMA_LSU
2710,VI,6,6,H95,3,HALMA_LSU
2711,VI,6,6,H95,3,HALMA_LSU
2712,VI,6,6,H95,3,HALMA_LSU
2713,VI,6,6,H96,4,HALMA_LSU
2714,VI,6,6,H96,4,HALMA_LSU
2715,VI,6,6,H96,4,HALMA_LSU
2716,VI,6,6,H96,4,HALMA_LSU
2717,VI,6,6,H96,4,HALMA_LSU
2718,VI,6,6,H96,4,HALMA_LSU
2719,VI,6,6,H96,4,HALMA_LSU
2720,VI,6,6,H96,4,HALMA_LSU
2721,VI,6,6,H96,4,HALMA_LSU
2722,VI,6,6,H96,4,HALMA_LSU
2723,VI,6,6,H96,4,HALMA_LSU
2724,VI,6,6,H96,4,HALMA_LSU
2725,VI,6,6,H96,4,HALMA_LSU
2726,VI,6,6,H96,4,HALMA_LSU
2727,VI,6,6,H96,4,HALMA_LSU
2728,VI,6,6,H96,4,HALMA_LSU
2729,VI,6,6,H96,4,HALMA_LSU
2730,VI,6,6,H96,4,HALMA_LSU
2731,VI,6,6,H96,4,HALMA_LSU
2732,VI,6,6,H96,4,HALMA_LSU
2733,VI,6,6,H96,4,HALMA_LSU
2734,VI,6,6,H96,4,HALMA_LSU
2735,VI,6,6,H96,4,HALMA_LSU
2736,VI,6,6,H96,4,HALMA_LSU
2737,VI,6,6,H96,4,HALMA_LSU
2738,VI,6,6,H96,4,HALMA_LSU
2739,VI,6,6,H96,4,HALMA_LSU
2740,VI,6,6,H96,4,HALMA_LSU
2741,VI,6,6,H96,4,HALMA_LSU
2742,VI,6,6,H96,4,HALMA_LSU
2743,VI,6,6,H96,4,HALMA_LSU
2744,VI,6,6,H96,4,HALMA_LSU
2745,VI,6,6,H96,4,HALMA_LSU
2746,VI,6,6,H96,4,HALMA_LSU
2747,VI,6,6,H96,4,HALMA_LSU
2748,VI,6,6,H96,4,HALMA_LSU
2749,VI,6,6,H96,4,HALMA_LSU
2750,VI,6,6,H96,4,HALMA_LSU
2751,VI,6,6,H96,4,HALMA_LSU
2752,VI,6,6,H96,4,HALMA_LSU
2753,VI,6,6,H96,4,HALMA_LSU
2754,VI,6,6,H96,4,HALMA_LSU
2755,VI,6,6,H96,4,HALMA_LSU
2756,VI,6,6,H96,4,HALMA_LSU
2757,VI,6,6,H96,4,HALMA_LSU
2758,VI,6,6,H96,4,HALMA_LSU
2759,VI,6,6,H96,4,HALMA_LSU
2760,VI,6,6,H96,4,HALMA_LSU
2761,VI,6,6,H96,4,HALMA_LSU
2762,VI,6,6,H96,4,HALMA_LSU
2763,VI,6,6,H96,4,HALMA_LSU
2764,VI,6,6,H96,4,HALMA_LSU
2765,VI,6,6,H96,4,HALMA_LSU
2766,VI,6,6,H96,4,HALMA_LSU
2767,VI,6,6,H96,4,HALMA_LSU
2768,VI,6,6,H97,2,HALMA_LSU
2769,VI,6,6,H97,2,HALMA_LSU
2770,VI,6,6,H97,2,HALMA_LSU
2771,VI,6,6,H97,2,HALMA_LSU
2772,VI,6,6,H97,2,HALMA_LSU
2773,VI,6,6,H97,2,HALMA_LSU
2774,VI,6,6,H97,2,HALMA_LSU
2775,VI,6,6,H97,2,HALMA_LSU
2776,VI,6,6,H97,2,HALMA_LSU
2777,VI,6,6,H97,2,HALMA_LSU
2778,VI,6,6,H97,2,HALMA_LSU
2779,VI,6,6,H97,2,HALMA_LSU
2780,VI,6,6,H97,2,HALMA_LSU
2781,VI,6,6,H97,2,HALMA_LSU
2782,VI,6,6,H97,2,HALMA_LSU
2783,VI,6,6,H97,2,HALMA_LSU
2784,VI,6,6,H97,2,HALMA_LSU
2785,VI,6,6,H97,2,HALMA_LSU
2786,VI,6,6,H97,2,HALMA_LSU
2787,VI,6,6,H97,2,HALMA_LSU
2788,VI,6,6,H97,2,HALMA_LSU
2789,VI,6,6,H97,2,HALMA_LSU
2790,VI,6,6,H97,2,HALMA_LSU
2791,VI,6,6,H97,2,HALMA_LSU
2792,VI,6,6,H97,2,HALMA_LSU
2793,VI,6,6,H97,2,HALMA_LSU
2794,VI,6,6,H97,2,HALMA_LSU
2795,VI,6,6,H97,2,HALMA_LSU
2796,VI,6,6,H97,2,HALMA_LSU
2797,VI,6,6,H97,2,HALMA_LSU
2798,VI,6,6,H97,2,HALMA_LSU
2799,VI,6,6,H97,2,HALMA_LSU
2800,VI,6,6,H97,2,HALMA_LSU
2801,VI,6,6,H97,2,HALMA_LSU
2802,VI,6,6,H97,2,HALMA_LSU
2803,VI,6,6,H97,2,HALMA_LSU
2804,VI,6,6,H97,2,HALMA_LSU
2805,VI,6,6,H97,2,HALMA_LSU
2806,VI,6,6,H94,1,HALMA_LSU
2807,VI,6,6,H94,1,HALMA_LSU
2808,VI,6,6,H94,1,HALMA_LSU
2809,VI,6,6,H94,1,HALMA_LSU
2810,VI,6,6,H94,1,HALMA_LSU
2811,VI,6,6,H94,1,HALMA_LSU
2812,VI,6,6,H94,1,HALMA_LSU
2813,VI,6,6,H94,1,HALMA_LSU
2814,VI,6,6,H94,1,HALMA_LSU
2815,VI,6,6,H94,1,HALMA_LSU
2816,VI,6,6,H94,1,HALMA_LSU
2817,VI,6,6,H94,1,HALMA_LSU
2818,VI,6,6,H94,1,HALMA_LSU
2819,VI,6,6,H94,1,HALMA_LSU
2820,VI,6,6,H94,1,HALMA_LSU
2821,VI,6,6,H94,1,HALMA_LSU
2822,VI,6,6,H94,1,HALMA_LSU
2823,VI,6,6,H94,1,HALMA_LSU
2824,VI,6,6,H99,2,HALMA_LSU
2825,VI,6,6,H99,2,HALMA_LSU
2826,VI,6,6,H99,2,HALMA_LSU
2827,VI,6,6,H99,2,HALMA_LSU
2828,VI,6,6,H99,2,HALMA_LSU
2829,VI,6,6,H99,2,HALMA_LSU
2830,VI,6,6,H99,2,HALMA_LSU
2831,VI,6,6,H99,2,HALMA_LSU
2832,VI,6,6,H100,4,HALMA_LSU
2833,VI,6,6,H100,4,HALMA_LSU
2834,VI,6,6,H100,4,HALMA_LSU
2835,VI,6,6,H100,4,HALMA_LSU
2836,VI,6,6,H100,4,HALMA_LSU
2837,VI,6,6,H100,4,HALMA_LSU
2838,VI,6,6,H100,4,HALMA_LSU
2839,VI,6,6,H100,4,HALMA_LSU
2840,VI,6,6,H100,4,HALMA_LSU
2841,VI,6,6,H100,4,HALMA_LSU
2842,VI,6,6,H100,4,HALMA_LSU
2843,VI,6,6,H100,4,HALMA_LSU
2844,VI,6,6,H100,4,HALMA_LSU
2845,VI,6,6,H100,4,HALMA_LSU
2846,VI,6,6,H100,4,HALMA_LSU
2847,VI,6,6,H100,4,HALMA_LSU
2848,VI,6,6,H100,4,HALMA_LSU
2849,VI,6,6,H101,3,HALMA_LSU
2850,VI,6,6,H101,3,HALMA_LSU
2851,VI,6,6,H101,3,HALMA_LSU
2852,VI,6,6,H101,3,HALMA_LSU
2853,VI,6,6,H101,3,HALMA_LSU
2854,VI,6,6,H101,3,HALMA_LSU
2855,VI,6,6,H101,3,HALMA_LSU
2856,VI,6,6,H101,3,HALMA_LSU
2857,VI,6,6,H101,3,HALMA_LSU
2858,VI,6,6,H101,3,HALMA_LSU
2859,VI,6,6,H101,3,HALMA_LSU
2860,VI,6,6,H101,3,HALMA_LSU
2861,VI,6,6,H101,3,HALMA_LSU
2862,VI,6,6,H101,3,HALMA_LSU
2863,VI,6,6,H101,3,HALMA_LSU
2864,VI,6,6,H101,3,HALMA_LSU
2865,VI,6,6,H101,3,HALMA_LSU
2866,VI,6,6,H101,3,HALMA_LSU
2867,VI,6,6,H101,3,HALMA_LSU
2868,VI,6,6,H101,3,HALMA_LSU
2869,VI,6,6,H101,3,HALMA_LSU
2870,VI,6,6,H101,3,HALMA_LSU
2871,VI,6,6,H101,3,HALMA_LSU
2872,VI,6,6,H101,3,HALMA_LSU
2873,VI,6,6,H101,3,HALMA_LSU
2874,VI,6,6,H101,3,HALMA_LSU
2875,VI,6,6,H101,3,HALMA_LSU
2876,VI,6,6,H101,3,HALMA_LSU
2877,VI,6,6,H101,3,HALMA_LSU
2878,VI,6,6,H101,3,HALMA_LSU
2879,VI,6,6,H101,3,HALMA_LSU
2880,VI,6,6,H101,3,HALMA_LSU
2881,VI,6,6,H101,3,HALMA_LSU
2882,VI,6,6,H101,3,HALMA_LSU
2883,VI,6,6,H101,3,HALMA_LSU
2884,VI,6,6,H101,3,HALMA_LSU
2885,VI,6,6,H101,3,HALMA_LSU
2886,VI,6,6,H101,3,HALMA_LSU
2887,VI,6,6,H101,3,HALMA_LSU
2888,VI,6,6,H101,3,HALMA_LSU
2889,VI,6,6,H101,3,HALMA_LSU
2890,VI,6,6,H101,3,HALMA_LSU
2891,VI,6,6,H101,3,HALMA_LSU
2892,VI,6,6,H101,3,HALMA_LSU
2893,VI,6,6,H101,3,HALMA_LSU
2894,VI,6,6,H101,3,HALMA_LSU
2895,VI,6,6,H101,3,HALMA_LSU
2896,VI,6,6,H101,3,HALMA_LSU
2897,VI,6,6,H101,3,HALMA_LSU
2898,VI,6,6,H101,3,HALMA_LSU
2899,VI,6,6,H101,3,HALMA_LSU
2900,VI,6,6,H101,3,HALMA_LSU
2901,VI,6,6,H101,3,HALMA_LSU
2902,VI,6,6,H101,3,HALMA_LSU
2903,VI,6,6,H101,3,HALMA_LSU
2904,VI,6,6,H101,3,HALMA_LSU
2905,VI,6,6,H101,3,HALMA_LSU
2906,VI,6,6,H101,3,HALMA_LSU
2907,VI,6,6,H101,3,HALMA_LSU
2908,VI,6,6,H101,3,HALMA_LSU
2909,VI,6,6,H99,2,HALMA_LSU
2910,VI,6,6,H99,2,HALMA_LSU
2911,VI,6,6,H99,2,HALMA_LSU
2912,VI,6,6,H99,2,HALMA_LSU
2913,VI,6,6,H99,2,HALMA_LSU
2914,VI,6,6,H99,2,HALMA_LSU
2915,I,1,1,H1,1,HALMA_LSU
2916,I,1,1,H1,1,HALMA_LSU
2917,I,1,1,H1,1,HALMA_LSU
2918,I,1,1,H1,1,HALMA_LSU
2919,I,1,1,H1,1,HALMA_LSU
2920,I,1,1,H1,1,HALMA_LSU
2921,I,1,1,H1,1,HALMA_LSU
2922,I,1,1,H1,1,HALMA_LSU
2923,5S,7,7,H5S1,1,HALMA_LSU
2924,5S,7,7,H5S1,1,HALMA_LSU
2925,5S,7,7,H5S1,1,HALMA_LSU
2926,5S,7,7,H5S1,1,HALMA_LSU
2927,5S,7,7,H5S1,1,HALMA_LSU
2928,5S,7,7,H5S1,1,HALMA_LSU
2929,5S,7,7,H5S1,1,HALMA_LSU
2930,5S,7,7,H5S1,1,HALMA_LSU
2931,5S,7,7,H5S1,1,HALMA_LSU
2932,5S,7,7,H5S1,1,HALMA_LSU
2933,5S,7,7,H5S1,1,HALMA_LSU
2934,5S,7,7,H5S1,1,HALMA_LSU
2935,5S,7,7,H5S1,1,HALMA_LSU
2936,5S,7,7,H5S2,3,HALMA_LSU
2937,5S,7,7,H5S2,3,HALMA_LSU
2938,5S,7,7,H5S2,3,HALMA_LSU
2939,5S,7,7,H5S2,3,HALMA_LSU
2940,5S,7,7,H5S2,3,HALMA_LSU
2941,5S,7,7,H5S2,3,HALMA_LSU
2942,5S,7,7,H5S2,3,HALMA_LSU
2943,5S,7,7,H5S2,3,HALMA_LSU
2944,5S,7,7,H5S2,3,HALMA_LSU
2945,5S,7,7,H5S2,3,HALMA_LSU
2946,5S,7,7,H5S2,3,HALMA_LSU
2947,5S,7,7,H5S2,3,HALMA_LSU
2948,5S,7,7,H5S2,3,HALMA_LSU
2949,5S,7,7,H5S3,2,HALMA_LSU
2950,5S,7,7,H5S3,2,HALMA_LSU
2951,5S,7,7,H5S3,2,HALMA_LSU
2952,5S,7,7,H5S3,2,HALMA_LSU
2953,5S,7,7,H5S3,2,HALMA_LSU
2954,5S,7,7,H5S3,2,HALMA_LSU
2955,5S,7,7,H5S3,2,HALMA_LSU
2956,5S,7,7,H5S3,2,HALMA_LSU
2957,5S,7,7,H5S3,2,HALMA_LSU
2958,5S,7,7,H5S3,2,HALMA_LSU
2959,5S,7,7,H5S3,2,HALMA_LSU
2960,5S,7,7,H5S3,2,HALMA_LSU
2961,5S,7,7,H5S3,2,HALMA_LSU
2962,5S,7,7,H5S3,2,HALMA_LSU
2963,5S,7,7,H5S3,2,HALMA_LSU
2964,5S,7,7,H5S3,2,HALMA_LSU
2965,5S,7,7,H5S3,2,HALMA_LSU
2966,5S,7,7,H5S3,2,HALMA_LSU
2967,5S,7,7,H5S3,2,HALMA_LSU
2968,5S,7,7,H5S3,2,HALMA_LSU
2969,5S,7,7,H5S3,2,HALMA_LSU
2970,5S,7,7,H5S3,2,HALMA_LSU
2971,5S,7,7,H5S3,2,HALMA_LSU
2972,5S,7,7,H5S3,2,HALMA_LSU
2973,5S,7,7,H5S3,2,HALMA_LSU
2974,5S,7,7,H5S3,2,HALMA_LSU
2975,5S,7,7,H5S3,2,HALMA_LSU
2976,5S,7,7,H5S3,2,HALMA_LSU
2977,5S,7,7,H5S3,2,HALMA_LSU
2978,5S,7,7,H5S3,2,HALMA_LSU
2979,5S,7,7,H5S3,2,HALMA_LSU
2980,5S,7,7,H5S3,2,HALMA_LSU
2981,5S,7,7,H5S2,3,HALMA_LSU
2982,5S,7,7,H5S2,3,HALMA_LSU
2983,5S,7,7,H5S2,3,HALMA_LSU
2984,5S,7,7,H5S2,3,HALMA_LSU
2985,5S,7,7,H5S2,3,HALMA_LSU
2986,5S,7,7,H5S2,3,HALMA_LSU
2987,5S,7,7,H5S2,3,HALMA_LSU
2988,5S,7,7,H5S2,3,HALMA_LSU
2989,5S,7,7,H5S2,3,HALMA_LSU
2990,5S,7,7,H5S2,3,HALMA_LSU
2991,5S,7,7,H5S5,2,HALMA_LSU
2992,5S,7,7,H5S5,2,HALMA_LSU
2993,5S,7,7,H5S5,2,HALMA_LSU
2994,5S,7,7,H5S5,2,HALMA_LSU
2995,5S,7,7,H5S5,2,HALMA_LSU
2996,5S,7,7,H5S5,2,HALMA_LSU
2997,5S,7,7,H5S5,2,HALMA_LSU
2998,5S,7,7,H5S5,2,HALMA_LSU
2999,5S,7,7,H5S5,2,HALMA_LSU
3000,5S,7,7,H5S4,4,HALMA_LSU
3001,5S,7,7,H5S4,4,HALMA_LSU
3002,5S,7,7,H5S4,4,HALMA_LSU
3003,5S,7,7,H5S4,4,HALMA_LSU
3004,5S,7,7,H5S4,4,HALMA_LSU
3005,5S,7,7,H5S4,4,HALMA_LSU
3006,5S,7,7,H5S4,4,HALMA_LSU
3007,5S,7,7,H5S4,4,HALMA_LSU
3008,5S,7,7,H5S4,4,HALMA_LSU
3009,5S,7,7,H5S4,4,HALMA_LSU
3010,5S,7,7,H5S4,4,HALMA_LSU
3011,5S,7,7,H5S4,4,HALMA_LSU
3012,5S,7,7,H5S4,4,HALMA_LSU
3013,5S,7,7,H5S4,4,HALMA_LSU
3014,5S,7,7,H5S4,4,HALMA_LSU
3015,5S,7,7,H5S4,4,HALMA_LSU
3016,5S,7,7,H5S4,4,HALMA_LSU
3017,5S,7,7,H5S4,4,HALMA_LSU
3018,5S,7,7,H5S4,4,HALMA_LSU
3019,5S,7,7,H5S4,4,HALMA_LSU
3020,5S,7,7,H5S4,4,HALMA_LSU
3021,5S,7,7,H5S4,4,HALMA_LSU
3022,5S,7,7,H5S4,4,HALMA_LSU
3023,5S,7,7,H5S4,4,HALMA_LSU
3024,5S,7,7,H5S4,4,HALMA_LSU
3025,5S,7,7,H5S4,4,HALMA_LSU
3026,5S,7,7,H5S5,2,HALMA_LSU
3027,5S,7,7,H5S5,2,HALMA_LSU
3028,5S,7,7,H5S5,2,HALMA_LSU
3029,5S,7,7,H5S5,2,HALMA_LSU
3030,5S,7,7,H5S5,2,HALMA_LSU
3031,5S,7,7,H5S5,2,HALMA_LSU
3032,5S,7,7,H5S5,2,HALMA_LSU
3033,5S,7,7,H5S5,2,HALMA_LSU
3034,5S,7,7,H5S5,2,HALMA_LSU
3035,5S,7,7,H5S5,2,HALMA_LSU
3036,5S,7,7,H5S1,1,HALMA_LSU
3037,5S,7,7,H5S1,1,HALMA_LSU
3038,5S,7,7,H5S1,1,HALMA_LSU
3039,5S,7,7,H5S1,1,HALMA_LSU
3040,5S,7,7,H5S1,1,HALMA_LSU
3041,5S,7,7,H5S1,1,HALMA_LSU
3042,5S,7,7,H5S1,1,HALMA_LSU
3043,5S,7,7,H5S1,1,HALMA_LSU
3044,5S,7,7,H5S1,1,HALMA_LSU
